[2025-09-27 10:00:16] ALARM Node2 Disk failed
[2025-09-27 10:00:34] INFO Node1 Connection established
[2025-09-27 10:00:45] WARN Node2 High latency detected
[2025-09-27 10:01:01] ALARM Node4 Network latency critical
[2025-09-27 10:01:17] ALARM Node3 Network timeout
[2025-09-27 10:01:28] INFO Node2 Heartbeat OK
[2025-09-27 10:01:31] ALARM Node2 Network timeout
[2025-09-27 10:01:44] INFO Node3 Storage service started
[2025-09-27 10:01:55] INFO Node3 Connection established
[2025-09-27 10:02:06] WARN Node1 CPU usage high
[2025-09-27 10:02:21] ALARM Node4 Disk failed
[2025-09-27 10:02:38] ALARM Node4 Network timeout
[2025-09-27 10:02:58] WARN Node2 Disk I/O performance degraded
[2025-09-27 10:03:09] ALARM Node1 Network latency critical
[2025-09-27 10:03:28] INFO Node1 Replication successful
[2025-09-27 10:03:33] WARN Node4 Memory usage high
[2025-09-27 10:03:43] ALARM Node1 Critical data loss risk
[2025-09-27 10:03:47] WARN Node4 CPU usage high
[2025-09-27 10:03:57] WARN Node4 Network jitter observed
[2025-09-27 10:03:58] INFO Node2 Replication successful
[2025-09-27 10:04:02] ALARM Node1 Disk failed
[2025-09-27 10:04:14] ALARM Node4 Node unreachable
[2025-09-27 10:04:27] INFO Node3 Storage service started
[2025-09-27 10:04:42] WARN Node1 Memory usage high
[2025-09-27 10:04:50] WARN Node2 CPU usage high
[2025-09-27 10:05:09] WARN Node3 CPU usage high
[2025-09-27 10:05:18] WARN Node1 High latency detected
[2025-09-27 10:05:24] WARN Node4 Network jitter observed
[2025-09-27 10:05:25] WARN Node2 Memory usage high
[2025-09-27 10:05:43] INFO Node3 Replication successful
[2025-09-27 10:05:50] INFO Node3 Heartbeat OK
[2025-09-27 10:05:52] INFO Node3 Heartbeat OK
[2025-09-27 10:05:58] INFO Node3 Heartbeat OK
[2025-09-27 10:06:15] WARN Node2 CPU usage high
[2025-09-27 10:06:17] INFO Node4 Storage service started
[2025-09-27 10:06:33] ALARM Node1 Network latency critical
[2025-09-27 10:06:52] INFO Node4 Backup completed
[2025-09-27 10:07:12] INFO Node1 Heartbeat OK
[2025-09-27 10:07:23] WARN Node2 Disk I/O performance degraded
[2025-09-27 10:07:31] ALARM Node2 Disk failed
[2025-09-27 10:07:36] ALARM Node1 Network latency critical
[2025-09-27 10:07:50] ALARM Node4 Node unreachable
[2025-09-27 10:08:10] ALARM Node2 Critical data loss risk
[2025-09-27 10:08:21] INFO Node1 Replication successful
[2025-09-27 10:08:30] WARN Node2 Memory usage high
[2025-09-27 10:08:40] WARN Node2 Disk I/O performance degraded
[2025-09-27 10:08:58] WARN Node2 High latency detected
[2025-09-27 10:09:00] ALARM Node1 Disk failed
[2025-09-27 10:09:19] ALARM Node2 Node unreachable
[2025-09-27 10:09:26] WARN Node2 Network jitter observed
[2025-09-27 10:09:27] WARN Node2 High latency detected
[2025-09-27 10:09:31] ALARM Node2 Network latency critical
[2025-09-27 10:09:41] ALARM Node1 Node unreachable
[2025-09-27 10:09:46] INFO Node2 Replication successful
[2025-09-27 10:09:52] ALARM Node2 Network timeout
[2025-09-27 10:10:12] INFO Node1 Heartbeat OK
[2025-09-27 10:10:17] WARN Node3 Memory usage high
[2025-09-27 10:10:19] INFO Node1 Backup completed
[2025-09-27 10:10:28] ALARM Node2 Disk failed
[2025-09-27 10:10:38] ALARM Node1 Disk failed
[2025-09-27 10:10:43] ALARM Node2 Node unreachable
[2025-09-27 10:10:48] WARN Node3 CPU usage high
[2025-09-27 10:10:49] INFO Node1 Replication successful
[2025-09-27 10:10:51] INFO Node1 Backup completed
[2025-09-27 10:10:54] WARN Node4 High latency detected
[2025-09-27 10:11:01] INFO Node3 Replication successful
[2025-09-27 10:11:10] INFO Node2 Heartbeat OK
[2025-09-27 10:11:11] INFO Node3 Connection established
[2025-09-27 10:11:26] WARN Node4 High latency detected
[2025-09-27 10:11:37] ALARM Node1 Critical data loss risk
[2025-09-27 10:11:48] INFO Node2 Backup completed
[2025-09-27 10:11:53] ALARM Node1 Critical data loss risk
[2025-09-27 10:11:54] ALARM Node1 Disk failed
[2025-09-27 10:12:09] INFO Node3 Backup completed
[2025-09-27 10:12:19] ALARM Node2 Network latency critical
[2025-09-27 10:12:34] ALARM Node3 Node unreachable
[2025-09-27 10:12:42] ALARM Node3 Node unreachable
[2025-09-27 10:12:45] ALARM Node4 Disk failed
[2025-09-27 10:12:50] ALARM Node4 Node unreachable
[2025-09-27 10:13:05] INFO Node2 Storage service started
[2025-09-27 10:13:20] ALARM Node1 Disk failed
[2025-09-27 10:13:23] INFO Node3 Backup completed
[2025-09-27 10:13:33] INFO Node2 Storage service started
[2025-09-27 10:13:36] INFO Node1 Backup completed
[2025-09-27 10:13:40] INFO Node1 Backup completed
[2025-09-27 10:13:53] INFO Node2 Heartbeat OK
[2025-09-27 10:14:08] ALARM Node3 Disk failed
[2025-09-27 10:14:17] WARN Node2 CPU usage high
[2025-09-27 10:14:32] ALARM Node1 Disk failed
[2025-09-27 10:14:48] WARN Node4 CPU usage high
[2025-09-27 10:14:51] WARN Node4 CPU usage high
[2025-09-27 10:15:08] WARN Node1 High latency detected
[2025-09-27 10:15:12] ALARM Node1 Critical data loss risk
[2025-09-27 10:15:24] WARN Node1 High latency detected
[2025-09-27 10:15:28] INFO Node1 Replication successful
[2025-09-27 10:15:33] WARN Node1 Memory usage high
[2025-09-27 10:15:36] ALARM Node1 Disk failed
[2025-09-27 10:15:47] INFO Node3 Heartbeat OK
[2025-09-27 10:16:05] WARN Node3 Network jitter observed
[2025-09-27 10:16:21] WARN Node3 Disk I/O performance degraded
[2025-09-27 10:16:36] ALARM Node4 Network timeout
[2025-09-27 10:16:44] INFO Node1 Heartbeat OK
[2025-09-27 10:16:52] WARN Node2 Network jitter observed
[2025-09-27 10:16:58] ALARM Node2 Disk failed
[2025-09-27 10:17:13] INFO Node2 Storage service started
[2025-09-27 10:17:31] ALARM Node4 Disk failed
[2025-09-27 10:17:36] INFO Node2 Storage service started
[2025-09-27 10:17:39] INFO Node2 Backup completed
[2025-09-27 10:17:41] INFO Node1 Backup completed
[2025-09-27 10:17:51] INFO Node4 Connection established
[2025-09-27 10:18:04] ALARM Node2 Network latency critical
[2025-09-27 10:18:05] ALARM Node3 Node unreachable
[2025-09-27 10:18:20] ALARM Node1 Node unreachable
[2025-09-27 10:18:30] INFO Node1 Connection established
[2025-09-27 10:18:33] INFO Node2 Replication successful
[2025-09-27 10:18:51] INFO Node3 Connection established
[2025-09-27 10:18:52] INFO Node1 Storage service started
[2025-09-27 10:19:11] ALARM Node2 Disk failed
[2025-09-27 10:19:12] ALARM Node3 Node unreachable
[2025-09-27 10:19:21] ALARM Node3 Disk failed
[2025-09-27 10:19:31] WARN Node1 CPU usage high
[2025-09-27 10:19:48] ALARM Node1 Disk failed
[2025-09-27 10:19:49] WARN Node3 Network jitter observed
[2025-09-27 10:20:00] WARN Node4 High latency detected
[2025-09-27 10:20:17] WARN Node4 Network jitter observed
[2025-09-27 10:20:21] ALARM Node3 Node unreachable
[2025-09-27 10:20:34] WARN Node3 Memory usage high
[2025-09-27 10:20:35] WARN Node3 Disk I/O performance degraded
[2025-09-27 10:20:50] ALARM Node4 Critical data loss risk
[2025-09-27 10:21:05] INFO Node1 Replication successful
[2025-09-27 10:21:19] WARN Node2 Memory usage high
[2025-09-27 10:21:39] ALARM Node4 Critical data loss risk
[2025-09-27 10:21:56] ALARM Node4 Network latency critical
[2025-09-27 10:22:07] INFO Node1 Backup completed
[2025-09-27 10:22:08] INFO Node4 Backup completed
[2025-09-27 10:22:10] ALARM Node4 Critical data loss risk
[2025-09-27 10:22:12] WARN Node3 High latency detected
[2025-09-27 10:22:32] INFO Node4 Replication successful
[2025-09-27 10:22:35] INFO Node4 Heartbeat OK
[2025-09-27 10:22:44] WARN Node1 CPU usage high
[2025-09-27 10:22:46] WARN Node1 Memory usage high
[2025-09-27 10:22:59] INFO Node4 Storage service started
[2025-09-27 10:23:02] ALARM Node4 Critical data loss risk
[2025-09-27 10:23:15] WARN Node4 Disk I/O performance degraded
[2025-09-27 10:23:23] WARN Node1 CPU usage high
[2025-09-27 10:23:24] INFO Node4 Backup completed
[2025-09-27 10:23:35] WARN Node2 High latency detected
[2025-09-27 10:23:36] ALARM Node3 Network latency critical
[2025-09-27 10:23:51] WARN Node1 Disk I/O performance degraded
[2025-09-27 10:24:08] WARN Node4 CPU usage high
[2025-09-27 10:24:27] ALARM Node2 Disk failed
[2025-09-27 10:24:35] WARN Node2 CPU usage high
[2025-09-27 10:24:48] ALARM Node1 Critical data loss risk
[2025-09-27 10:24:51] WARN Node4 High latency detected
[2025-09-27 10:25:11] ALARM Node4 Network timeout
[2025-09-27 10:25:27] ALARM Node2 Node unreachable
[2025-09-27 10:25:36] INFO Node2 Backup completed
[2025-09-27 10:25:47] WARN Node3 Disk I/O performance degraded
[2025-09-27 10:25:58] WARN Node3 CPU usage high
[2025-09-27 10:26:10] ALARM Node4 Critical data loss risk
[2025-09-27 10:26:23] ALARM Node1 Network latency critical
[2025-09-27 10:26:25] WARN Node3 Memory usage high
[2025-09-27 10:26:27] INFO Node3 Replication successful
[2025-09-27 10:26:33] INFO Node1 Backup completed
[2025-09-27 10:26:44] ALARM Node2 Network timeout
[2025-09-27 10:26:55] WARN Node3 Network jitter observed
[2025-09-27 10:27:08] INFO Node4 Heartbeat OK
[2025-09-27 10:27:23] WARN Node1 CPU usage high
[2025-09-27 10:27:27] ALARM Node4 Disk failed
[2025-09-27 10:27:31] ALARM Node1 Disk failed
[2025-09-27 10:27:44] WARN Node3 Disk I/O performance degraded
[2025-09-27 10:27:57] WARN Node4 High latency detected
[2025-09-27 10:28:15] INFO Node3 Replication successful
[2025-09-27 10:28:35] WARN Node1 Network jitter observed
[2025-09-27 10:28:54] ALARM Node1 Network timeout
[2025-09-27 10:29:11] INFO Node1 Connection established
[2025-09-27 10:29:15] WARN Node4 Network jitter observed
[2025-09-27 10:29:18] WARN Node2 Network jitter observed
[2025-09-27 10:29:26] WARN Node2 Network jitter observed
[2025-09-27 10:29:34] INFO Node1 Replication successful
[2025-09-27 10:29:51] WARN Node3 High latency detected
[2025-09-27 10:29:59] INFO Node1 Replication successful
[2025-09-27 10:30:16] INFO Node2 Storage service started
[2025-09-27 10:30:20] ALARM Node2 Disk failed
[2025-09-27 10:30:36] INFO Node3 Backup completed
[2025-09-27 10:30:49] WARN Node2 CPU usage high
[2025-09-27 10:30:53] INFO Node2 Storage service started
[2025-09-27 10:31:13] ALARM Node4 Disk failed
[2025-09-27 10:31:31] ALARM Node3 Critical data loss risk
[2025-09-27 10:31:38] INFO Node3 Storage service started
[2025-09-27 10:31:43] ALARM Node2 Node unreachable
[2025-09-27 10:31:44] INFO Node2 Backup completed
[2025-09-27 10:32:00] INFO Node2 Backup completed
[2025-09-27 10:32:19] WARN Node3 High latency detected
[2025-09-27 10:32:34] WARN Node4 Memory usage high
[2025-09-27 10:32:35] WARN Node3 Disk I/O performance degraded
[2025-09-27 10:32:47] INFO Node3 Backup completed
[2025-09-27 10:32:53] ALARM Node1 Network latency critical
[2025-09-27 10:33:08] ALARM Node3 Critical data loss risk
[2025-09-27 10:33:14] INFO Node1 Storage service started
[2025-09-27 10:33:25] INFO Node4 Heartbeat OK
[2025-09-27 10:33:37] WARN Node3 CPU usage high
[2025-09-27 10:33:51] ALARM Node1 Disk failed
[2025-09-27 10:33:55] WARN Node1 Network jitter observed
[2025-09-27 10:34:01] ALARM Node1 Network latency critical
[2025-09-27 10:34:15] WARN Node4 Memory usage high
[2025-09-27 10:34:26] ALARM Node2 Node unreachable
[2025-09-27 10:34:45] ALARM Node2 Network timeout
[2025-09-27 10:34:56] ALARM Node3 Node unreachable
[2025-09-27 10:35:03] ALARM Node4 Disk failed
[2025-09-27 10:35:12] ALARM Node3 Network timeout
[2025-09-27 10:35:28] ALARM Node4 Node unreachable
[2025-09-27 10:35:32] WARN Node1 Disk I/O performance degraded
[2025-09-27 10:35:41] INFO Node4 Storage service started
[2025-09-27 10:35:55] ALARM Node1 Disk failed
[2025-09-27 10:36:01] WARN Node4 Network jitter observed
[2025-09-27 10:36:21] WARN Node3 Disk I/O performance degraded
[2025-09-27 10:36:26] ALARM Node2 Node unreachable
[2025-09-27 10:36:37] INFO Node3 Backup completed
[2025-09-27 10:36:56] ALARM Node1 Node unreachable
[2025-09-27 10:37:01] ALARM Node4 Node unreachable
[2025-09-27 10:37:03] INFO Node1 Backup completed
[2025-09-27 10:37:10] ALARM Node4 Node unreachable
[2025-09-27 10:37:20] ALARM Node4 Network timeout
[2025-09-27 10:37:36] WARN Node1 Memory usage high
[2025-09-27 10:37:37] WARN Node4 Network jitter observed
[2025-09-27 10:37:43] ALARM Node3 Disk failed
[2025-09-27 10:37:51] WARN Node4 High latency detected
[2025-09-27 10:37:54] WARN Node4 Disk I/O performance degraded
[2025-09-27 10:38:13] WARN Node4 Disk I/O performance degraded
[2025-09-27 10:38:26] ALARM Node2 Network timeout
[2025-09-27 10:38:30] WARN Node3 Disk I/O performance degraded
[2025-09-27 10:38:41] ALARM Node1 Node unreachable
[2025-09-27 10:38:45] ALARM Node4 Network timeout
[2025-09-27 10:38:59] ALARM Node1 Critical data loss risk
[2025-09-27 10:39:09] ALARM Node1 Network latency critical
[2025-09-27 10:39:29] INFO Node3 Connection established
[2025-09-27 10:39:46] INFO Node2 Replication successful
[2025-09-27 10:40:04] ALARM Node3 Node unreachable
[2025-09-27 10:40:19] ALARM Node2 Node unreachable
[2025-09-27 10:40:36] ALARM Node2 Network timeout
[2025-09-27 10:40:41] WARN Node3 CPU usage high
[2025-09-27 10:40:42] WARN Node3 Disk I/O performance degraded
[2025-09-27 10:41:00] INFO Node3 Storage service started
[2025-09-27 10:41:05] WARN Node1 CPU usage high
[2025-09-27 10:41:08] INFO Node3 Storage service started
[2025-09-27 10:41:16] WARN Node4 High latency detected
[2025-09-27 10:41:36] INFO Node2 Replication successful
[2025-09-27 10:41:41] INFO Node3 Heartbeat OK
[2025-09-27 10:41:53] WARN Node4 Memory usage high
[2025-09-27 10:41:55] INFO Node4 Heartbeat OK
[2025-09-27 10:42:03] ALARM Node3 Network latency critical
[2025-09-27 10:42:13] WARN Node1 High latency detected
[2025-09-27 10:42:29] INFO Node4 Backup completed
[2025-09-27 10:42:39] INFO Node4 Storage service started
[2025-09-27 10:42:49] ALARM Node1 Critical data loss risk
[2025-09-27 10:42:51] ALARM Node3 Network timeout
[2025-09-27 10:43:00] ALARM Node1 Network latency critical
[2025-09-27 10:43:11] ALARM Node2 Network latency critical
[2025-09-27 10:43:15] INFO Node1 Backup completed
[2025-09-27 10:43:16] INFO Node4 Backup completed
[2025-09-27 10:43:34] ALARM Node2 Node unreachable
[2025-09-27 10:43:37] ALARM Node2 Node unreachable
[2025-09-27 10:43:56] WARN Node2 CPU usage high
[2025-09-27 10:44:15] INFO Node1 Replication successful
[2025-09-27 10:44:29] WARN Node1 CPU usage high
[2025-09-27 10:44:41] WARN Node4 Network jitter observed
[2025-09-27 10:44:42] WARN Node4 Disk I/O performance degraded
[2025-09-27 10:44:54] WARN Node4 Disk I/O performance degraded
[2025-09-27 10:45:03] ALARM Node3 Network latency critical
[2025-09-27 10:45:21] ALARM Node4 Critical data loss risk
[2025-09-27 10:45:34] INFO Node2 Backup completed
[2025-09-27 10:45:49] INFO Node1 Connection established
[2025-09-27 10:45:53] INFO Node3 Storage service started
[2025-09-27 10:45:55] WARN Node1 CPU usage high
[2025-09-27 10:45:58] ALARM Node1 Node unreachable
[2025-09-27 10:46:04] WARN Node4 Network jitter observed
[2025-09-27 10:46:17] ALARM Node3 Critical data loss risk
[2025-09-27 10:46:32] INFO Node1 Backup completed
[2025-09-27 10:46:50] INFO Node2 Heartbeat OK
[2025-09-27 10:47:06] ALARM Node2 Network timeout
[2025-09-27 10:47:09] INFO Node4 Replication successful
[2025-09-27 10:47:10] ALARM Node2 Node unreachable
[2025-09-27 10:47:25] INFO Node3 Replication successful
[2025-09-27 10:47:35] ALARM Node2 Disk failed
[2025-09-27 10:47:38] WARN Node3 Disk I/O performance degraded
[2025-09-27 10:47:43] INFO Node4 Connection established
[2025-09-27 10:47:51] WARN Node3 Disk I/O performance degraded
[2025-09-27 10:48:11] ALARM Node4 Node unreachable
[2025-09-27 10:48:20] WARN Node2 Memory usage high
[2025-09-27 10:48:36] INFO Node1 Heartbeat OK
[2025-09-27 10:48:49] ALARM Node3 Node unreachable
[2025-09-27 10:48:57] WARN Node3 Disk I/O performance degraded
[2025-09-27 10:49:05] INFO Node2 Heartbeat OK
[2025-09-27 10:49:16] INFO Node1 Connection established
[2025-09-27 10:49:24] INFO Node3 Heartbeat OK
[2025-09-27 10:49:43] WARN Node1 Disk I/O performance degraded
[2025-09-27 10:49:49] ALARM Node4 Network timeout
[2025-09-27 10:49:54] INFO Node4 Storage service started
[2025-09-27 10:50:07] INFO Node3 Heartbeat OK
[2025-09-27 10:50:09] ALARM Node4 Network timeout
[2025-09-27 10:50:22] ALARM Node4 Network timeout
[2025-09-27 10:50:25] ALARM Node3 Critical data loss risk
[2025-09-27 10:50:32] WARN Node2 Memory usage high
[2025-09-27 10:50:45] ALARM Node4 Critical data loss risk
[2025-09-27 10:50:47] INFO Node4 Heartbeat OK
[2025-09-27 10:50:49] WARN Node4 Network jitter observed
[2025-09-27 10:50:58] ALARM Node1 Network latency critical
[2025-09-27 10:51:13] INFO Node1 Heartbeat OK
[2025-09-27 10:51:26] WARN Node4 High latency detected
[2025-09-27 10:51:35] INFO Node4 Connection established
[2025-09-27 10:51:37] INFO Node4 Storage service started
[2025-09-27 10:51:44] WARN Node4 Memory usage high
[2025-09-27 10:51:48] WARN Node2 Memory usage high
[2025-09-27 10:51:57] WARN Node2 Network jitter observed
[2025-09-27 10:52:13] INFO Node4 Replication successful
[2025-09-27 10:52:23] ALARM Node4 Disk failed
[2025-09-27 10:52:32] WARN Node1 Memory usage high
[2025-09-27 10:52:46] INFO Node1 Connection established
[2025-09-27 10:53:06] INFO Node1 Replication successful
[2025-09-27 10:53:16] ALARM Node4 Node unreachable
[2025-09-27 10:53:32] WARN Node2 Memory usage high
[2025-09-27 10:53:36] ALARM Node3 Critical data loss risk
[2025-09-27 10:53:50] WARN Node3 Memory usage high
[2025-09-27 10:53:52] INFO Node3 Storage service started
[2025-09-27 10:54:08] WARN Node1 Network jitter observed
[2025-09-27 10:54:12] WARN Node2 CPU usage high
[2025-09-27 10:54:28] INFO Node2 Heartbeat OK
[2025-09-27 10:54:47] ALARM Node4 Network timeout
[2025-09-27 10:55:01] ALARM Node1 Node unreachable
[2025-09-27 10:55:12] INFO Node2 Storage service started
[2025-09-27 10:55:26] ALARM Node2 Disk failed
[2025-09-27 10:55:28] INFO Node3 Replication successful
[2025-09-27 10:55:44] INFO Node2 Connection established
[2025-09-27 10:55:55] INFO Node1 Connection established
[2025-09-27 10:56:09] WARN Node3 Disk I/O performance degraded
[2025-09-27 10:56:29] ALARM Node1 Disk failed
[2025-09-27 10:56:33] INFO Node2 Connection established
[2025-09-27 10:56:51] ALARM Node2 Network latency critical
[2025-09-27 10:57:00] ALARM Node4 Node unreachable
[2025-09-27 10:57:04] ALARM Node2 Network timeout
[2025-09-27 10:57:19] WARN Node1 Network jitter observed
[2025-09-27 10:57:36] WARN Node1 CPU usage high
[2025-09-27 10:57:49] ALARM Node2 Network timeout
[2025-09-27 10:58:02] WARN Node3 High latency detected
[2025-09-27 10:58:04] WARN Node1 Disk I/O performance degraded
[2025-09-27 10:58:13] INFO Node4 Backup completed
[2025-09-27 10:58:27] ALARM Node1 Network latency critical
[2025-09-27 10:58:37] ALARM Node1 Critical data loss risk
[2025-09-27 10:58:39] WARN Node3 Disk I/O performance degraded
[2025-09-27 10:58:59] INFO Node2 Backup completed
[2025-09-27 10:59:09] INFO Node1 Backup completed
[2025-09-27 10:59:26] INFO Node2 Connection established
[2025-09-27 10:59:44] WARN Node1 High latency detected
[2025-09-27 11:00:00] INFO Node1 Backup completed
[2025-09-27 11:00:06] ALARM Node1 Node unreachable
[2025-09-27 11:00:13] WARN Node4 Network jitter observed
[2025-09-27 11:00:21] INFO Node4 Backup completed
[2025-09-27 11:00:27] ALARM Node3 Network timeout
[2025-09-27 11:00:35] INFO Node2 Replication successful
[2025-09-27 11:00:46] ALARM Node1 Disk failed
[2025-09-27 11:00:49] ALARM Node4 Network timeout
[2025-09-27 11:00:50] INFO Node4 Backup completed
[2025-09-27 11:00:59] WARN Node3 Disk I/O performance degraded
[2025-09-27 11:01:11] WARN Node1 Memory usage high
[2025-09-27 11:01:17] ALARM Node3 Node unreachable
[2025-09-27 11:01:30] WARN Node3 CPU usage high
[2025-09-27 11:01:32] ALARM Node4 Network latency critical
[2025-09-27 11:01:38] WARN Node3 High latency detected
[2025-09-27 11:01:46] ALARM Node2 Network latency critical
[2025-09-27 11:02:00] INFO Node4 Connection established
[2025-09-27 11:02:11] ALARM Node3 Critical data loss risk
[2025-09-27 11:02:13] WARN Node3 Memory usage high
[2025-09-27 11:02:33] WARN Node3 Disk I/O performance degraded
[2025-09-27 11:02:47] INFO Node3 Heartbeat OK
[2025-09-27 11:02:49] INFO Node3 Storage service started
[2025-09-27 11:02:54] WARN Node2 Memory usage high
[2025-09-27 11:03:12] WARN Node3 CPU usage high
[2025-09-27 11:03:31] INFO Node2 Heartbeat OK
[2025-09-27 11:03:48] ALARM Node2 Node unreachable
[2025-09-27 11:03:53] ALARM Node2 Critical data loss risk
[2025-09-27 11:03:56] WARN Node3 Memory usage high
[2025-09-27 11:04:13] WARN Node1 Network jitter observed
[2025-09-27 11:04:22] WARN Node3 Network jitter observed
[2025-09-27 11:04:37] ALARM Node1 Network timeout
[2025-09-27 11:04:54] ALARM Node3 Disk failed
[2025-09-27 11:04:59] ALARM Node1 Network timeout
[2025-09-27 11:05:14] INFO Node3 Connection established
[2025-09-27 11:05:28] INFO Node2 Storage service started
[2025-09-27 11:05:35] ALARM Node4 Critical data loss risk
[2025-09-27 11:05:36] INFO Node3 Storage service started
[2025-09-27 11:05:50] INFO Node3 Connection established
[2025-09-27 11:06:09] ALARM Node3 Network timeout
[2025-09-27 11:06:28] ALARM Node2 Disk failed
[2025-09-27 11:06:48] WARN Node4 High latency detected
[2025-09-27 11:07:06] ALARM Node4 Node unreachable
[2025-09-27 11:07:17] ALARM Node4 Node unreachable
[2025-09-27 11:07:31] WARN Node1 Memory usage high
[2025-09-27 11:07:34] WARN Node4 CPU usage high
[2025-09-27 11:07:43] INFO Node2 Heartbeat OK
[2025-09-27 11:08:00] WARN Node4 Memory usage high
[2025-09-27 11:08:09] INFO Node3 Storage service started
[2025-09-27 11:08:12] ALARM Node4 Node unreachable
[2025-09-27 11:08:20] INFO Node3 Connection established
[2025-09-27 11:08:26] ALARM Node1 Network timeout
[2025-09-27 11:08:44] INFO Node4 Heartbeat OK
[2025-09-27 11:08:53] INFO Node3 Backup completed
[2025-09-27 11:09:04] INFO Node4 Heartbeat OK
[2025-09-27 11:09:07] WARN Node3 Memory usage high
[2025-09-27 11:09:23] WARN Node2 Disk I/O performance degraded
[2025-09-27 11:09:27] WARN Node2 Memory usage high
[2025-09-27 11:09:32] WARN Node4 Network jitter observed
[2025-09-27 11:09:38] INFO Node1 Replication successful
[2025-09-27 11:09:58] INFO Node2 Connection established
[2025-09-27 11:10:18] WARN Node4 High latency detected
[2025-09-27 11:10:31] ALARM Node2 Disk failed
[2025-09-27 11:10:40] ALARM Node4 Disk failed
[2025-09-27 11:11:00] INFO Node1 Backup completed
[2025-09-27 11:11:06] INFO Node2 Storage service started
[2025-09-27 11:11:08] ALARM Node3 Network latency critical
[2025-09-27 11:11:12] WARN Node4 Memory usage high
[2025-09-27 11:11:26] ALARM Node1 Network latency critical
[2025-09-27 11:11:43] INFO Node2 Backup completed
[2025-09-27 11:11:46] ALARM Node2 Network latency critical
[2025-09-27 11:12:05] ALARM Node4 Critical data loss risk
[2025-09-27 11:12:23] ALARM Node4 Node unreachable
[2025-09-27 11:12:31] ALARM Node1 Node unreachable
[2025-09-27 11:12:35] ALARM Node4 Network timeout
[2025-09-27 11:12:38] WARN Node4 Network jitter observed
[2025-09-27 11:12:43] WARN Node2 Network jitter observed
[2025-09-27 11:12:48] ALARM Node4 Disk failed
[2025-09-27 11:13:05] WARN Node4 Disk I/O performance degraded
[2025-09-27 11:13:20] WARN Node3 High latency detected
[2025-09-27 11:13:30] ALARM Node1 Network timeout
[2025-09-27 11:13:45] ALARM Node4 Node unreachable
[2025-09-27 11:13:50] ALARM Node4 Critical data loss risk
[2025-09-27 11:13:59] INFO Node4 Storage service started
[2025-09-27 11:14:17] INFO Node3 Connection established
[2025-09-27 11:14:29] INFO Node3 Storage service started
[2025-09-27 11:14:44] WARN Node2 CPU usage high
[2025-09-27 11:15:02] WARN Node1 Disk I/O performance degraded
[2025-09-27 11:15:15] WARN Node1 Memory usage high
[2025-09-27 11:15:32] INFO Node1 Heartbeat OK
[2025-09-27 11:15:38] WARN Node3 CPU usage high
[2025-09-27 11:15:58] INFO Node4 Replication successful
[2025-09-27 11:16:10] WARN Node4 High latency detected
[2025-09-27 11:16:29] ALARM Node1 Network latency critical
[2025-09-27 11:16:34] INFO Node1 Replication successful
[2025-09-27 11:16:44] WARN Node2 Disk I/O performance degraded
[2025-09-27 11:17:01] ALARM Node2 Network latency critical
[2025-09-27 11:17:09] INFO Node1 Replication successful
[2025-09-27 11:17:18] ALARM Node3 Node unreachable
[2025-09-27 11:17:32] ALARM Node4 Disk failed
[2025-09-27 11:17:33] WARN Node3 CPU usage high
[2025-09-27 11:17:44] ALARM Node3 Disk failed
[2025-09-27 11:17:46] WARN Node4 CPU usage high
[2025-09-27 11:17:52] ALARM Node1 Critical data loss risk
[2025-09-27 11:18:11] WARN Node2 Memory usage high
[2025-09-27 11:18:13] WARN Node2 Disk I/O performance degraded
[2025-09-27 11:18:25] INFO Node3 Backup completed
[2025-09-27 11:18:27] WARN Node1 Disk I/O performance degraded
[2025-09-27 11:18:30] INFO Node3 Connection established
[2025-09-27 11:18:32] WARN Node3 High latency detected
[2025-09-27 11:18:33] INFO Node1 Storage service started
[2025-09-27 11:18:53] ALARM Node3 Disk failed
[2025-09-27 11:19:00] ALARM Node3 Network timeout
[2025-09-27 11:19:14] ALARM Node1 Network latency critical
[2025-09-27 11:19:17] ALARM Node1 Network latency critical
[2025-09-27 11:19:34] INFO Node3 Heartbeat OK
[2025-09-27 11:19:39] ALARM Node2 Network timeout
[2025-09-27 11:19:51] WARN Node2 CPU usage high
[2025-09-27 11:20:03] INFO Node1 Backup completed
[2025-09-27 11:20:18] ALARM Node4 Network timeout
[2025-09-27 11:20:26] INFO Node1 Heartbeat OK
[2025-09-27 11:20:30] WARN Node1 Network jitter observed
[2025-09-27 11:20:36] WARN Node4 Disk I/O performance degraded
[2025-09-27 11:20:42] ALARM Node1 Network latency critical
[2025-09-27 11:20:46] WARN Node2 Network jitter observed
[2025-09-27 11:20:54] INFO Node3 Connection established
[2025-09-27 11:21:08] WARN Node2 Network jitter observed
[2025-09-27 11:21:14] ALARM Node2 Network latency critical
[2025-09-27 11:21:17] ALARM Node4 Network latency critical
[2025-09-27 11:21:31] INFO Node2 Storage service started
[2025-09-27 11:21:41] ALARM Node3 Node unreachable
[2025-09-27 11:21:48] ALARM Node1 Node unreachable
[2025-09-27 11:22:04] WARN Node2 Disk I/O performance degraded
[2025-09-27 11:22:08] ALARM Node1 Disk failed
[2025-09-27 11:22:24] WARN Node4 Disk I/O performance degraded
[2025-09-27 11:22:33] ALARM Node3 Node unreachable
[2025-09-27 11:22:44] ALARM Node1 Node unreachable
[2025-09-27 11:22:54] ALARM Node1 Disk failed
[2025-09-27 11:23:10] INFO Node2 Heartbeat OK
[2025-09-27 11:23:25] ALARM Node2 Network timeout
[2025-09-27 11:23:30] ALARM Node1 Critical data loss risk
[2025-09-27 11:23:38] INFO Node2 Heartbeat OK
[2025-09-27 11:23:49] INFO Node1 Connection established
[2025-09-27 11:24:07] INFO Node4 Storage service started
[2025-09-27 11:24:21] ALARM Node4 Node unreachable
[2025-09-27 11:24:24] INFO Node3 Connection established
[2025-09-27 11:24:27] INFO Node1 Heartbeat OK
[2025-09-27 11:24:39] WARN Node2 CPU usage high
[2025-09-27 11:24:52] ALARM Node2 Network timeout
[2025-09-27 11:25:07] INFO Node2 Connection established
[2025-09-27 11:25:17] WARN Node4 High latency detected
[2025-09-27 11:25:21] INFO Node2 Storage service started
[2025-09-27 11:25:23] ALARM Node3 Network timeout
[2025-09-27 11:25:25] INFO Node3 Replication successful
[2025-09-27 11:25:31] INFO Node1 Backup completed
[2025-09-27 11:25:36] ALARM Node1 Disk failed
[2025-09-27 11:25:38] ALARM Node2 Network latency critical
[2025-09-27 11:25:56] INFO Node1 Connection established
[2025-09-27 11:25:58] WARN Node2 High latency detected
[2025-09-27 11:26:11] WARN Node3 Network jitter observed
[2025-09-27 11:26:16] INFO Node4 Heartbeat OK
[2025-09-27 11:26:29] WARN Node3 Disk I/O performance degraded
[2025-09-27 11:26:31] ALARM Node2 Critical data loss risk
[2025-09-27 11:26:38] ALARM Node3 Critical data loss risk
[2025-09-27 11:26:53] INFO Node3 Replication successful
[2025-09-27 11:27:08] ALARM Node2 Critical data loss risk
[2025-09-27 11:27:27] WARN Node2 CPU usage high
[2025-09-27 11:27:43] INFO Node4 Heartbeat OK
[2025-09-27 11:27:54] ALARM Node4 Disk failed
[2025-09-27 11:28:10] WARN Node1 High latency detected
[2025-09-27 11:28:24] ALARM Node2 Network latency critical
[2025-09-27 11:28:34] WARN Node1 Memory usage high
[2025-09-27 11:28:53] ALARM Node3 Node unreachable
[2025-09-27 11:29:02] INFO Node2 Backup completed
[2025-09-27 11:29:21] ALARM Node1 Network latency critical
[2025-09-27 11:29:24] INFO Node1 Connection established
[2025-09-27 11:29:30] WARN Node2 Disk I/O performance degraded
[2025-09-27 11:29:48] WARN Node2 Disk I/O performance degraded
[2025-09-27 11:30:06] INFO Node3 Storage service started
[2025-09-27 11:30:12] INFO Node3 Replication successful
[2025-09-27 11:30:21] WARN Node3 Memory usage high
[2025-09-27 11:30:32] ALARM Node1 Critical data loss risk
[2025-09-27 11:30:46] ALARM Node1 Node unreachable
[2025-09-27 11:30:51] WARN Node2 Memory usage high
[2025-09-27 11:30:55] INFO Node1 Backup completed
[2025-09-27 11:31:11] WARN Node3 High latency detected
[2025-09-27 11:31:16] WARN Node3 CPU usage high
[2025-09-27 11:31:32] WARN Node3 Network jitter observed
[2025-09-27 11:31:52] INFO Node4 Connection established
[2025-09-27 11:32:08] INFO Node4 Backup completed
[2025-09-27 11:32:26] WARN Node2 CPU usage high
[2025-09-27 11:32:40] ALARM Node3 Network latency critical
[2025-09-27 11:32:55] WARN Node4 Network jitter observed
[2025-09-27 11:33:04] WARN Node1 High latency detected
[2025-09-27 11:33:17] INFO Node1 Replication successful
[2025-09-27 11:33:35] INFO Node2 Backup completed
[2025-09-27 11:33:55] INFO Node2 Backup completed
[2025-09-27 11:34:00] ALARM Node2 Node unreachable
[2025-09-27 11:34:18] ALARM Node3 Critical data loss risk
[2025-09-27 11:34:33] WARN Node1 Network jitter observed
[2025-09-27 11:34:51] INFO Node3 Heartbeat OK
[2025-09-27 11:35:11] ALARM Node3 Network latency critical
[2025-09-27 11:35:14] INFO Node3 Replication successful
[2025-09-27 11:35:32] ALARM Node1 Network latency critical
[2025-09-27 11:35:40] ALARM Node4 Critical data loss risk
[2025-09-27 11:35:47] INFO Node2 Connection established
[2025-09-27 11:36:00] WARN Node1 Network jitter observed
[2025-09-27 11:36:11] ALARM Node1 Node unreachable
[2025-09-27 11:36:18] ALARM Node4 Network timeout
[2025-09-27 11:36:38] ALARM Node1 Critical data loss risk
[2025-09-27 11:36:45] INFO Node2 Connection established
[2025-09-27 11:36:58] WARN Node3 High latency detected
[2025-09-27 11:37:08] ALARM Node4 Disk failed
[2025-09-27 11:37:10] INFO Node1 Replication successful
[2025-09-27 11:37:11] INFO Node1 Storage service started
[2025-09-27 11:37:25] ALARM Node3 Network timeout
[2025-09-27 11:37:43] ALARM Node1 Disk failed
[2025-09-27 11:37:56] ALARM Node2 Disk failed
[2025-09-27 11:38:15] ALARM Node1 Disk failed
[2025-09-27 11:38:26] ALARM Node3 Critical data loss risk
[2025-09-27 11:38:28] WARN Node1 Network jitter observed
[2025-09-27 11:38:46] ALARM Node3 Node unreachable
[2025-09-27 11:39:03] WARN Node1 Network jitter observed
[2025-09-27 11:39:22] ALARM Node3 Network timeout
[2025-09-27 11:39:27] INFO Node1 Storage service started
[2025-09-27 11:39:33] WARN Node2 Network jitter observed
[2025-09-27 11:39:42] INFO Node4 Connection established
[2025-09-27 11:39:46] ALARM Node1 Disk failed
[2025-09-27 11:39:50] ALARM Node3 Disk failed
[2025-09-27 11:39:56] ALARM Node4 Network timeout
[2025-09-27 11:40:00] ALARM Node4 Disk failed
[2025-09-27 11:40:01] INFO Node1 Heartbeat OK
[2025-09-27 11:40:13] WARN Node4 Memory usage high
[2025-09-27 11:40:18] WARN Node4 Memory usage high
[2025-09-27 11:40:35] ALARM Node2 Network timeout
[2025-09-27 11:40:43] WARN Node4 CPU usage high
[2025-09-27 11:40:54] INFO Node1 Connection established
[2025-09-27 11:41:03] ALARM Node3 Node unreachable
[2025-09-27 11:41:08] INFO Node3 Replication successful
[2025-09-27 11:41:12] ALARM Node2 Disk failed
[2025-09-27 11:41:25] INFO Node2 Connection established
[2025-09-27 11:41:43] INFO Node3 Replication successful
[2025-09-27 11:41:47] WARN Node4 Memory usage high
[2025-09-27 11:41:53] INFO Node2 Storage service started
[2025-09-27 11:42:04] INFO Node1 Storage service started
[2025-09-27 11:42:17] WARN Node4 Network jitter observed
[2025-09-27 11:42:19] WARN Node3 Network jitter observed
[2025-09-27 11:42:20] WARN Node1 Network jitter observed
[2025-09-27 11:42:40] ALARM Node2 Node unreachable
[2025-09-27 11:42:43] ALARM Node3 Network timeout
[2025-09-27 11:42:53] INFO Node2 Storage service started
[2025-09-27 11:42:59] ALARM Node1 Network timeout
[2025-09-27 11:43:17] INFO Node1 Connection established
[2025-09-27 11:43:18] WARN Node1 Memory usage high
[2025-09-27 11:43:33] WARN Node2 High latency detected
[2025-09-27 11:43:34] ALARM Node3 Disk failed
[2025-09-27 11:43:38] ALARM Node2 Network timeout
[2025-09-27 11:43:51] ALARM Node1 Network latency critical
[2025-09-27 11:43:54] ALARM Node4 Network timeout
[2025-09-27 11:44:05] INFO Node2 Storage service started
[2025-09-27 11:44:07] WARN Node1 Memory usage high
[2025-09-27 11:44:17] WARN Node1 Disk I/O performance degraded
[2025-09-27 11:44:31] WARN Node1 Memory usage high
[2025-09-27 11:44:34] ALARM Node1 Network latency critical
[2025-09-27 11:44:51] ALARM Node1 Network latency critical
[2025-09-27 11:45:04] WARN Node1 Memory usage high
[2025-09-27 11:45:06] ALARM Node4 Network latency critical
[2025-09-27 11:45:26] INFO Node1 Storage service started
[2025-09-27 11:45:36] INFO Node2 Backup completed
[2025-09-27 11:45:45] ALARM Node4 Node unreachable
[2025-09-27 11:46:00] INFO Node4 Storage service started
[2025-09-27 11:46:02] ALARM Node1 Node unreachable
[2025-09-27 11:46:18] WARN Node4 Disk I/O performance degraded
[2025-09-27 11:46:20] INFO Node1 Connection established
[2025-09-27 11:46:40] WARN Node4 Network jitter observed
[2025-09-27 11:46:55] INFO Node1 Storage service started
[2025-09-27 11:46:56] WARN Node4 Memory usage high
[2025-09-27 11:47:00] INFO Node4 Storage service started
[2025-09-27 11:47:02] ALARM Node4 Node unreachable
[2025-09-27 11:47:15] WARN Node1 Disk I/O performance degraded
[2025-09-27 11:47:27] WARN Node2 Network jitter observed
[2025-09-27 11:47:36] ALARM Node1 Critical data loss risk
[2025-09-27 11:47:50] INFO Node3 Backup completed
[2025-09-27 11:48:01] ALARM Node4 Network timeout
[2025-09-27 11:48:04] INFO Node4 Storage service started
[2025-09-27 11:48:14] ALARM Node2 Critical data loss risk
[2025-09-27 11:48:30] INFO Node1 Storage service started
[2025-09-27 11:48:48] WARN Node2 Memory usage high
[2025-09-27 11:49:00] WARN Node3 Network jitter observed
[2025-09-27 11:49:20] INFO Node3 Backup completed
[2025-09-27 11:49:23] ALARM Node2 Critical data loss risk
[2025-09-27 11:49:40] INFO Node4 Connection established
[2025-09-27 11:49:47] WARN Node2 Disk I/O performance degraded
[2025-09-27 11:50:07] ALARM Node2 Network latency critical
[2025-09-27 11:50:17] INFO Node1 Storage service started
[2025-09-27 11:50:33] WARN Node3 Memory usage high
[2025-09-27 11:50:52] INFO Node2 Heartbeat OK
[2025-09-27 11:51:04] ALARM Node2 Critical data loss risk
[2025-09-27 11:51:14] WARN Node3 CPU usage high
[2025-09-27 11:51:16] INFO Node3 Replication successful
[2025-09-27 11:51:19] WARN Node1 Memory usage high
[2025-09-27 11:51:23] WARN Node4 High latency detected
[2025-09-27 11:51:35] INFO Node2 Replication successful
[2025-09-27 11:51:50] WARN Node1 Network jitter observed
[2025-09-27 11:51:51] ALARM Node3 Network latency critical
[2025-09-27 11:52:05] WARN Node2 High latency detected
[2025-09-27 11:52:17] ALARM Node2 Network timeout
[2025-09-27 11:52:29] INFO Node4 Backup completed
[2025-09-27 11:52:32] ALARM Node4 Network latency critical
[2025-09-27 11:52:51] WARN Node3 Network jitter observed
[2025-09-27 11:53:08] WARN Node1 Network jitter observed
[2025-09-27 11:53:28] ALARM Node4 Critical data loss risk
[2025-09-27 11:53:44] ALARM Node3 Network latency critical
[2025-09-27 11:54:03] INFO Node2 Backup completed
[2025-09-27 11:54:14] WARN Node1 Memory usage high
[2025-09-27 11:54:24] ALARM Node4 Network latency critical
[2025-09-27 11:54:36] ALARM Node1 Critical data loss risk
[2025-09-27 11:54:37] WARN Node3 High latency detected
[2025-09-27 11:54:45] ALARM Node3 Network latency critical
[2025-09-27 11:54:50] INFO Node3 Storage service started
[2025-09-27 11:55:08] INFO Node1 Storage service started
[2025-09-27 11:55:20] INFO Node3 Backup completed
[2025-09-27 11:55:34] WARN Node1 High latency detected
[2025-09-27 11:55:39] INFO Node2 Heartbeat OK
[2025-09-27 11:55:43] ALARM Node3 Network latency critical
[2025-09-27 11:56:01] INFO Node1 Replication successful
[2025-09-27 11:56:02] WARN Node1 Network jitter observed
[2025-09-27 11:56:18] WARN Node1 Network jitter observed
[2025-09-27 11:56:32] WARN Node4 Network jitter observed
[2025-09-27 11:56:47] WARN Node3 CPU usage high
[2025-09-27 11:56:49] ALARM Node4 Network latency critical
[2025-09-27 11:56:58] WARN Node2 CPU usage high
[2025-09-27 11:57:18] ALARM Node2 Network latency critical
[2025-09-27 11:57:26] ALARM Node2 Network latency critical
[2025-09-27 11:57:41] INFO Node2 Heartbeat OK
[2025-09-27 11:57:57] INFO Node2 Replication successful
[2025-09-27 11:58:06] ALARM Node4 Critical data loss risk
[2025-09-27 11:58:09] ALARM Node1 Disk failed
[2025-09-27 11:58:24] ALARM Node1 Node unreachable
[2025-09-27 11:58:37] ALARM Node1 Disk failed
[2025-09-27 11:58:45] WARN Node2 Network jitter observed
[2025-09-27 11:58:59] WARN Node4 High latency detected
[2025-09-27 11:59:07] ALARM Node3 Disk failed
[2025-09-27 11:59:22] WARN Node1 Memory usage high
[2025-09-27 11:59:31] INFO Node3 Connection established
[2025-09-27 11:59:32] INFO Node4 Replication successful
[2025-09-27 11:59:44] WARN Node2 CPU usage high
[2025-09-27 11:59:51] INFO Node1 Backup completed
[2025-09-27 12:00:04] WARN Node3 Memory usage high
[2025-09-27 12:00:09] INFO Node2 Backup completed
[2025-09-27 12:00:20] INFO Node2 Connection established
[2025-09-27 12:00:21] ALARM Node2 Network latency critical
[2025-09-27 12:00:28] ALARM Node1 Critical data loss risk
[2025-09-27 12:00:47] WARN Node3 Disk I/O performance degraded
[2025-09-27 12:01:05] ALARM Node1 Node unreachable
[2025-09-27 12:01:23] WARN Node2 Network jitter observed
[2025-09-27 12:01:25] ALARM Node4 Network latency critical
[2025-09-27 12:01:40] ALARM Node2 Critical data loss risk
[2025-09-27 12:01:56] INFO Node4 Heartbeat OK
[2025-09-27 12:02:03] ALARM Node4 Network timeout
[2025-09-27 12:02:20] INFO Node4 Connection established
[2025-09-27 12:02:21] ALARM Node2 Node unreachable
[2025-09-27 12:02:25] WARN Node4 CPU usage high
[2025-09-27 12:02:38] INFO Node1 Replication successful
[2025-09-27 12:02:50] WARN Node3 High latency detected
[2025-09-27 12:02:53] ALARM Node4 Node unreachable
[2025-09-27 12:03:05] ALARM Node2 Network latency critical
[2025-09-27 12:03:13] INFO Node3 Storage service started
[2025-09-27 12:03:14] WARN Node3 Network jitter observed
[2025-09-27 12:03:27] ALARM Node2 Network latency critical
[2025-09-27 12:03:34] WARN Node1 Disk I/O performance degraded
[2025-09-27 12:03:43] WARN Node1 Memory usage high
[2025-09-27 12:03:47] ALARM Node3 Disk failed
[2025-09-27 12:03:50] INFO Node4 Connection established
[2025-09-27 12:04:00] WARN Node3 Memory usage high
[2025-09-27 12:04:05] INFO Node1 Replication successful
[2025-09-27 12:04:14] INFO Node1 Backup completed
[2025-09-27 12:04:26] WARN Node2 Network jitter observed
[2025-09-27 12:04:46] WARN Node1 Disk I/O performance degraded
[2025-09-27 12:05:03] WARN Node4 Disk I/O performance degraded
[2025-09-27 12:05:12] WARN Node3 Network jitter observed
[2025-09-27 12:05:30] INFO Node3 Replication successful
[2025-09-27 12:05:39] ALARM Node2 Node unreachable
[2025-09-27 12:05:40] INFO Node3 Storage service started
[2025-09-27 12:05:56] INFO Node1 Heartbeat OK
[2025-09-27 12:06:14] INFO Node2 Heartbeat OK
[2025-09-27 12:06:26] INFO Node2 Backup completed
[2025-09-27 12:06:39] INFO Node1 Backup completed
[2025-09-27 12:06:49] WARN Node3 Disk I/O performance degraded
[2025-09-27 12:06:56] WARN Node3 CPU usage high
[2025-09-27 12:07:04] WARN Node2 CPU usage high
[2025-09-27 12:07:05] WARN Node2 Network jitter observed
[2025-09-27 12:07:13] WARN Node1 Disk I/O performance degraded
[2025-09-27 12:07:31] INFO Node4 Heartbeat OK
[2025-09-27 12:07:40] WARN Node2 High latency detected
[2025-09-27 12:07:42] INFO Node4 Storage service started
[2025-09-27 12:07:58] INFO Node4 Backup completed
[2025-09-27 12:08:14] ALARM Node2 Critical data loss risk
[2025-09-27 12:08:16] ALARM Node2 Critical data loss risk
[2025-09-27 12:08:30] WARN Node1 CPU usage high
[2025-09-27 12:08:40] ALARM Node2 Network timeout
[2025-09-27 12:08:48] ALARM Node1 Critical data loss risk
[2025-09-27 12:09:08] WARN Node4 Memory usage high
[2025-09-27 12:09:28] WARN Node2 High latency detected
[2025-09-27 12:09:35] INFO Node2 Connection established
[2025-09-27 12:09:38] WARN Node2 Memory usage high
[2025-09-27 12:09:55] ALARM Node4 Node unreachable
[2025-09-27 12:10:00] INFO Node2 Heartbeat OK
[2025-09-27 12:10:01] WARN Node3 Disk I/O performance degraded
[2025-09-27 12:10:07] INFO Node1 Heartbeat OK
[2025-09-27 12:10:17] WARN Node2 CPU usage high
[2025-09-27 12:10:22] INFO Node1 Backup completed
[2025-09-27 12:10:42] ALARM Node4 Disk failed
[2025-09-27 12:10:55] ALARM Node4 Disk failed
[2025-09-27 12:11:14] ALARM Node3 Network latency critical
[2025-09-27 12:11:34] WARN Node4 Disk I/O performance degraded
[2025-09-27 12:11:53] INFO Node3 Heartbeat OK
[2025-09-27 12:12:12] ALARM Node1 Disk failed
[2025-09-27 12:12:22] WARN Node3 CPU usage high
[2025-09-27 12:12:38] ALARM Node4 Network timeout
[2025-09-27 12:12:47] WARN Node2 High latency detected
[2025-09-27 12:13:00] WARN Node4 Network jitter observed
[2025-09-27 12:13:17] INFO Node2 Heartbeat OK
[2025-09-27 12:13:37] ALARM Node3 Network latency critical
[2025-09-27 12:13:47] ALARM Node3 Network latency critical
[2025-09-27 12:13:57] INFO Node1 Backup completed
[2025-09-27 12:14:05] WARN Node4 Memory usage high
[2025-09-27 12:14:16] INFO Node2 Storage service started
[2025-09-27 12:14:26] ALARM Node3 Disk failed
[2025-09-27 12:14:33] WARN Node2 Memory usage high
[2025-09-27 12:14:48] WARN Node2 Memory usage high
[2025-09-27 12:14:59] ALARM Node2 Disk failed
[2025-09-27 12:15:17] WARN Node2 CPU usage high
[2025-09-27 12:15:34] WARN Node4 CPU usage high
[2025-09-27 12:15:53] ALARM Node1 Critical data loss risk
[2025-09-27 12:16:06] ALARM Node2 Network timeout
[2025-09-27 12:16:09] ALARM Node4 Critical data loss risk
[2025-09-27 12:16:25] INFO Node3 Connection established
[2025-09-27 12:16:36] ALARM Node4 Node unreachable
[2025-09-27 12:16:54] ALARM Node4 Disk failed
[2025-09-27 12:17:03] ALARM Node2 Critical data loss risk
[2025-09-27 12:17:04] INFO Node1 Replication successful
[2025-09-27 12:17:09] INFO Node2 Backup completed
[2025-09-27 12:17:22] INFO Node4 Backup completed
[2025-09-27 12:17:25] WARN Node2 High latency detected
[2025-09-27 12:17:38] WARN Node2 CPU usage high
[2025-09-27 12:17:47] ALARM Node1 Critical data loss risk
[2025-09-27 12:17:56] WARN Node1 CPU usage high
[2025-09-27 12:18:01] ALARM Node4 Critical data loss risk
[2025-09-27 12:18:14] INFO Node1 Backup completed
[2025-09-27 12:18:15] ALARM Node1 Critical data loss risk
[2025-09-27 12:18:28] INFO Node2 Heartbeat OK
[2025-09-27 12:18:44] INFO Node4 Replication successful
[2025-09-27 12:19:02] INFO Node3 Connection established
[2025-09-27 12:19:21] WARN Node3 Memory usage high
[2025-09-27 12:19:36] WARN Node1 High latency detected
[2025-09-27 12:19:55] WARN Node4 CPU usage high
[2025-09-27 12:20:15] INFO Node4 Connection established
[2025-09-27 12:20:16] WARN Node3 High latency detected
[2025-09-27 12:20:28] INFO Node3 Connection established
[2025-09-27 12:20:32] ALARM Node1 Critical data loss risk
[2025-09-27 12:20:45] WARN Node4 Disk I/O performance degraded
[2025-09-27 12:20:47] ALARM Node1 Critical data loss risk
[2025-09-27 12:20:58] ALARM Node3 Network latency critical
[2025-09-27 12:21:04] WARN Node4 Network jitter observed
[2025-09-27 12:21:10] WARN Node3 CPU usage high
[2025-09-27 12:21:22] ALARM Node4 Network latency critical
[2025-09-27 12:21:33] INFO Node1 Replication successful
[2025-09-27 12:21:49] WARN Node4 Memory usage high
[2025-09-27 12:22:02] ALARM Node2 Node unreachable
[2025-09-27 12:22:15] WARN Node2 Memory usage high
[2025-09-27 12:22:33] WARN Node2 CPU usage high
[2025-09-27 12:22:51] INFO Node3 Backup completed
[2025-09-27 12:22:56] ALARM Node3 Network timeout
[2025-09-27 12:23:03] WARN Node3 Memory usage high
[2025-09-27 12:23:08] ALARM Node4 Network timeout
[2025-09-27 12:23:19] INFO Node4 Backup completed
[2025-09-27 12:23:36] WARN Node4 Network jitter observed
[2025-09-27 12:23:38] ALARM Node2 Network timeout
[2025-09-27 12:23:55] ALARM Node4 Disk failed
[2025-09-27 12:24:05] INFO Node4 Heartbeat OK
[2025-09-27 12:24:07] INFO Node1 Replication successful
[2025-09-27 12:24:11] ALARM Node1 Critical data loss risk
[2025-09-27 12:24:25] INFO Node4 Connection established
[2025-09-27 12:24:44] INFO Node4 Connection established
[2025-09-27 12:24:45] ALARM Node2 Disk failed
[2025-09-27 12:25:01] WARN Node1 Memory usage high
[2025-09-27 12:25:12] INFO Node1 Replication successful
[2025-09-27 12:25:32] WARN Node3 Disk I/O performance degraded
[2025-09-27 12:25:35] ALARM Node4 Node unreachable
[2025-09-27 12:25:37] ALARM Node3 Critical data loss risk
[2025-09-27 12:25:52] INFO Node4 Backup completed
[2025-09-27 12:26:09] WARN Node3 High latency detected
[2025-09-27 12:26:21] INFO Node2 Heartbeat OK
[2025-09-27 12:26:26] INFO Node2 Storage service started
[2025-09-27 12:26:46] ALARM Node2 Network latency critical
[2025-09-27 12:27:04] ALARM Node2 Network timeout
[2025-09-27 12:27:08] INFO Node3 Heartbeat OK
[2025-09-27 12:27:12] WARN Node2 Network jitter observed
[2025-09-27 12:27:23] ALARM Node4 Network latency critical
[2025-09-27 12:27:26] WARN Node4 Memory usage high
[2025-09-27 12:27:37] ALARM Node4 Disk failed
[2025-09-27 12:27:44] WARN Node1 High latency detected
[2025-09-27 12:27:53] ALARM Node1 Network timeout
[2025-09-27 12:28:10] INFO Node3 Storage service started
[2025-09-27 12:28:21] ALARM Node2 Network latency critical
[2025-09-27 12:28:24] ALARM Node1 Network timeout
[2025-09-27 12:28:34] WARN Node1 Memory usage high
[2025-09-27 12:28:46] INFO Node1 Storage service started
[2025-09-27 12:28:53] WARN Node2 High latency detected
[2025-09-27 12:29:01] ALARM Node4 Network timeout
[2025-09-27 12:29:17] WARN Node2 Memory usage high
[2025-09-27 12:29:33] ALARM Node2 Critical data loss risk
[2025-09-27 12:29:37] WARN Node4 Memory usage high
[2025-09-27 12:29:56] WARN Node3 High latency detected
[2025-09-27 12:29:58] WARN Node1 CPU usage high
[2025-09-27 12:30:18] WARN Node2 Disk I/O performance degraded
[2025-09-27 12:30:37] WARN Node1 Memory usage high
[2025-09-27 12:30:46] WARN Node1 Memory usage high
[2025-09-27 12:30:59] ALARM Node2 Node unreachable
[2025-09-27 12:31:12] INFO Node2 Storage service started
[2025-09-27 12:31:22] INFO Node1 Backup completed
[2025-09-27 12:31:39] INFO Node1 Storage service started
[2025-09-27 12:31:56] ALARM Node1 Network timeout
[2025-09-27 12:31:58] WARN Node3 CPU usage high
[2025-09-27 12:32:00] ALARM Node2 Disk failed
[2025-09-27 12:32:10] INFO Node3 Connection established
[2025-09-27 12:32:21] WARN Node1 Network jitter observed
[2025-09-27 12:32:28] ALARM Node4 Network latency critical
[2025-09-27 12:32:43] WARN Node2 Network jitter observed
[2025-09-27 12:32:55] ALARM Node4 Disk failed
[2025-09-27 12:33:09] ALARM Node1 Disk failed
[2025-09-27 12:33:13] WARN Node3 Network jitter observed
[2025-09-27 12:33:26] INFO Node3 Backup completed
[2025-09-27 12:33:30] WARN Node2 High latency detected
[2025-09-27 12:33:41] ALARM Node3 Network timeout
[2025-09-27 12:34:00] INFO Node2 Replication successful
[2025-09-27 12:34:12] ALARM Node4 Network latency critical
[2025-09-27 12:34:22] WARN Node2 Memory usage high
[2025-09-27 12:34:24] WARN Node3 Memory usage high
[2025-09-27 12:34:32] WARN Node1 CPU usage high
[2025-09-27 12:34:39] INFO Node3 Replication successful
[2025-09-27 12:34:50] ALARM Node1 Network timeout
[2025-09-27 12:34:54] ALARM Node3 Node unreachable
[2025-09-27 12:35:11] ALARM Node3 Node unreachable
[2025-09-27 12:35:25] INFO Node1 Storage service started
[2025-09-27 12:35:32] WARN Node2 Network jitter observed
[2025-09-27 12:35:36] ALARM Node2 Critical data loss risk
[2025-09-27 12:35:51] ALARM Node2 Network timeout
[2025-09-27 12:35:56] INFO Node3 Connection established
[2025-09-27 12:36:07] WARN Node3 Disk I/O performance degraded
[2025-09-27 12:36:09] ALARM Node1 Disk failed
[2025-09-27 12:36:18] INFO Node2 Replication successful
[2025-09-27 12:36:22] INFO Node4 Connection established
[2025-09-27 12:36:32] ALARM Node3 Node unreachable
[2025-09-27 12:36:42] ALARM Node1 Disk failed
[2025-09-27 12:36:56] ALARM Node1 Disk failed
[2025-09-27 12:37:01] WARN Node3 Network jitter observed
[2025-09-27 12:37:04] INFO Node4 Heartbeat OK
[2025-09-27 12:37:15] WARN Node4 High latency detected
[2025-09-27 12:37:28] WARN Node2 Disk I/O performance degraded
[2025-09-27 12:37:43] ALARM Node2 Network latency critical
[2025-09-27 12:37:53] INFO Node2 Replication successful
[2025-09-27 12:37:58] ALARM Node1 Node unreachable
[2025-09-27 12:38:05] WARN Node2 High latency detected
[2025-09-27 12:38:11] WARN Node1 CPU usage high
[2025-09-27 12:38:27] INFO Node3 Replication successful
[2025-09-27 12:38:44] INFO Node4 Backup completed
[2025-09-27 12:38:51] INFO Node1 Replication successful
[2025-09-27 12:39:01] WARN Node3 CPU usage high
[2025-09-27 12:39:14] INFO Node4 Replication successful
[2025-09-27 12:39:33] ALARM Node1 Critical data loss risk
[2025-09-27 12:39:41] WARN Node4 High latency detected
[2025-09-27 12:39:44] INFO Node4 Backup completed
[2025-09-27 12:39:46] ALARM Node3 Network timeout
[2025-09-27 12:39:59] WARN Node1 Memory usage high
[2025-09-27 12:40:13] WARN Node4 CPU usage high
[2025-09-27 12:40:21] ALARM Node4 Node unreachable
[2025-09-27 12:40:29] INFO Node4 Heartbeat OK
[2025-09-27 12:40:46] INFO Node4 Replication successful
[2025-09-27 12:40:53] INFO Node1 Heartbeat OK
[2025-09-27 12:41:11] WARN Node2 CPU usage high
[2025-09-27 12:41:14] INFO Node1 Replication successful
[2025-09-27 12:41:24] WARN Node1 CPU usage high
[2025-09-27 12:41:35] WARN Node4 CPU usage high
[2025-09-27 12:41:52] ALARM Node3 Disk failed
[2025-09-27 12:41:53] WARN Node1 CPU usage high
[2025-09-27 12:41:58] INFO Node1 Replication successful
[2025-09-27 12:42:17] INFO Node2 Storage service started
[2025-09-27 12:42:36] ALARM Node3 Disk failed
[2025-09-27 12:42:46] ALARM Node1 Disk failed
[2025-09-27 12:42:49] ALARM Node1 Network timeout
[2025-09-27 12:43:00] WARN Node4 CPU usage high
[2025-09-27 12:43:09] INFO Node4 Storage service started
[2025-09-27 12:43:15] ALARM Node1 Disk failed
[2025-09-27 12:43:30] WARN Node4 Network jitter observed
[2025-09-27 12:43:44] WARN Node4 High latency detected
[2025-09-27 12:43:56] WARN Node4 Network jitter observed
[2025-09-27 12:44:13] WARN Node3 Memory usage high
[2025-09-27 12:44:27] INFO Node4 Connection established
[2025-09-27 12:44:31] INFO Node1 Storage service started
[2025-09-27 12:44:50] ALARM Node1 Network timeout
[2025-09-27 12:45:06] ALARM Node2 Network latency critical
[2025-09-27 12:45:20] INFO Node3 Connection established
[2025-09-27 12:45:35] WARN Node3 Disk I/O performance degraded
[2025-09-27 12:45:45] WARN Node1 High latency detected
[2025-09-27 12:45:46] ALARM Node4 Critical data loss risk
[2025-09-27 12:45:50] WARN Node2 CPU usage high
[2025-09-27 12:46:04] WARN Node3 Memory usage high
[2025-09-27 12:46:08] INFO Node2 Replication successful
[2025-09-27 12:46:20] INFO Node2 Heartbeat OK
[2025-09-27 12:46:21] INFO Node2 Connection established
[2025-09-27 12:46:29] WARN Node4 High latency detected
[2025-09-27 12:46:38] ALARM Node2 Critical data loss risk
[2025-09-27 12:46:46] INFO Node3 Connection established
[2025-09-27 12:47:04] WARN Node4 Memory usage high
[2025-09-27 12:47:07] WARN Node4 CPU usage high
[2025-09-27 12:47:21] ALARM Node2 Critical data loss risk
[2025-09-27 12:47:32] WARN Node2 Disk I/O performance degraded
[2025-09-27 12:47:40] INFO Node3 Connection established
[2025-09-27 12:47:45] INFO Node1 Backup completed
[2025-09-27 12:47:52] WARN Node4 Network jitter observed
[2025-09-27 12:48:08] INFO Node1 Backup completed
[2025-09-27 12:48:09] ALARM Node3 Disk failed
[2025-09-27 12:48:14] ALARM Node1 Network latency critical
[2025-09-27 12:48:34] WARN Node4 Memory usage high
[2025-09-27 12:48:52] ALARM Node3 Network latency critical
[2025-09-27 12:49:05] INFO Node3 Connection established
[2025-09-27 12:49:06] INFO Node2 Connection established
[2025-09-27 12:49:12] INFO Node3 Storage service started
[2025-09-27 12:49:15] INFO Node2 Backup completed
[2025-09-27 12:49:20] WARN Node4 Network jitter observed
[2025-09-27 12:49:22] INFO Node1 Heartbeat OK
[2025-09-27 12:49:37] INFO Node3 Storage service started
[2025-09-27 12:49:49] WARN Node4 Memory usage high
[2025-09-27 12:49:50] WARN Node1 Memory usage high
[2025-09-27 12:50:07] WARN Node4 Disk I/O performance degraded
[2025-09-27 12:50:12] WARN Node2 Memory usage high
[2025-09-27 12:50:30] INFO Node4 Storage service started
[2025-09-27 12:50:49] ALARM Node1 Network latency critical
[2025-09-27 12:51:06] ALARM Node3 Disk failed
[2025-09-27 12:51:24] WARN Node2 Network jitter observed
[2025-09-27 12:51:38] INFO Node3 Storage service started
[2025-09-27 12:51:51] ALARM Node3 Network timeout
[2025-09-27 12:52:04] WARN Node4 Memory usage high
[2025-09-27 12:52:20] WARN Node3 CPU usage high
[2025-09-27 12:52:34] ALARM Node2 Network timeout
[2025-09-27 12:52:53] ALARM Node3 Network latency critical
[2025-09-27 12:53:08] WARN Node4 CPU usage high
[2025-09-27 12:53:15] INFO Node3 Replication successful
[2025-09-27 12:53:19] WARN Node2 CPU usage high
[2025-09-27 12:53:31] WARN Node4 CPU usage high
[2025-09-27 12:53:39] WARN Node4 High latency detected
[2025-09-27 12:53:58] INFO Node2 Storage service started
[2025-09-27 12:54:12] WARN Node4 Memory usage high
[2025-09-27 12:54:21] INFO Node4 Heartbeat OK
[2025-09-27 12:54:32] WARN Node3 CPU usage high
[2025-09-27 12:54:36] WARN Node3 Memory usage high
[2025-09-27 12:54:43] ALARM Node1 Network latency critical
[2025-09-27 12:54:45] WARN Node4 CPU usage high
[2025-09-27 12:55:05] WARN Node3 CPU usage high
[2025-09-27 12:55:24] ALARM Node4 Critical data loss risk
[2025-09-27 12:55:44] INFO Node1 Heartbeat OK
[2025-09-27 12:56:00] INFO Node3 Connection established
[2025-09-27 12:56:11] WARN Node1 Network jitter observed
[2025-09-27 12:56:23] INFO Node1 Heartbeat OK
[2025-09-27 12:56:38] WARN Node1 High latency detected
[2025-09-27 12:56:47] WARN Node4 Network jitter observed
[2025-09-27 12:56:54] INFO Node3 Storage service started
[2025-09-27 12:57:03] INFO Node1 Storage service started
[2025-09-27 12:57:19] INFO Node2 Storage service started
[2025-09-27 12:57:27] INFO Node1 Heartbeat OK
[2025-09-27 12:57:28] ALARM Node4 Network timeout
[2025-09-27 12:57:45] INFO Node2 Storage service started
[2025-09-27 12:57:46] INFO Node1 Backup completed
[2025-09-27 12:58:06] WARN Node4 High latency detected
[2025-09-27 12:58:26] ALARM Node2 Disk failed
[2025-09-27 12:58:29] WARN Node1 Disk I/O performance degraded
[2025-09-27 12:58:49] ALARM Node1 Disk failed
[2025-09-27 12:58:57] ALARM Node3 Disk failed
[2025-09-27 12:59:07] ALARM Node4 Network timeout
[2025-09-27 12:59:25] WARN Node1 Memory usage high
[2025-09-27 12:59:26] WARN Node2 CPU usage high
[2025-09-27 12:59:46] ALARM Node3 Network timeout
[2025-09-27 13:00:01] WARN Node1 Disk I/O performance degraded
[2025-09-27 13:00:20] ALARM Node1 Network latency critical
[2025-09-27 13:00:34] ALARM Node2 Critical data loss risk
[2025-09-27 13:00:46] INFO Node3 Backup completed
[2025-09-27 13:00:56] ALARM Node1 Disk failed
[2025-09-27 13:00:59] WARN Node4 Disk I/O performance degraded
[2025-09-27 13:01:16] WARN Node2 Network jitter observed
[2025-09-27 13:01:28] WARN Node2 Memory usage high
[2025-09-27 13:01:45] WARN Node4 High latency detected
[2025-09-27 13:01:56] WARN Node4 CPU usage high
[2025-09-27 13:02:16] INFO Node2 Heartbeat OK
[2025-09-27 13:02:19] WARN Node1 CPU usage high
[2025-09-27 13:02:25] INFO Node2 Connection established
[2025-09-27 13:02:31] ALARM Node2 Network latency critical
[2025-09-27 13:02:46] INFO Node1 Storage service started
[2025-09-27 13:03:01] WARN Node2 CPU usage high
[2025-09-27 13:03:19] ALARM Node3 Node unreachable
[2025-09-27 13:03:21] INFO Node2 Connection established
[2025-09-27 13:03:29] ALARM Node3 Node unreachable
[2025-09-27 13:03:48] ALARM Node4 Network timeout
[2025-09-27 13:04:02] INFO Node1 Storage service started
[2025-09-27 13:04:10] WARN Node4 Memory usage high
[2025-09-27 13:04:16] ALARM Node3 Network timeout
[2025-09-27 13:04:29] ALARM Node1 Network latency critical
[2025-09-27 13:04:41] INFO Node4 Replication successful
[2025-09-27 13:04:50] INFO Node4 Replication successful
[2025-09-27 13:05:10] WARN Node4 High latency detected
[2025-09-27 13:05:30] INFO Node4 Connection established
[2025-09-27 13:05:42] ALARM Node2 Critical data loss risk
[2025-09-27 13:05:53] ALARM Node4 Disk failed
[2025-09-27 13:06:04] INFO Node2 Backup completed
[2025-09-27 13:06:12] ALARM Node4 Disk failed
[2025-09-27 13:06:22] ALARM Node1 Critical data loss risk
[2025-09-27 13:06:28] WARN Node4 CPU usage high
[2025-09-27 13:06:29] WARN Node1 Network jitter observed
[2025-09-27 13:06:30] WARN Node4 CPU usage high
[2025-09-27 13:06:40] INFO Node3 Backup completed
[2025-09-27 13:06:57] INFO Node1 Storage service started
[2025-09-27 13:07:16] WARN Node1 Disk I/O performance degraded
[2025-09-27 13:07:32] ALARM Node2 Critical data loss risk
[2025-09-27 13:07:38] INFO Node1 Heartbeat OK
[2025-09-27 13:07:51] WARN Node3 CPU usage high
[2025-09-27 13:08:10] ALARM Node1 Disk failed
[2025-09-27 13:08:24] ALARM Node2 Critical data loss risk
[2025-09-27 13:08:26] INFO Node2 Storage service started
[2025-09-27 13:08:30] WARN Node1 Disk I/O performance degraded
[2025-09-27 13:08:39] WARN Node2 Memory usage high
[2025-09-27 13:08:43] WARN Node2 Disk I/O performance degraded
[2025-09-27 13:08:48] ALARM Node1 Network timeout
[2025-09-27 13:09:05] ALARM Node2 Network timeout
[2025-09-27 13:09:18] INFO Node1 Backup completed
[2025-09-27 13:09:19] WARN Node1 CPU usage high
[2025-09-27 13:09:33] INFO Node2 Connection established
[2025-09-27 13:09:46] INFO Node4 Heartbeat OK
[2025-09-27 13:09:47] ALARM Node4 Critical data loss risk
[2025-09-27 13:10:07] INFO Node1 Replication successful
[2025-09-27 13:10:19] WARN Node3 Disk I/O performance degraded
[2025-09-27 13:10:23] INFO Node2 Storage service started
[2025-09-27 13:10:34] INFO Node3 Backup completed
[2025-09-27 13:10:50] INFO Node2 Replication successful
[2025-09-27 13:11:05] ALARM Node2 Network timeout
[2025-09-27 13:11:13] ALARM Node1 Node unreachable
[2025-09-27 13:11:23] ALARM Node2 Network latency critical
[2025-09-27 13:11:29] INFO Node3 Backup completed
[2025-09-27 13:11:38] INFO Node3 Connection established
[2025-09-27 13:11:49] ALARM Node3 Node unreachable
[2025-09-27 13:11:58] WARN Node1 CPU usage high
[2025-09-27 13:12:08] WARN Node3 Disk I/O performance degraded
[2025-09-27 13:12:25] WARN Node2 High latency detected
[2025-09-27 13:12:36] ALARM Node1 Disk failed
[2025-09-27 13:12:49] WARN Node3 High latency detected
[2025-09-27 13:12:52] WARN Node1 Memory usage high
[2025-09-27 13:12:53] ALARM Node3 Network latency critical
[2025-09-27 13:12:58] WARN Node2 Memory usage high
[2025-09-27 13:12:59] WARN Node3 High latency detected
[2025-09-27 13:13:08] INFO Node2 Storage service started
[2025-09-27 13:13:27] WARN Node1 Disk I/O performance degraded
[2025-09-27 13:13:29] INFO Node2 Backup completed
[2025-09-27 13:13:44] ALARM Node4 Disk failed
[2025-09-27 13:13:51] INFO Node4 Heartbeat OK
[2025-09-27 13:14:01] INFO Node3 Storage service started
[2025-09-27 13:14:12] WARN Node4 CPU usage high
[2025-09-27 13:14:27] WARN Node1 Disk I/O performance degraded
[2025-09-27 13:14:32] INFO Node2 Heartbeat OK
[2025-09-27 13:14:49] WARN Node3 Network jitter observed
[2025-09-27 13:15:00] ALARM Node1 Critical data loss risk
[2025-09-27 13:15:16] WARN Node1 Disk I/O performance degraded
[2025-09-27 13:15:29] WARN Node2 CPU usage high
[2025-09-27 13:15:31] INFO Node3 Connection established
[2025-09-27 13:15:39] INFO Node1 Heartbeat OK
[2025-09-27 13:15:41] ALARM Node1 Node unreachable
[2025-09-27 13:15:51] WARN Node3 Disk I/O performance degraded
[2025-09-27 13:16:10] WARN Node1 CPU usage high
[2025-09-27 13:16:22] INFO Node3 Heartbeat OK
[2025-09-27 13:16:28] INFO Node3 Storage service started
[2025-09-27 13:16:44] INFO Node1 Replication successful
[2025-09-27 13:17:02] INFO Node2 Backup completed
[2025-09-27 13:17:22] INFO Node4 Storage service started
[2025-09-27 13:17:40] ALARM Node2 Critical data loss risk
[2025-09-27 13:17:52] WARN Node4 High latency detected
[2025-09-27 13:18:08] INFO Node4 Storage service started
[2025-09-27 13:18:17] ALARM Node2 Network latency critical
[2025-09-27 13:18:29] ALARM Node4 Disk failed
[2025-09-27 13:18:39] ALARM Node2 Network latency critical
[2025-09-27 13:18:40] INFO Node2 Heartbeat OK
[2025-09-27 13:18:47] INFO Node3 Connection established
[2025-09-27 13:19:00] INFO Node3 Storage service started
[2025-09-27 13:19:11] ALARM Node1 Node unreachable
[2025-09-27 13:19:29] WARN Node1 High latency detected
[2025-09-27 13:19:42] WARN Node4 Network jitter observed
[2025-09-27 13:19:59] INFO Node4 Replication successful
[2025-09-27 13:20:15] WARN Node1 High latency detected
[2025-09-27 13:20:31] WARN Node1 Disk I/O performance degraded
[2025-09-27 13:20:34] WARN Node1 Network jitter observed
[2025-09-27 13:20:45] ALARM Node3 Disk failed
[2025-09-27 13:20:58] INFO Node1 Replication successful
[2025-09-27 13:21:10] WARN Node2 CPU usage high
[2025-09-27 13:21:30] INFO Node1 Replication successful
[2025-09-27 13:21:32] INFO Node1 Backup completed
[2025-09-27 13:21:51] WARN Node4 CPU usage high
[2025-09-27 13:21:53] WARN Node2 Disk I/O performance degraded
[2025-09-27 13:22:01] WARN Node4 CPU usage high
[2025-09-27 13:22:17] INFO Node1 Storage service started
[2025-09-27 13:22:32] WARN Node3 Disk I/O performance degraded
[2025-09-27 13:22:47] ALARM Node2 Disk failed
[2025-09-27 13:22:48] ALARM Node2 Disk failed
[2025-09-27 13:23:03] WARN Node4 Disk I/O performance degraded
[2025-09-27 13:23:15] INFO Node1 Storage service started
[2025-09-27 13:23:30] ALARM Node3 Network timeout
[2025-09-27 13:23:37] ALARM Node4 Disk failed
[2025-09-27 13:23:56] WARN Node4 Disk I/O performance degraded
[2025-09-27 13:24:05] INFO Node3 Replication successful
[2025-09-27 13:24:07] ALARM Node3 Network latency critical
[2025-09-27 13:24:19] ALARM Node2 Critical data loss risk
[2025-09-27 13:24:26] WARN Node4 CPU usage high
[2025-09-27 13:24:36] WARN Node2 High latency detected
[2025-09-27 13:24:37] INFO Node1 Backup completed
[2025-09-27 13:24:48] INFO Node1 Heartbeat OK
[2025-09-27 13:24:58] INFO Node4 Connection established
[2025-09-27 13:25:02] INFO Node3 Connection established
[2025-09-27 13:25:19] WARN Node2 High latency detected
[2025-09-27 13:25:31] WARN Node1 Disk I/O performance degraded
[2025-09-27 13:25:51] ALARM Node1 Critical data loss risk
[2025-09-27 13:25:52] WARN Node3 Network jitter observed
[2025-09-27 13:26:00] ALARM Node2 Disk failed
[2025-09-27 13:26:15] ALARM Node1 Disk failed
[2025-09-27 13:26:17] ALARM Node3 Node unreachable
[2025-09-27 13:26:29] WARN Node4 Memory usage high
[2025-09-27 13:26:48] WARN Node1 High latency detected
[2025-09-27 13:26:50] INFO Node3 Storage service started
[2025-09-27 13:26:58] INFO Node1 Replication successful
[2025-09-27 13:27:17] ALARM Node1 Disk failed
[2025-09-27 13:27:23] INFO Node3 Replication successful
[2025-09-27 13:27:41] INFO Node2 Backup completed
[2025-09-27 13:27:57] INFO Node3 Storage service started
[2025-09-27 13:28:11] INFO Node2 Storage service started
[2025-09-27 13:28:25] INFO Node1 Storage service started
[2025-09-27 13:28:45] INFO Node4 Connection established
[2025-09-27 13:28:55] ALARM Node1 Network latency critical
[2025-09-27 13:29:09] WARN Node1 Network jitter observed
[2025-09-27 13:29:23] WARN Node1 Network jitter observed
[2025-09-27 13:29:39] INFO Node2 Backup completed
[2025-09-27 13:29:57] INFO Node2 Storage service started
[2025-09-27 13:30:08] ALARM Node3 Node unreachable
[2025-09-27 13:30:12] ALARM Node1 Network timeout
[2025-09-27 13:30:30] ALARM Node2 Node unreachable
[2025-09-27 13:30:47] INFO Node1 Connection established
[2025-09-27 13:31:02] INFO Node4 Connection established
[2025-09-27 13:31:19] INFO Node3 Storage service started
[2025-09-27 13:31:31] ALARM Node2 Disk failed
[2025-09-27 13:31:42] INFO Node2 Heartbeat OK
[2025-09-27 13:31:59] INFO Node2 Heartbeat OK
[2025-09-27 13:32:10] WARN Node2 Memory usage high
[2025-09-27 13:32:23] WARN Node1 Memory usage high
[2025-09-27 13:32:38] INFO Node3 Heartbeat OK
[2025-09-27 13:32:47] ALARM Node1 Network timeout
[2025-09-27 13:33:00] WARN Node1 Network jitter observed
[2025-09-27 13:33:03] WARN Node2 Network jitter observed
[2025-09-27 13:33:19] ALARM Node2 Disk failed
[2025-09-27 13:33:31] INFO Node2 Storage service started
[2025-09-27 13:33:40] ALARM Node1 Node unreachable
[2025-09-27 13:33:52] WARN Node4 Disk I/O performance degraded
[2025-09-27 13:34:08] ALARM Node2 Node unreachable
[2025-09-27 13:34:15] INFO Node4 Connection established
[2025-09-27 13:34:24] ALARM Node3 Disk failed
[2025-09-27 13:34:28] ALARM Node3 Critical data loss risk
[2025-09-27 13:34:29] INFO Node1 Storage service started
[2025-09-27 13:34:39] INFO Node1 Backup completed
[2025-09-27 13:34:59] INFO Node3 Replication successful
[2025-09-27 13:35:00] WARN Node3 High latency detected
[2025-09-27 13:35:15] ALARM Node4 Network timeout
[2025-09-27 13:35:16] ALARM Node3 Critical data loss risk
[2025-09-27 13:35:26] ALARM Node2 Critical data loss risk
[2025-09-27 13:35:34] WARN Node1 High latency detected
[2025-09-27 13:35:46] ALARM Node4 Network latency critical
[2025-09-27 13:35:53] ALARM Node3 Node unreachable
[2025-09-27 13:36:01] INFO Node1 Replication successful
[2025-09-27 13:36:03] ALARM Node2 Critical data loss risk
[2025-09-27 13:36:07] ALARM Node2 Critical data loss risk
[2025-09-27 13:36:12] ALARM Node4 Critical data loss risk
[2025-09-27 13:36:26] INFO Node4 Storage service started
[2025-09-27 13:36:42] WARN Node4 Network jitter observed
[2025-09-27 13:36:49] INFO Node1 Replication successful
[2025-09-27 13:36:52] ALARM Node4 Disk failed
[2025-09-27 13:36:59] INFO Node1 Connection established
[2025-09-27 13:37:05] ALARM Node1 Network timeout
[2025-09-27 13:37:15] INFO Node1 Backup completed
[2025-09-27 13:37:25] ALARM Node3 Node unreachable
[2025-09-27 13:37:40] ALARM Node1 Network latency critical
[2025-09-27 13:37:52] INFO Node3 Heartbeat OK
[2025-09-27 13:38:09] ALARM Node2 Disk failed
[2025-09-27 13:38:25] INFO Node4 Heartbeat OK
[2025-09-27 13:38:33] INFO Node2 Heartbeat OK
[2025-09-27 13:38:50] ALARM Node1 Node unreachable
[2025-09-27 13:38:59] INFO Node1 Heartbeat OK
[2025-09-27 13:39:09] INFO Node4 Replication successful
[2025-09-27 13:39:19] WARN Node4 CPU usage high
[2025-09-27 13:39:28] INFO Node2 Heartbeat OK
[2025-09-27 13:39:45] WARN Node4 CPU usage high
[2025-09-27 13:40:00] INFO Node2 Connection established
[2025-09-27 13:40:16] WARN Node3 Disk I/O performance degraded
[2025-09-27 13:40:18] INFO Node2 Replication successful
[2025-09-27 13:40:26] INFO Node3 Replication successful
[2025-09-27 13:40:29] WARN Node3 Disk I/O performance degraded
[2025-09-27 13:40:48] WARN Node4 CPU usage high
[2025-09-27 13:40:58] ALARM Node4 Critical data loss risk
[2025-09-27 13:41:16] WARN Node4 Memory usage high
[2025-09-27 13:41:30] INFO Node1 Replication successful
[2025-09-27 13:41:40] ALARM Node4 Network timeout
[2025-09-27 13:41:47] INFO Node4 Storage service started
[2025-09-27 13:41:53] ALARM Node2 Network latency critical
[2025-09-27 13:42:00] WARN Node4 Disk I/O performance degraded
[2025-09-27 13:42:14] ALARM Node1 Network latency critical
[2025-09-27 13:42:23] WARN Node2 Disk I/O performance degraded
[2025-09-27 13:42:29] ALARM Node1 Network latency critical
[2025-09-27 13:42:39] ALARM Node1 Node unreachable
[2025-09-27 13:42:43] WARN Node1 High latency detected
[2025-09-27 13:42:44] ALARM Node3 Node unreachable
[2025-09-27 13:42:46] INFO Node1 Connection established
[2025-09-27 13:42:55] WARN Node1 Network jitter observed
[2025-09-27 13:43:07] INFO Node3 Heartbeat OK
[2025-09-27 13:43:23] WARN Node2 Network jitter observed
[2025-09-27 13:43:35] WARN Node4 Network jitter observed
[2025-09-27 13:43:43] WARN Node4 High latency detected
[2025-09-27 13:44:01] WARN Node4 Disk I/O performance degraded
[2025-09-27 13:44:20] WARN Node1 Disk I/O performance degraded
[2025-09-27 13:44:27] WARN Node3 Disk I/O performance degraded
[2025-09-27 13:44:46] ALARM Node4 Critical data loss risk
[2025-09-27 13:44:58] INFO Node3 Connection established
[2025-09-27 13:45:07] ALARM Node1 Disk failed
[2025-09-27 13:45:24] WARN Node2 Disk I/O performance degraded
[2025-09-27 13:45:30] INFO Node3 Storage service started
[2025-09-27 13:45:42] INFO Node1 Replication successful
[2025-09-27 13:45:55] WARN Node4 High latency detected
[2025-09-27 13:46:03] ALARM Node3 Network latency critical
[2025-09-27 13:46:08] INFO Node1 Replication successful
[2025-09-27 13:46:24] ALARM Node4 Network latency critical
[2025-09-27 13:46:42] INFO Node2 Replication successful
[2025-09-27 13:46:48] INFO Node1 Replication successful
[2025-09-27 13:46:58] WARN Node1 Disk I/O performance degraded
[2025-09-27 13:47:05] ALARM Node2 Network timeout
[2025-09-27 13:47:08] INFO Node1 Heartbeat OK
[2025-09-27 13:47:20] WARN Node1 High latency detected
[2025-09-27 13:47:34] INFO Node2 Backup completed
[2025-09-27 13:47:42] ALARM Node4 Disk failed
[2025-09-27 13:47:43] INFO Node3 Connection established
[2025-09-27 13:47:46] ALARM Node4 Node unreachable
[2025-09-27 13:48:03] ALARM Node3 Network latency critical
[2025-09-27 13:48:10] INFO Node4 Backup completed
[2025-09-27 13:48:16] ALARM Node1 Critical data loss risk
[2025-09-27 13:48:36] WARN Node4 CPU usage high
[2025-09-27 13:48:54] ALARM Node3 Disk failed
[2025-09-27 13:48:59] WARN Node1 Disk I/O performance degraded
[2025-09-27 13:49:19] ALARM Node3 Disk failed
[2025-09-27 13:49:32] ALARM Node1 Network timeout
[2025-09-27 13:49:50] ALARM Node3 Network latency critical
[2025-09-27 13:49:52] ALARM Node4 Disk failed
[2025-09-27 13:49:55] INFO Node2 Backup completed
[2025-09-27 13:50:15] ALARM Node2 Node unreachable
[2025-09-27 13:50:24] WARN Node4 High latency detected
[2025-09-27 13:50:27] ALARM Node2 Network latency critical
[2025-09-27 13:50:33] INFO Node1 Replication successful
[2025-09-27 13:50:44] ALARM Node1 Network timeout
[2025-09-27 13:50:52] WARN Node3 CPU usage high
[2025-09-27 13:51:09] INFO Node1 Storage service started
[2025-09-27 13:51:23] INFO Node2 Storage service started
[2025-09-27 13:51:33] INFO Node1 Connection established
[2025-09-27 13:51:45] INFO Node3 Heartbeat OK
[2025-09-27 13:51:48] WARN Node2 Disk I/O performance degraded
[2025-09-27 13:52:08] INFO Node2 Connection established
[2025-09-27 13:52:27] INFO Node4 Heartbeat OK
[2025-09-27 13:52:28] INFO Node2 Storage service started
[2025-09-27 13:52:29] ALARM Node2 Network latency critical
[2025-09-27 13:52:41] INFO Node1 Storage service started
[2025-09-27 13:53:01] WARN Node4 Network jitter observed
[2025-09-27 13:53:08] ALARM Node2 Critical data loss risk
[2025-09-27 13:53:09] INFO Node3 Backup completed
[2025-09-27 13:53:15] INFO Node1 Connection established
[2025-09-27 13:53:24] INFO Node4 Heartbeat OK
[2025-09-27 13:53:35] WARN Node2 Disk I/O performance degraded
[2025-09-27 13:53:39] INFO Node2 Backup completed
[2025-09-27 13:53:49] ALARM Node1 Network latency critical
[2025-09-27 13:54:09] WARN Node3 CPU usage high
[2025-09-27 13:54:11] ALARM Node1 Disk failed
[2025-09-27 13:54:25] WARN Node4 High latency detected
[2025-09-27 13:54:33] WARN Node4 Disk I/O performance degraded
[2025-09-27 13:54:48] ALARM Node3 Disk failed
[2025-09-27 13:54:49] ALARM Node4 Network latency critical
[2025-09-27 13:54:59] WARN Node2 CPU usage high
[2025-09-27 13:55:06] WARN Node3 High latency detected
[2025-09-27 13:55:21] WARN Node4 Memory usage high
[2025-09-27 13:55:38] WARN Node2 Disk I/O performance degraded
[2025-09-27 13:55:46] INFO Node2 Storage service started
[2025-09-27 13:56:03] INFO Node4 Backup completed
[2025-09-27 13:56:09] WARN Node1 Memory usage high
[2025-09-27 13:56:17] INFO Node2 Connection established
[2025-09-27 13:56:34] ALARM Node3 Disk failed
[2025-09-27 13:56:50] ALARM Node2 Critical data loss risk
[2025-09-27 13:57:04] WARN Node2 CPU usage high
[2025-09-27 13:57:16] ALARM Node3 Network latency critical
[2025-09-27 13:57:33] ALARM Node3 Network timeout
[2025-09-27 13:57:41] INFO Node4 Connection established
[2025-09-27 13:57:58] ALARM Node1 Network timeout
[2025-09-27 13:58:13] ALARM Node2 Disk failed
[2025-09-27 13:58:18] ALARM Node3 Network timeout
[2025-09-27 13:58:26] INFO Node3 Storage service started
[2025-09-27 13:58:46] ALARM Node3 Network latency critical
[2025-09-27 13:58:49] ALARM Node4 Critical data loss risk
[2025-09-27 13:59:07] INFO Node1 Connection established
[2025-09-27 13:59:09] INFO Node3 Connection established
[2025-09-27 13:59:25] INFO Node3 Heartbeat OK
[2025-09-27 13:59:42] INFO Node3 Heartbeat OK
[2025-09-27 14:00:00] WARN Node2 Memory usage high
[2025-09-27 14:00:07] INFO Node3 Replication successful
[2025-09-27 14:00:11] ALARM Node3 Disk failed
[2025-09-27 14:00:16] ALARM Node1 Node unreachable
[2025-09-27 14:00:21] WARN Node2 Network jitter observed
[2025-09-27 14:00:41] INFO Node1 Heartbeat OK
[2025-09-27 14:00:58] ALARM Node4 Network latency critical
[2025-09-27 14:01:12] WARN Node1 Network jitter observed
[2025-09-27 14:01:30] WARN Node2 Disk I/O performance degraded
[2025-09-27 14:01:50] INFO Node2 Replication successful
[2025-09-27 14:02:00] ALARM Node2 Critical data loss risk
[2025-09-27 14:02:02] INFO Node2 Replication successful
[2025-09-27 14:02:14] WARN Node4 Disk I/O performance degraded
[2025-09-27 14:02:30] INFO Node1 Storage service started
[2025-09-27 14:02:36] WARN Node1 CPU usage high
[2025-09-27 14:02:47] ALARM Node2 Critical data loss risk
[2025-09-27 14:02:56] ALARM Node2 Network timeout
[2025-09-27 14:03:16] INFO Node1 Heartbeat OK
[2025-09-27 14:03:33] ALARM Node4 Critical data loss risk
[2025-09-27 14:03:35] ALARM Node3 Disk failed
[2025-09-27 14:03:53] WARN Node1 Network jitter observed
[2025-09-27 14:04:01] ALARM Node3 Node unreachable
[2025-09-27 14:04:06] ALARM Node3 Network latency critical
[2025-09-27 14:04:07] ALARM Node4 Network latency critical
[2025-09-27 14:04:25] INFO Node2 Backup completed
[2025-09-27 14:04:33] WARN Node3 Network jitter observed
[2025-09-27 14:04:37] WARN Node3 High latency detected
[2025-09-27 14:04:48] INFO Node2 Storage service started
[2025-09-27 14:04:50] INFO Node3 Storage service started
[2025-09-27 14:04:59] WARN Node3 Disk I/O performance degraded
[2025-09-27 14:05:05] WARN Node2 CPU usage high
[2025-09-27 14:05:06] ALARM Node3 Node unreachable
[2025-09-27 14:05:26] WARN Node1 High latency detected
[2025-09-27 14:05:43] ALARM Node1 Network timeout
[2025-09-27 14:05:58] ALARM Node4 Network timeout
[2025-09-27 14:06:00] INFO Node4 Connection established
[2025-09-27 14:06:15] WARN Node4 CPU usage high
[2025-09-27 14:06:18] ALARM Node3 Network timeout
[2025-09-27 14:06:38] INFO Node3 Heartbeat OK
[2025-09-27 14:06:51] WARN Node2 High latency detected
[2025-09-27 14:07:08] ALARM Node4 Node unreachable
[2025-09-27 14:07:15] ALARM Node1 Network latency critical
[2025-09-27 14:07:32] INFO Node1 Replication successful
[2025-09-27 14:07:36] WARN Node3 Network jitter observed
[2025-09-27 14:07:46] WARN Node4 Network jitter observed
[2025-09-27 14:07:58] ALARM Node1 Network timeout
[2025-09-27 14:08:14] WARN Node1 Memory usage high
[2025-09-27 14:08:33] INFO Node2 Connection established
[2025-09-27 14:08:36] ALARM Node3 Node unreachable
[2025-09-27 14:08:40] WARN Node1 Memory usage high
[2025-09-27 14:08:52] WARN Node4 Memory usage high
[2025-09-27 14:09:09] INFO Node2 Connection established
[2025-09-27 14:09:21] INFO Node2 Heartbeat OK
[2025-09-27 14:09:31] ALARM Node3 Network latency critical
[2025-09-27 14:09:47] ALARM Node2 Network latency critical
[2025-09-27 14:09:51] WARN Node4 Network jitter observed
[2025-09-27 14:10:06] WARN Node4 Memory usage high
[2025-09-27 14:10:07] WARN Node3 Disk I/O performance degraded
[2025-09-27 14:10:15] WARN Node2 Disk I/O performance degraded
[2025-09-27 14:10:27] ALARM Node1 Critical data loss risk
[2025-09-27 14:10:36] INFO Node1 Heartbeat OK
[2025-09-27 14:10:56] INFO Node3 Heartbeat OK
[2025-09-27 14:11:15] WARN Node1 High latency detected
[2025-09-27 14:11:19] ALARM Node4 Network timeout
[2025-09-27 14:11:25] INFO Node1 Storage service started
[2025-09-27 14:11:30] WARN Node2 High latency detected
[2025-09-27 14:11:32] WARN Node1 Memory usage high
[2025-09-27 14:11:39] ALARM Node1 Disk failed
[2025-09-27 14:11:53] WARN Node2 CPU usage high
[2025-09-27 14:12:00] ALARM Node1 Network latency critical
[2025-09-27 14:12:17] ALARM Node2 Network latency critical
[2025-09-27 14:12:24] WARN Node1 CPU usage high
[2025-09-27 14:12:36] WARN Node4 CPU usage high
[2025-09-27 14:12:55] INFO Node2 Connection established
[2025-09-27 14:12:57] ALARM Node2 Node unreachable
[2025-09-27 14:13:12] WARN Node3 Memory usage high
[2025-09-27 14:13:13] WARN Node2 High latency detected
[2025-09-27 14:13:27] ALARM Node4 Network latency critical
[2025-09-27 14:13:31] ALARM Node3 Network timeout
[2025-09-27 14:13:34] ALARM Node4 Network latency critical
[2025-09-27 14:13:36] ALARM Node4 Network timeout
[2025-09-27 14:13:46] INFO Node4 Storage service started
[2025-09-27 14:13:51] INFO Node3 Storage service started
[2025-09-27 14:13:57] ALARM Node3 Network latency critical
[2025-09-27 14:13:58] INFO Node2 Backup completed
[2025-09-27 14:14:15] WARN Node1 High latency detected
[2025-09-27 14:14:28] ALARM Node4 Network latency critical
[2025-09-27 14:14:38] INFO Node4 Backup completed
[2025-09-27 14:14:39] ALARM Node3 Network timeout
[2025-09-27 14:14:54] WARN Node3 Disk I/O performance degraded
[2025-09-27 14:15:10] INFO Node1 Connection established
[2025-09-27 14:15:30] WARN Node3 Network jitter observed
[2025-09-27 14:15:35] ALARM Node4 Node unreachable
[2025-09-27 14:15:52] WARN Node4 Disk I/O performance degraded
[2025-09-27 14:16:05] INFO Node3 Storage service started
[2025-09-27 14:16:16] WARN Node3 High latency detected
[2025-09-27 14:16:27] ALARM Node1 Node unreachable
[2025-09-27 14:16:34] ALARM Node1 Critical data loss risk
[2025-09-27 14:16:49] INFO Node1 Connection established
[2025-09-27 14:16:53] WARN Node2 CPU usage high
[2025-09-27 14:16:54] ALARM Node2 Critical data loss risk
[2025-09-27 14:17:02] INFO Node2 Connection established
[2025-09-27 14:17:15] WARN Node4 High latency detected
[2025-09-27 14:17:28] ALARM Node2 Network timeout
[2025-09-27 14:17:35] ALARM Node2 Network latency critical
[2025-09-27 14:17:53] WARN Node4 Memory usage high
[2025-09-27 14:17:57] INFO Node2 Replication successful
[2025-09-27 14:18:16] WARN Node2 High latency detected
[2025-09-27 14:18:22] WARN Node2 CPU usage high
[2025-09-27 14:18:35] INFO Node4 Connection established
[2025-09-27 14:18:37] INFO Node2 Backup completed
[2025-09-27 14:18:47] WARN Node2 Disk I/O performance degraded
[2025-09-27 14:19:01] ALARM Node1 Node unreachable
[2025-09-27 14:19:06] WARN Node1 Network jitter observed
[2025-09-27 14:19:12] INFO Node1 Heartbeat OK
[2025-09-27 14:19:13] ALARM Node2 Network latency critical
[2025-09-27 14:19:25] INFO Node4 Connection established
[2025-09-27 14:19:38] ALARM Node1 Node unreachable
[2025-09-27 14:19:46] INFO Node1 Backup completed
[2025-09-27 14:19:50] INFO Node2 Heartbeat OK
[2025-09-27 14:20:05] INFO Node3 Replication successful
[2025-09-27 14:20:15] ALARM Node2 Disk failed
[2025-09-27 14:20:18] ALARM Node3 Critical data loss risk
[2025-09-27 14:20:35] INFO Node2 Connection established
[2025-09-27 14:20:44] WARN Node3 Disk I/O performance degraded
[2025-09-27 14:20:49] ALARM Node4 Critical data loss risk
[2025-09-27 14:21:00] INFO Node3 Connection established
[2025-09-27 14:21:07] INFO Node1 Heartbeat OK
[2025-09-27 14:21:08] INFO Node3 Backup completed
[2025-09-27 14:21:18] ALARM Node1 Node unreachable
[2025-09-27 14:21:19] WARN Node3 Memory usage high
[2025-09-27 14:21:30] ALARM Node3 Disk failed
[2025-09-27 14:21:34] ALARM Node2 Critical data loss risk
[2025-09-27 14:21:47] WARN Node2 Network jitter observed
[2025-09-27 14:21:55] INFO Node4 Backup completed
[2025-09-27 14:21:57] INFO Node3 Storage service started
[2025-09-27 14:22:08] INFO Node3 Connection established
[2025-09-27 14:22:22] WARN Node3 CPU usage high
[2025-09-27 14:22:27] WARN Node4 High latency detected
[2025-09-27 14:22:36] ALARM Node1 Critical data loss risk
[2025-09-27 14:22:42] ALARM Node3 Disk failed
[2025-09-27 14:22:46] ALARM Node3 Disk failed
[2025-09-27 14:22:55] ALARM Node3 Disk failed
[2025-09-27 14:23:10] ALARM Node2 Critical data loss risk
[2025-09-27 14:23:24] WARN Node1 High latency detected
[2025-09-27 14:23:42] WARN Node3 Memory usage high
[2025-09-27 14:23:44] INFO Node1 Backup completed
[2025-09-27 14:23:49] INFO Node1 Connection established
[2025-09-27 14:23:56] WARN Node3 Network jitter observed
[2025-09-27 14:23:59] INFO Node2 Storage service started
[2025-09-27 14:24:10] WARN Node4 Memory usage high
[2025-09-27 14:24:27] WARN Node3 High latency detected
[2025-09-27 14:24:43] INFO Node2 Heartbeat OK
[2025-09-27 14:25:01] INFO Node4 Replication successful
[2025-09-27 14:25:03] ALARM Node2 Network latency critical
[2025-09-27 14:25:17] ALARM Node3 Network latency critical
[2025-09-27 14:25:24] ALARM Node2 Node unreachable
[2025-09-27 14:25:28] WARN Node1 Disk I/O performance degraded
[2025-09-27 14:25:45] WARN Node3 Disk I/O performance degraded
[2025-09-27 14:25:57] ALARM Node4 Network timeout
[2025-09-27 14:26:10] ALARM Node1 Network timeout
[2025-09-27 14:26:27] INFO Node1 Storage service started
[2025-09-27 14:26:31] WARN Node2 Disk I/O performance degraded
[2025-09-27 14:26:35] INFO Node3 Heartbeat OK
[2025-09-27 14:26:41] WARN Node3 Disk I/O performance degraded
[2025-09-27 14:26:55] ALARM Node2 Disk failed
[2025-09-27 14:27:01] ALARM Node2 Network latency critical
[2025-09-27 14:27:04] ALARM Node3 Node unreachable
[2025-09-27 14:27:06] INFO Node3 Backup completed
[2025-09-27 14:27:14] WARN Node1 Memory usage high
[2025-09-27 14:27:32] INFO Node4 Connection established
[2025-09-27 14:27:40] ALARM Node4 Disk failed
[2025-09-27 14:28:00] WARN Node2 Network jitter observed
[2025-09-27 14:28:09] WARN Node3 High latency detected
[2025-09-27 14:28:15] ALARM Node2 Critical data loss risk
[2025-09-27 14:28:28] INFO Node1 Storage service started
[2025-09-27 14:28:38] WARN Node3 Network jitter observed
[2025-09-27 14:28:39] WARN Node1 Disk I/O performance degraded
[2025-09-27 14:28:48] WARN Node4 Network jitter observed
[2025-09-27 14:29:05] INFO Node1 Replication successful
[2025-09-27 14:29:23] INFO Node2 Backup completed
[2025-09-27 14:29:35] ALARM Node3 Disk failed
[2025-09-27 14:29:49] WARN Node4 High latency detected
[2025-09-27 14:29:52] WARN Node1 Network jitter observed
[2025-09-27 14:30:05] INFO Node4 Storage service started
[2025-09-27 14:30:21] INFO Node3 Heartbeat OK
[2025-09-27 14:30:34] ALARM Node3 Disk failed
[2025-09-27 14:30:50] INFO Node4 Backup completed
[2025-09-27 14:30:54] WARN Node2 High latency detected
[2025-09-27 14:31:06] WARN Node2 High latency detected
[2025-09-27 14:31:23] INFO Node3 Connection established
[2025-09-27 14:31:28] ALARM Node3 Node unreachable
[2025-09-27 14:31:32] WARN Node4 High latency detected
[2025-09-27 14:31:42] INFO Node4 Storage service started
[2025-09-27 14:31:53] ALARM Node3 Network latency critical
[2025-09-27 14:32:00] WARN Node4 High latency detected
[2025-09-27 14:32:11] WARN Node3 Network jitter observed
[2025-09-27 14:32:21] ALARM Node1 Node unreachable
[2025-09-27 14:32:29] INFO Node3 Backup completed
[2025-09-27 14:32:36] ALARM Node4 Network timeout
[2025-09-27 14:32:39] WARN Node1 Network jitter observed
[2025-09-27 14:32:46] ALARM Node1 Node unreachable
[2025-09-27 14:33:06] WARN Node3 Network jitter observed
[2025-09-27 14:33:18] ALARM Node2 Critical data loss risk
[2025-09-27 14:33:35] ALARM Node3 Critical data loss risk
[2025-09-27 14:33:45] WARN Node4 Memory usage high
[2025-09-27 14:34:03] INFO Node1 Heartbeat OK
[2025-09-27 14:34:17] INFO Node4 Heartbeat OK
[2025-09-27 14:34:33] ALARM Node1 Network timeout
[2025-09-27 14:34:53] WARN Node1 Memory usage high
[2025-09-27 14:35:00] WARN Node2 High latency detected
[2025-09-27 14:35:02] ALARM Node4 Disk failed
[2025-09-27 14:35:09] WARN Node1 CPU usage high
[2025-09-27 14:35:25] WARN Node4 High latency detected
[2025-09-27 14:35:36] INFO Node1 Storage service started
[2025-09-27 14:35:38] INFO Node4 Heartbeat OK
[2025-09-27 14:35:42] INFO Node4 Replication successful
[2025-09-27 14:35:49] ALARM Node3 Network latency critical
[2025-09-27 14:35:53] ALARM Node1 Disk failed
[2025-09-27 14:36:06] WARN Node4 High latency detected
[2025-09-27 14:36:20] ALARM Node3 Critical data loss risk
[2025-09-27 14:36:21] INFO Node2 Replication successful
[2025-09-27 14:36:31] INFO Node1 Connection established
[2025-09-27 14:36:44] INFO Node2 Heartbeat OK
[2025-09-27 14:37:01] WARN Node2 High latency detected
[2025-09-27 14:37:06] INFO Node1 Heartbeat OK
[2025-09-27 14:37:10] INFO Node3 Heartbeat OK
[2025-09-27 14:37:21] WARN Node3 High latency detected
[2025-09-27 14:37:27] WARN Node3 CPU usage high
[2025-09-27 14:37:34] WARN Node1 CPU usage high
[2025-09-27 14:37:45] ALARM Node1 Disk failed
[2025-09-27 14:38:02] ALARM Node3 Critical data loss risk
[2025-09-27 14:38:08] ALARM Node2 Node unreachable
[2025-09-27 14:38:10] WARN Node2 Memory usage high
[2025-09-27 14:38:15] INFO Node2 Connection established
[2025-09-27 14:38:23] ALARM Node2 Critical data loss risk
[2025-09-27 14:38:33] INFO Node3 Replication successful
[2025-09-27 14:38:34] WARN Node4 High latency detected
[2025-09-27 14:38:44] ALARM Node3 Node unreachable
[2025-09-27 14:38:56] INFO Node3 Backup completed
[2025-09-27 14:39:05] ALARM Node2 Node unreachable
[2025-09-27 14:39:06] INFO Node3 Backup completed
[2025-09-27 14:39:24] INFO Node2 Backup completed
[2025-09-27 14:39:33] ALARM Node2 Disk failed
[2025-09-27 14:39:48] WARN Node4 Network jitter observed
[2025-09-27 14:40:03] WARN Node3 Memory usage high
[2025-09-27 14:40:11] INFO Node1 Heartbeat OK
[2025-09-27 14:40:19] INFO Node4 Replication successful
[2025-09-27 14:40:27] ALARM Node2 Disk failed
[2025-09-27 14:40:30] WARN Node2 Memory usage high
[2025-09-27 14:40:50] ALARM Node3 Disk failed
[2025-09-27 14:41:03] WARN Node3 Memory usage high
[2025-09-27 14:41:18] WARN Node3 Network jitter observed
[2025-09-27 14:41:27] INFO Node2 Heartbeat OK
[2025-09-27 14:41:32] ALARM Node4 Critical data loss risk
[2025-09-27 14:41:47] ALARM Node1 Node unreachable
[2025-09-27 14:41:50] WARN Node3 High latency detected
[2025-09-27 14:41:54] ALARM Node4 Disk failed
[2025-09-27 14:42:10] ALARM Node1 Disk failed
[2025-09-27 14:42:24] WARN Node4 Network jitter observed
[2025-09-27 14:42:28] ALARM Node2 Disk failed
[2025-09-27 14:42:44] ALARM Node1 Disk failed
[2025-09-27 14:43:01] WARN Node3 High latency detected
[2025-09-27 14:43:13] ALARM Node2 Network latency critical
[2025-09-27 14:43:15] INFO Node4 Backup completed
[2025-09-27 14:43:16] WARN Node2 CPU usage high
[2025-09-27 14:43:22] WARN Node4 Network jitter observed
[2025-09-27 14:43:39] WARN Node1 Memory usage high
[2025-09-27 14:43:46] INFO Node3 Connection established
[2025-09-27 14:43:51] WARN Node1 Disk I/O performance degraded
[2025-09-27 14:44:05] INFO Node2 Heartbeat OK
[2025-09-27 14:44:09] INFO Node4 Backup completed
[2025-09-27 14:44:21] ALARM Node1 Node unreachable
[2025-09-27 14:44:32] WARN Node1 Disk I/O performance degraded
[2025-09-27 14:44:50] WARN Node3 CPU usage high
[2025-09-27 14:45:07] INFO Node4 Replication successful
[2025-09-27 14:45:26] INFO Node2 Heartbeat OK
[2025-09-27 14:45:29] INFO Node2 Connection established
[2025-09-27 14:45:49] INFO Node2 Storage service started
[2025-09-27 14:45:50] ALARM Node3 Network latency critical
[2025-09-27 14:45:57] INFO Node1 Backup completed
[2025-09-27 14:46:08] ALARM Node1 Disk failed
[2025-09-27 14:46:26] WARN Node4 CPU usage high
[2025-09-27 14:46:27] ALARM Node3 Disk failed
[2025-09-27 14:46:44] WARN Node2 Network jitter observed
[2025-09-27 14:46:56] INFO Node4 Storage service started
[2025-09-27 14:46:58] INFO Node3 Connection established
[2025-09-27 14:47:11] WARN Node2 Memory usage high
[2025-09-27 14:47:31] ALARM Node4 Disk failed
[2025-09-27 14:47:47] WARN Node4 High latency detected
[2025-09-27 14:47:52] ALARM Node4 Disk failed
[2025-09-27 14:48:06] WARN Node4 Disk I/O performance degraded
[2025-09-27 14:48:16] ALARM Node1 Disk failed
[2025-09-27 14:48:25] INFO Node1 Backup completed
[2025-09-27 14:48:27] INFO Node2 Storage service started
[2025-09-27 14:48:28] WARN Node4 Memory usage high
[2025-09-27 14:48:42] ALARM Node1 Network timeout
[2025-09-27 14:48:49] WARN Node3 High latency detected
[2025-09-27 14:49:04] INFO Node1 Connection established
[2025-09-27 14:49:10] INFO Node3 Replication successful
[2025-09-27 14:49:21] INFO Node3 Replication successful
[2025-09-27 14:49:26] INFO Node4 Connection established
[2025-09-27 14:49:37] WARN Node3 CPU usage high
[2025-09-27 14:49:48] INFO Node1 Heartbeat OK
[2025-09-27 14:50:01] WARN Node1 Memory usage high
[2025-09-27 14:50:10] INFO Node1 Storage service started
[2025-09-27 14:50:15] ALARM Node2 Critical data loss risk
[2025-09-27 14:50:18] ALARM Node3 Disk failed
[2025-09-27 14:50:32] WARN Node3 High latency detected
[2025-09-27 14:50:50] ALARM Node4 Disk failed
[2025-09-27 14:51:07] WARN Node1 Memory usage high
[2025-09-27 14:51:23] ALARM Node1 Network timeout
[2025-09-27 14:51:30] ALARM Node2 Disk failed
[2025-09-27 14:51:39] WARN Node3 Disk I/O performance degraded
[2025-09-27 14:51:55] INFO Node3 Heartbeat OK
[2025-09-27 14:51:59] ALARM Node3 Disk failed
[2025-09-27 14:52:16] INFO Node2 Storage service started
[2025-09-27 14:52:17] WARN Node4 High latency detected
[2025-09-27 14:52:21] ALARM Node2 Disk failed
[2025-09-27 14:52:25] INFO Node4 Connection established
[2025-09-27 14:52:44] WARN Node2 Disk I/O performance degraded
[2025-09-27 14:52:48] WARN Node2 High latency detected
[2025-09-27 14:53:02] ALARM Node3 Disk failed
[2025-09-27 14:53:12] ALARM Node4 Node unreachable
[2025-09-27 14:53:29] INFO Node3 Heartbeat OK
[2025-09-27 14:53:38] INFO Node4 Storage service started
[2025-09-27 14:53:44] INFO Node2 Storage service started
[2025-09-27 14:53:48] ALARM Node4 Network latency critical
[2025-09-27 14:53:49] WARN Node3 High latency detected
[2025-09-27 14:54:02] ALARM Node2 Node unreachable
[2025-09-27 14:54:18] ALARM Node1 Critical data loss risk
[2025-09-27 14:54:24] ALARM Node2 Network latency critical
[2025-09-27 14:54:38] WARN Node4 High latency detected
[2025-09-27 14:54:49] ALARM Node1 Node unreachable
[2025-09-27 14:54:59] INFO Node3 Replication successful
[2025-09-27 14:55:08] ALARM Node2 Network latency critical
[2025-09-27 14:55:19] ALARM Node4 Node unreachable
[2025-09-27 14:55:29] WARN Node1 Memory usage high
[2025-09-27 14:55:40] WARN Node2 Memory usage high
[2025-09-27 14:55:57] ALARM Node3 Critical data loss risk
[2025-09-27 14:56:08] INFO Node4 Storage service started
[2025-09-27 14:56:16] INFO Node4 Heartbeat OK
[2025-09-27 14:56:33] INFO Node2 Connection established
[2025-09-27 14:56:48] INFO Node4 Connection established
[2025-09-27 14:57:05] WARN Node1 High latency detected
[2025-09-27 14:57:15] WARN Node4 CPU usage high
[2025-09-27 14:57:29] ALARM Node1 Node unreachable
[2025-09-27 14:57:49] ALARM Node2 Node unreachable
[2025-09-27 14:57:59] INFO Node4 Heartbeat OK
[2025-09-27 14:58:09] INFO Node1 Storage service started
[2025-09-27 14:58:23] INFO Node3 Storage service started
[2025-09-27 14:58:27] ALARM Node1 Network latency critical
[2025-09-27 14:58:41] INFO Node2 Replication successful
[2025-09-27 14:58:44] INFO Node3 Connection established
[2025-09-27 14:59:02] WARN Node1 Network jitter observed
[2025-09-27 14:59:19] INFO Node3 Backup completed
[2025-09-27 14:59:32] ALARM Node2 Disk failed
[2025-09-27 14:59:34] ALARM Node4 Critical data loss risk
[2025-09-27 14:59:52] INFO Node4 Heartbeat OK
[2025-09-27 15:00:02] WARN Node3 Memory usage high
[2025-09-27 15:00:08] ALARM Node1 Disk failed
[2025-09-27 15:00:25] WARN Node3 Disk I/O performance degraded
[2025-09-27 15:00:32] WARN Node4 High latency detected
[2025-09-27 15:00:45] INFO Node1 Storage service started
[2025-09-27 15:00:56] INFO Node1 Connection established
[2025-09-27 15:01:14] INFO Node2 Heartbeat OK
[2025-09-27 15:01:20] WARN Node1 Network jitter observed
[2025-09-27 15:01:30] WARN Node2 Network jitter observed
[2025-09-27 15:01:31] ALARM Node2 Disk failed
[2025-09-27 15:01:47] INFO Node1 Heartbeat OK
[2025-09-27 15:01:58] WARN Node1 Network jitter observed
[2025-09-27 15:02:00] WARN Node3 Memory usage high
[2025-09-27 15:02:18] WARN Node1 Network jitter observed
[2025-09-27 15:02:23] INFO Node2 Backup completed
[2025-09-27 15:02:28] ALARM Node1 Network latency critical
[2025-09-27 15:02:44] WARN Node4 Memory usage high
[2025-09-27 15:03:01] WARN Node4 Network jitter observed
[2025-09-27 15:03:07] ALARM Node4 Network latency critical
[2025-09-27 15:03:15] INFO Node4 Connection established
[2025-09-27 15:03:27] INFO Node2 Storage service started
[2025-09-27 15:03:28] ALARM Node1 Disk failed
[2025-09-27 15:03:33] WARN Node1 Network jitter observed
[2025-09-27 15:03:34] ALARM Node3 Critical data loss risk
[2025-09-27 15:03:53] INFO Node3 Heartbeat OK
[2025-09-27 15:04:01] WARN Node3 Disk I/O performance degraded
[2025-09-27 15:04:09] INFO Node3 Replication successful
[2025-09-27 15:04:11] WARN Node4 Memory usage high
[2025-09-27 15:04:28] ALARM Node2 Critical data loss risk
[2025-09-27 15:04:42] ALARM Node1 Critical data loss risk
[2025-09-27 15:05:00] INFO Node3 Backup completed
[2025-09-27 15:05:13] INFO Node2 Connection established
[2025-09-27 15:05:21] WARN Node3 CPU usage high
[2025-09-27 15:05:32] WARN Node2 Network jitter observed
[2025-09-27 15:05:37] ALARM Node3 Disk failed
[2025-09-27 15:05:45] INFO Node1 Backup completed
[2025-09-27 15:05:55] INFO Node4 Replication successful
[2025-09-27 15:05:56] WARN Node3 Disk I/O performance degraded
[2025-09-27 15:05:57] INFO Node3 Connection established
[2025-09-27 15:06:02] ALARM Node2 Node unreachable
[2025-09-27 15:06:13] INFO Node2 Heartbeat OK
[2025-09-27 15:06:33] INFO Node4 Storage service started
[2025-09-27 15:06:51] WARN Node3 High latency detected
[2025-09-27 15:06:55] WARN Node2 CPU usage high
[2025-09-27 15:07:02] ALARM Node1 Network timeout
[2025-09-27 15:07:11] ALARM Node2 Network latency critical
[2025-09-27 15:07:28] WARN Node2 Network jitter observed
[2025-09-27 15:07:41] WARN Node4 Network jitter observed
[2025-09-27 15:07:47] WARN Node2 Disk I/O performance degraded
[2025-09-27 15:08:04] INFO Node3 Replication successful
[2025-09-27 15:08:16] INFO Node4 Storage service started
[2025-09-27 15:08:31] ALARM Node3 Disk failed
[2025-09-27 15:08:37] INFO Node4 Backup completed
[2025-09-27 15:08:42] WARN Node1 High latency detected
[2025-09-27 15:08:52] WARN Node1 Disk I/O performance degraded
[2025-09-27 15:08:56] ALARM Node2 Network latency critical
[2025-09-27 15:09:13] ALARM Node3 Node unreachable
[2025-09-27 15:09:25] ALARM Node1 Disk failed
[2025-09-27 15:09:29] WARN Node4 High latency detected
[2025-09-27 15:09:46] ALARM Node4 Disk failed
[2025-09-27 15:10:06] WARN Node2 Network jitter observed
[2025-09-27 15:10:13] WARN Node2 Memory usage high
[2025-09-27 15:10:28] INFO Node3 Heartbeat OK
[2025-09-27 15:10:30] INFO Node1 Connection established
[2025-09-27 15:10:42] ALARM Node2 Network latency critical
[2025-09-27 15:10:53] ALARM Node2 Node unreachable
[2025-09-27 15:11:13] INFO Node4 Heartbeat OK
[2025-09-27 15:11:32] INFO Node1 Heartbeat OK
[2025-09-27 15:11:38] ALARM Node2 Node unreachable
[2025-09-27 15:11:42] ALARM Node1 Network timeout
[2025-09-27 15:11:45] WARN Node4 CPU usage high
[2025-09-27 15:12:04] WARN Node4 CPU usage high
[2025-09-27 15:12:17] ALARM Node4 Network timeout
[2025-09-27 15:12:29] INFO Node1 Heartbeat OK
[2025-09-27 15:12:30] INFO Node2 Connection established
[2025-09-27 15:12:47] INFO Node2 Heartbeat OK
[2025-09-27 15:13:05] INFO Node2 Backup completed
[2025-09-27 15:13:13] INFO Node3 Replication successful
[2025-09-27 15:13:26] WARN Node3 Network jitter observed
[2025-09-27 15:13:44] INFO Node2 Backup completed
[2025-09-27 15:13:47] WARN Node1 Network jitter observed
[2025-09-27 15:13:53] WARN Node2 High latency detected
[2025-09-27 15:14:08] ALARM Node2 Critical data loss risk
[2025-09-27 15:14:12] INFO Node2 Backup completed
[2025-09-27 15:14:21] WARN Node4 Network jitter observed
[2025-09-27 15:14:35] WARN Node2 Disk I/O performance degraded
[2025-09-27 15:14:46] WARN Node2 CPU usage high
[2025-09-27 15:14:56] INFO Node1 Backup completed
[2025-09-27 15:15:02] ALARM Node2 Node unreachable
[2025-09-27 15:15:09] INFO Node1 Storage service started
[2025-09-27 15:15:13] INFO Node3 Backup completed
[2025-09-27 15:15:32] INFO Node2 Heartbeat OK
[2025-09-27 15:15:51] INFO Node1 Backup completed
[2025-09-27 15:15:58] ALARM Node4 Network timeout
[2025-09-27 15:16:05] INFO Node3 Storage service started
[2025-09-27 15:16:14] ALARM Node3 Network timeout
[2025-09-27 15:16:24] WARN Node2 Memory usage high
[2025-09-27 15:16:30] WARN Node2 Network jitter observed
[2025-09-27 15:16:43] INFO Node1 Replication successful
[2025-09-27 15:16:47] WARN Node1 Network jitter observed
[2025-09-27 15:17:06] WARN Node2 Memory usage high
[2025-09-27 15:17:23] ALARM Node2 Disk failed
[2025-09-27 15:17:36] ALARM Node2 Network latency critical
[2025-09-27 15:17:55] ALARM Node1 Network latency critical
[2025-09-27 15:18:11] INFO Node1 Connection established
[2025-09-27 15:18:25] WARN Node3 High latency detected
[2025-09-27 15:18:30] WARN Node3 High latency detected
[2025-09-27 15:18:34] INFO Node2 Heartbeat OK
[2025-09-27 15:18:41] INFO Node2 Replication successful
[2025-09-27 15:18:51] INFO Node3 Replication successful
[2025-09-27 15:19:04] ALARM Node2 Network latency critical
[2025-09-27 15:19:05] INFO Node3 Replication successful
[2025-09-27 15:19:18] INFO Node3 Heartbeat OK
[2025-09-27 15:19:22] INFO Node2 Backup completed
[2025-09-27 15:19:42] ALARM Node1 Network timeout
[2025-09-27 15:19:59] INFO Node1 Backup completed
[2025-09-27 15:20:08] INFO Node1 Storage service started
[2025-09-27 15:20:25] INFO Node1 Heartbeat OK
[2025-09-27 15:20:39] INFO Node2 Backup completed
[2025-09-27 15:20:40] INFO Node4 Connection established
[2025-09-27 15:20:59] WARN Node4 CPU usage high
[2025-09-27 15:21:06] ALARM Node1 Critical data loss risk
[2025-09-27 15:21:13] WARN Node4 Disk I/O performance degraded
[2025-09-27 15:21:26] WARN Node3 Memory usage high
[2025-09-27 15:21:45] INFO Node2 Replication successful
[2025-09-27 15:21:57] ALARM Node1 Network timeout
[2025-09-27 15:22:05] WARN Node2 CPU usage high
[2025-09-27 15:22:10] INFO Node2 Replication successful
[2025-09-27 15:22:24] WARN Node2 Memory usage high
[2025-09-27 15:22:43] WARN Node3 Memory usage high
[2025-09-27 15:22:55] WARN Node1 Network jitter observed
[2025-09-27 15:22:59] WARN Node1 Memory usage high
[2025-09-27 15:23:13] INFO Node1 Backup completed
[2025-09-27 15:23:27] WARN Node4 CPU usage high
[2025-09-27 15:23:33] WARN Node2 High latency detected
[2025-09-27 15:23:46] WARN Node3 CPU usage high
[2025-09-27 15:23:50] ALARM Node2 Disk failed
[2025-09-27 15:24:00] INFO Node2 Backup completed
[2025-09-27 15:24:16] WARN Node2 Memory usage high
[2025-09-27 15:24:33] INFO Node4 Storage service started
[2025-09-27 15:24:35] WARN Node4 High latency detected
[2025-09-27 15:24:43] WARN Node3 Disk I/O performance degraded
[2025-09-27 15:25:02] INFO Node4 Replication successful
[2025-09-27 15:25:22] WARN Node2 High latency detected
[2025-09-27 15:25:24] INFO Node4 Storage service started
[2025-09-27 15:25:44] WARN Node2 CPU usage high
[2025-09-27 15:25:47] INFO Node3 Storage service started
[2025-09-27 15:25:58] INFO Node1 Backup completed
[2025-09-27 15:25:59] ALARM Node3 Critical data loss risk
[2025-09-27 15:26:02] INFO Node4 Replication successful
[2025-09-27 15:26:18] WARN Node3 CPU usage high
[2025-09-27 15:26:25] WARN Node1 Network jitter observed
[2025-09-27 15:26:45] ALARM Node1 Network latency critical
[2025-09-27 15:26:47] WARN Node4 Disk I/O performance degraded
[2025-09-27 15:26:53] INFO Node4 Storage service started
[2025-09-27 15:27:07] INFO Node2 Backup completed
[2025-09-27 15:27:17] INFO Node2 Storage service started
[2025-09-27 15:27:37] ALARM Node3 Disk failed
[2025-09-27 15:27:52] ALARM Node2 Network timeout
[2025-09-27 15:28:02] INFO Node4 Heartbeat OK
[2025-09-27 15:28:19] WARN Node3 Memory usage high
[2025-09-27 15:28:23] INFO Node3 Backup completed
[2025-09-27 15:28:28] INFO Node1 Backup completed
[2025-09-27 15:28:39] WARN Node3 Disk I/O performance degraded
[2025-09-27 15:28:53] INFO Node2 Replication successful
[2025-09-27 15:29:03] WARN Node4 High latency detected
[2025-09-27 15:29:20] INFO Node1 Backup completed
[2025-09-27 15:29:21] WARN Node2 Memory usage high
[2025-09-27 15:29:24] INFO Node4 Backup completed
[2025-09-27 15:29:35] ALARM Node4 Network latency critical
[2025-09-27 15:29:38] INFO Node4 Backup completed
[2025-09-27 15:29:53] WARN Node3 Disk I/O performance degraded
[2025-09-27 15:30:08] INFO Node2 Backup completed
[2025-09-27 15:30:09] INFO Node3 Replication successful
[2025-09-27 15:30:18] INFO Node2 Heartbeat OK
[2025-09-27 15:30:32] ALARM Node2 Disk failed
[2025-09-27 15:30:41] ALARM Node1 Disk failed
[2025-09-27 15:30:53] INFO Node1 Storage service started
[2025-09-27 15:31:12] INFO Node3 Replication successful
[2025-09-27 15:31:19] INFO Node4 Heartbeat OK
[2025-09-27 15:31:31] ALARM Node3 Network timeout
[2025-09-27 15:31:37] INFO Node1 Heartbeat OK
[2025-09-27 15:31:46] INFO Node4 Backup completed
[2025-09-27 15:31:58] ALARM Node2 Network timeout
[2025-09-27 15:31:59] INFO Node2 Backup completed
[2025-09-27 15:32:11] INFO Node1 Backup completed
[2025-09-27 15:32:13] WARN Node2 Disk I/O performance degraded
[2025-09-27 15:32:20] WARN Node1 Network jitter observed
[2025-09-27 15:32:27] INFO Node3 Heartbeat OK
[2025-09-27 15:32:45] ALARM Node4 Disk failed
[2025-09-27 15:32:47] ALARM Node4 Disk failed
[2025-09-27 15:33:05] INFO Node2 Replication successful
[2025-09-27 15:33:21] ALARM Node3 Disk failed
[2025-09-27 15:33:34] ALARM Node2 Network timeout
[2025-09-27 15:33:46] ALARM Node1 Network timeout
[2025-09-27 15:33:52] ALARM Node2 Network latency critical
[2025-09-27 15:34:05] INFO Node4 Heartbeat OK
[2025-09-27 15:34:10] WARN Node4 Network jitter observed
[2025-09-27 15:34:29] INFO Node4 Backup completed
[2025-09-27 15:34:46] ALARM Node2 Node unreachable
[2025-09-27 15:35:05] ALARM Node1 Network latency critical
[2025-09-27 15:35:11] INFO Node3 Heartbeat OK
[2025-09-27 15:35:18] ALARM Node4 Disk failed
[2025-09-27 15:35:27] WARN Node2 High latency detected
[2025-09-27 15:35:33] ALARM Node3 Network timeout
[2025-09-27 15:35:52] WARN Node1 Network jitter observed
[2025-09-27 15:35:59] ALARM Node4 Network latency critical
[2025-09-27 15:36:03] WARN Node2 Network jitter observed
[2025-09-27 15:36:07] ALARM Node2 Critical data loss risk
[2025-09-27 15:36:12] WARN Node1 Memory usage high
[2025-09-27 15:36:23] ALARM Node1 Disk failed
[2025-09-27 15:36:33] WARN Node2 CPU usage high
[2025-09-27 15:36:39] ALARM Node4 Critical data loss risk
[2025-09-27 15:36:53] ALARM Node2 Critical data loss risk
[2025-09-27 15:37:10] INFO Node1 Storage service started
[2025-09-27 15:37:29] INFO Node4 Storage service started
[2025-09-27 15:37:43] WARN Node4 Memory usage high
[2025-09-27 15:37:53] INFO Node2 Storage service started
[2025-09-27 15:38:03] WARN Node3 Memory usage high
[2025-09-27 15:38:13] WARN Node1 Memory usage high
[2025-09-27 15:38:20] ALARM Node4 Node unreachable
[2025-09-27 15:38:30] INFO Node1 Backup completed
[2025-09-27 15:38:47] INFO Node3 Connection established
[2025-09-27 15:38:49] INFO Node4 Backup completed
[2025-09-27 15:38:57] INFO Node1 Replication successful
[2025-09-27 15:39:08] WARN Node4 Disk I/O performance degraded
[2025-09-27 15:39:23] INFO Node2 Heartbeat OK
[2025-09-27 15:39:42] ALARM Node1 Disk failed
[2025-09-27 15:39:46] ALARM Node1 Critical data loss risk
[2025-09-27 15:39:47] ALARM Node4 Node unreachable
[2025-09-27 15:39:57] INFO Node3 Backup completed
[2025-09-27 15:40:01] ALARM Node4 Network timeout
[2025-09-27 15:40:15] INFO Node1 Backup completed
[2025-09-27 15:40:22] INFO Node1 Replication successful
[2025-09-27 15:40:28] INFO Node1 Storage service started
[2025-09-27 15:40:39] ALARM Node3 Critical data loss risk
[2025-09-27 15:40:43] INFO Node2 Storage service started
[2025-09-27 15:40:59] ALARM Node3 Node unreachable
[2025-09-27 15:41:12] INFO Node2 Backup completed
[2025-09-27 15:41:16] INFO Node2 Backup completed
[2025-09-27 15:41:26] WARN Node1 High latency detected
[2025-09-27 15:41:43] ALARM Node2 Network latency critical
[2025-09-27 15:42:01] ALARM Node4 Network timeout
[2025-09-27 15:42:12] INFO Node1 Backup completed
[2025-09-27 15:42:16] WARN Node1 High latency detected
[2025-09-27 15:42:21] WARN Node2 High latency detected
[2025-09-27 15:42:36] ALARM Node4 Network latency critical
[2025-09-27 15:42:43] INFO Node4 Heartbeat OK
[2025-09-27 15:42:58] WARN Node4 Memory usage high
[2025-09-27 15:43:05] ALARM Node1 Network timeout
[2025-09-27 15:43:23] ALARM Node2 Network timeout
[2025-09-27 15:43:25] INFO Node4 Backup completed
[2025-09-27 15:43:28] INFO Node1 Heartbeat OK
[2025-09-27 15:43:34] ALARM Node1 Node unreachable
[2025-09-27 15:43:48] INFO Node3 Backup completed
[2025-09-27 15:43:55] ALARM Node3 Disk failed
[2025-09-27 15:44:14] ALARM Node2 Disk failed
[2025-09-27 15:44:29] WARN Node4 CPU usage high
[2025-09-27 15:44:40] INFO Node1 Backup completed
[2025-09-27 15:44:51] INFO Node3 Heartbeat OK
[2025-09-27 15:44:57] ALARM Node3 Node unreachable
[2025-09-27 15:45:09] WARN Node2 CPU usage high
[2025-09-27 15:45:20] WARN Node4 Memory usage high
[2025-09-27 15:45:34] INFO Node4 Connection established
[2025-09-27 15:45:54] ALARM Node4 Disk failed
[2025-09-27 15:46:03] WARN Node3 Network jitter observed
[2025-09-27 15:46:19] INFO Node2 Heartbeat OK
[2025-09-27 15:46:30] INFO Node4 Replication successful
[2025-09-27 15:46:49] WARN Node2 Disk I/O performance degraded
[2025-09-27 15:46:55] ALARM Node3 Node unreachable
[2025-09-27 15:47:03] ALARM Node4 Network timeout
[2025-09-27 15:47:12] INFO Node3 Storage service started
[2025-09-27 15:47:15] INFO Node3 Replication successful
[2025-09-27 15:47:17] INFO Node3 Storage service started
[2025-09-27 15:47:36] WARN Node4 Memory usage high
[2025-09-27 15:47:52] WARN Node2 CPU usage high
[2025-09-27 15:48:02] ALARM Node3 Network timeout
[2025-09-27 15:48:19] WARN Node4 Network jitter observed
[2025-09-27 15:48:35] ALARM Node4 Critical data loss risk
[2025-09-27 15:48:49] WARN Node3 Disk I/O performance degraded
[2025-09-27 15:49:07] ALARM Node3 Network latency critical
[2025-09-27 15:49:09] ALARM Node1 Node unreachable
[2025-09-27 15:49:18] WARN Node2 Memory usage high
[2025-09-27 15:49:29] ALARM Node4 Network latency critical
[2025-09-27 15:49:44] INFO Node3 Heartbeat OK
[2025-09-27 15:49:49] ALARM Node1 Node unreachable
[2025-09-27 15:49:52] INFO Node4 Storage service started
[2025-09-27 15:50:09] INFO Node1 Connection established
[2025-09-27 15:50:23] WARN Node2 Network jitter observed
[2025-09-27 15:50:40] ALARM Node1 Network latency critical
[2025-09-27 15:50:59] WARN Node1 High latency detected
[2025-09-27 15:51:17] WARN Node2 High latency detected
[2025-09-27 15:51:37] WARN Node4 Memory usage high
[2025-09-27 15:51:46] WARN Node4 High latency detected
[2025-09-27 15:51:58] INFO Node3 Backup completed
[2025-09-27 15:52:18] INFO Node4 Heartbeat OK
[2025-09-27 15:52:24] ALARM Node4 Network timeout
[2025-09-27 15:52:36] WARN Node4 CPU usage high
[2025-09-27 15:52:46] ALARM Node3 Disk failed
[2025-09-27 15:52:51] INFO Node4 Backup completed
[2025-09-27 15:52:59] INFO Node1 Heartbeat OK
[2025-09-27 15:53:02] ALARM Node3 Disk failed
[2025-09-27 15:53:06] WARN Node3 CPU usage high
[2025-09-27 15:53:13] ALARM Node4 Network timeout
[2025-09-27 15:53:18] INFO Node3 Replication successful
[2025-09-27 15:53:30] WARN Node4 Disk I/O performance degraded
[2025-09-27 15:53:41] WARN Node1 High latency detected
[2025-09-27 15:53:44] INFO Node2 Connection established
[2025-09-27 15:53:46] ALARM Node1 Network timeout
[2025-09-27 15:53:53] ALARM Node1 Network timeout
[2025-09-27 15:54:04] WARN Node4 CPU usage high
[2025-09-27 15:54:13] INFO Node3 Heartbeat OK
[2025-09-27 15:54:18] WARN Node1 CPU usage high
[2025-09-27 15:54:31] ALARM Node1 Network latency critical
[2025-09-27 15:54:48] INFO Node2 Replication successful
[2025-09-27 15:55:07] WARN Node3 Disk I/O performance degraded
[2025-09-27 15:55:13] INFO Node2 Backup completed
[2025-09-27 15:55:16] ALARM Node4 Network latency critical
[2025-09-27 15:55:30] ALARM Node1 Network latency critical
[2025-09-27 15:55:41] WARN Node1 Network jitter observed
[2025-09-27 15:55:46] ALARM Node4 Disk failed
[2025-09-27 15:56:06] INFO Node3 Storage service started
[2025-09-27 15:56:16] ALARM Node2 Disk failed
[2025-09-27 15:56:27] WARN Node4 Disk I/O performance degraded
[2025-09-27 15:56:35] INFO Node4 Backup completed
[2025-09-27 15:56:52] ALARM Node1 Disk failed
[2025-09-27 15:57:10] WARN Node2 High latency detected
[2025-09-27 15:57:11] WARN Node4 Disk I/O performance degraded
[2025-09-27 15:57:31] WARN Node4 CPU usage high
[2025-09-27 15:57:40] INFO Node3 Connection established
[2025-09-27 15:57:45] INFO Node4 Connection established
[2025-09-27 15:57:46] INFO Node3 Backup completed
[2025-09-27 15:58:06] ALARM Node1 Network latency critical
[2025-09-27 15:58:13] WARN Node2 High latency detected
[2025-09-27 15:58:30] INFO Node1 Storage service started
[2025-09-27 15:58:49] INFO Node1 Storage service started
[2025-09-27 15:59:05] ALARM Node3 Network latency critical
[2025-09-27 15:59:25] INFO Node4 Replication successful
[2025-09-27 15:59:39] WARN Node2 Disk I/O performance degraded
[2025-09-27 15:59:50] WARN Node2 CPU usage high
[2025-09-27 16:00:00] WARN Node3 CPU usage high
[2025-09-27 16:00:05] WARN Node3 Memory usage high
[2025-09-27 16:00:13] WARN Node1 Network jitter observed
[2025-09-27 16:00:31] INFO Node1 Connection established
[2025-09-27 16:00:39] WARN Node4 CPU usage high
[2025-09-27 16:00:42] ALARM Node4 Network timeout
[2025-09-27 16:00:45] ALARM Node1 Network latency critical
[2025-09-27 16:00:59] INFO Node1 Heartbeat OK
[2025-09-27 16:01:03] WARN Node3 Network jitter observed
[2025-09-27 16:01:05] WARN Node1 Network jitter observed
[2025-09-27 16:01:07] WARN Node2 Memory usage high
[2025-09-27 16:01:23] INFO Node4 Connection established
[2025-09-27 16:01:37] WARN Node2 High latency detected
[2025-09-27 16:01:52] INFO Node4 Replication successful
[2025-09-27 16:02:10] INFO Node2 Backup completed
[2025-09-27 16:02:29] ALARM Node1 Network latency critical
[2025-09-27 16:02:47] INFO Node2 Connection established
[2025-09-27 16:02:48] INFO Node2 Heartbeat OK
[2025-09-27 16:03:00] ALARM Node1 Network latency critical
[2025-09-27 16:03:18] ALARM Node3 Critical data loss risk
[2025-09-27 16:03:27] WARN Node3 CPU usage high
[2025-09-27 16:03:32] ALARM Node3 Network latency critical
[2025-09-27 16:03:48] ALARM Node1 Disk failed
[2025-09-27 16:04:04] INFO Node4 Connection established
[2025-09-27 16:04:18] INFO Node3 Replication successful
[2025-09-27 16:04:20] ALARM Node1 Network latency critical
[2025-09-27 16:04:39] INFO Node2 Connection established
[2025-09-27 16:04:46] INFO Node2 Backup completed
[2025-09-27 16:04:58] INFO Node3 Heartbeat OK
[2025-09-27 16:05:18] WARN Node2 Network jitter observed
[2025-09-27 16:05:35] INFO Node2 Replication successful
[2025-09-27 16:05:48] INFO Node4 Heartbeat OK
[2025-09-27 16:05:59] ALARM Node1 Node unreachable
[2025-09-27 16:06:13] INFO Node4 Backup completed
[2025-09-27 16:06:25] INFO Node4 Heartbeat OK
[2025-09-27 16:06:35] WARN Node4 High latency detected
[2025-09-27 16:06:50] ALARM Node2 Critical data loss risk
[2025-09-27 16:07:03] WARN Node2 Disk I/O performance degraded
[2025-09-27 16:07:05] ALARM Node4 Critical data loss risk
[2025-09-27 16:07:23] ALARM Node2 Critical data loss risk
[2025-09-27 16:07:27] ALARM Node2 Node unreachable
[2025-09-27 16:07:38] WARN Node3 Memory usage high
[2025-09-27 16:07:45] INFO Node3 Connection established
[2025-09-27 16:07:49] INFO Node3 Replication successful
[2025-09-27 16:08:06] INFO Node1 Storage service started
[2025-09-27 16:08:17] WARN Node2 CPU usage high
[2025-09-27 16:08:29] WARN Node1 High latency detected
[2025-09-27 16:08:35] WARN Node4 Memory usage high
[2025-09-27 16:08:36] INFO Node2 Backup completed
[2025-09-27 16:08:48] ALARM Node2 Disk failed
[2025-09-27 16:08:54] ALARM Node1 Disk failed
[2025-09-27 16:09:13] ALARM Node4 Network latency critical
[2025-09-27 16:09:28] ALARM Node2 Disk failed
[2025-09-27 16:09:41] WARN Node3 Disk I/O performance degraded
[2025-09-27 16:09:42] INFO Node3 Heartbeat OK
[2025-09-27 16:09:58] WARN Node1 Network jitter observed
[2025-09-27 16:10:15] ALARM Node2 Disk failed
[2025-09-27 16:10:25] INFO Node4 Replication successful
[2025-09-27 16:10:38] INFO Node2 Connection established
[2025-09-27 16:10:48] WARN Node1 High latency detected
[2025-09-27 16:10:57] INFO Node1 Storage service started
[2025-09-27 16:11:16] ALARM Node1 Critical data loss risk
[2025-09-27 16:11:21] WARN Node4 Network jitter observed
[2025-09-27 16:11:32] WARN Node4 Network jitter observed
[2025-09-27 16:11:33] ALARM Node2 Network latency critical
[2025-09-27 16:11:52] INFO Node2 Storage service started
[2025-09-27 16:12:03] WARN Node3 Disk I/O performance degraded
[2025-09-27 16:12:14] WARN Node1 Disk I/O performance degraded
[2025-09-27 16:12:29] ALARM Node3 Critical data loss risk
[2025-09-27 16:12:33] WARN Node2 Memory usage high
[2025-09-27 16:12:46] INFO Node3 Storage service started
[2025-09-27 16:13:00] INFO Node2 Backup completed
[2025-09-27 16:13:07] WARN Node3 Memory usage high
[2025-09-27 16:13:23] ALARM Node1 Network latency critical
[2025-09-27 16:13:25] WARN Node1 Network jitter observed
[2025-09-27 16:13:45] WARN Node1 CPU usage high
[2025-09-27 16:13:58] WARN Node4 Disk I/O performance degraded
[2025-09-27 16:13:59] ALARM Node4 Network timeout
[2025-09-27 16:14:00] WARN Node2 High latency detected
[2025-09-27 16:14:15] WARN Node1 CPU usage high
[2025-09-27 16:14:26] ALARM Node3 Critical data loss risk
[2025-09-27 16:14:33] ALARM Node3 Network timeout
[2025-09-27 16:14:39] INFO Node1 Connection established
[2025-09-27 16:14:46] WARN Node2 CPU usage high
[2025-09-27 16:14:50] INFO Node3 Heartbeat OK
[2025-09-27 16:15:07] ALARM Node1 Network timeout
[2025-09-27 16:15:14] ALARM Node2 Network latency critical
[2025-09-27 16:15:19] WARN Node2 Disk I/O performance degraded
[2025-09-27 16:15:31] WARN Node4 Network jitter observed
[2025-09-27 16:15:45] WARN Node2 CPU usage high
[2025-09-27 16:15:49] INFO Node1 Storage service started
[2025-09-27 16:15:58] INFO Node2 Heartbeat OK
[2025-09-27 16:16:08] WARN Node2 Disk I/O performance degraded
[2025-09-27 16:16:24] WARN Node1 Network jitter observed
[2025-09-27 16:16:40] INFO Node2 Backup completed
[2025-09-27 16:16:56] ALARM Node1 Network latency critical
[2025-09-27 16:17:06] INFO Node4 Backup completed
[2025-09-27 16:17:13] ALARM Node2 Critical data loss risk
[2025-09-27 16:17:19] WARN Node3 CPU usage high
[2025-09-27 16:17:32] ALARM Node1 Node unreachable
[2025-09-27 16:17:50] INFO Node1 Connection established
[2025-09-27 16:18:06] ALARM Node2 Network timeout
[2025-09-27 16:18:14] ALARM Node4 Node unreachable
[2025-09-27 16:18:29] INFO Node4 Storage service started
[2025-09-27 16:18:49] INFO Node1 Storage service started
[2025-09-27 16:19:06] INFO Node2 Connection established
[2025-09-27 16:19:12] INFO Node1 Replication successful
[2025-09-27 16:19:13] INFO Node1 Backup completed
[2025-09-27 16:19:21] INFO Node2 Storage service started
[2025-09-27 16:19:40] INFO Node1 Heartbeat OK
[2025-09-27 16:19:50] ALARM Node1 Disk failed
[2025-09-27 16:20:05] WARN Node3 Network jitter observed
[2025-09-27 16:20:17] WARN Node2 Disk I/O performance degraded
[2025-09-27 16:20:23] WARN Node1 CPU usage high
[2025-09-27 16:20:33] WARN Node3 Network jitter observed
[2025-09-27 16:20:39] ALARM Node2 Network latency critical
[2025-09-27 16:20:52] INFO Node3 Heartbeat OK
[2025-09-27 16:21:10] INFO Node2 Replication successful
[2025-09-27 16:21:30] ALARM Node3 Disk failed
[2025-09-27 16:21:31] INFO Node2 Connection established
[2025-09-27 16:21:48] ALARM Node2 Network latency critical
[2025-09-27 16:21:57] WARN Node1 Memory usage high
[2025-09-27 16:22:05] INFO Node3 Connection established
[2025-09-27 16:22:20] INFO Node4 Heartbeat OK
[2025-09-27 16:22:22] INFO Node2 Storage service started
[2025-09-27 16:22:29] INFO Node1 Backup completed
[2025-09-27 16:22:37] ALARM Node2 Network latency critical
[2025-09-27 16:22:46] ALARM Node3 Disk failed
[2025-09-27 16:23:02] INFO Node2 Heartbeat OK
[2025-09-27 16:23:20] ALARM Node1 Critical data loss risk
[2025-09-27 16:23:32] ALARM Node4 Network latency critical
[2025-09-27 16:23:37] ALARM Node1 Node unreachable
[2025-09-27 16:23:45] WARN Node2 High latency detected
[2025-09-27 16:23:53] WARN Node2 Disk I/O performance degraded
[2025-09-27 16:23:58] INFO Node2 Replication successful
[2025-09-27 16:24:08] INFO Node4 Replication successful
[2025-09-27 16:24:16] WARN Node2 Disk I/O performance degraded
[2025-09-27 16:24:31] INFO Node2 Storage service started
[2025-09-27 16:24:36] WARN Node1 Disk I/O performance degraded
[2025-09-27 16:24:50] ALARM Node4 Disk failed
[2025-09-27 16:24:59] WARN Node4 Memory usage high
[2025-09-27 16:25:13] ALARM Node3 Disk failed
[2025-09-27 16:25:15] WARN Node1 High latency detected
[2025-09-27 16:25:30] WARN Node2 CPU usage high
[2025-09-27 16:25:43] WARN Node3 Memory usage high
[2025-09-27 16:25:48] INFO Node4 Heartbeat OK
[2025-09-27 16:26:00] INFO Node2 Storage service started
[2025-09-27 16:26:08] ALARM Node1 Disk failed
[2025-09-27 16:26:17] INFO Node2 Replication successful
[2025-09-27 16:26:29] INFO Node4 Heartbeat OK
[2025-09-27 16:26:43] INFO Node3 Connection established
[2025-09-27 16:26:45] WARN Node2 Disk I/O performance degraded
[2025-09-27 16:26:55] WARN Node3 Memory usage high
[2025-09-27 16:27:05] INFO Node1 Backup completed
[2025-09-27 16:27:17] ALARM Node2 Network timeout
[2025-09-27 16:27:28] ALARM Node2 Critical data loss risk
[2025-09-27 16:27:45] WARN Node4 Memory usage high
[2025-09-27 16:27:53] INFO Node1 Connection established
[2025-09-27 16:28:01] ALARM Node3 Critical data loss risk
[2025-09-27 16:28:21] ALARM Node3 Disk failed
[2025-09-27 16:28:26] ALARM Node2 Node unreachable
[2025-09-27 16:28:28] WARN Node1 Network jitter observed
[2025-09-27 16:28:45] WARN Node3 High latency detected
[2025-09-27 16:29:03] WARN Node4 Network jitter observed
[2025-09-27 16:29:19] WARN Node4 High latency detected
[2025-09-27 16:29:24] WARN Node1 CPU usage high
[2025-09-27 16:29:42] ALARM Node1 Critical data loss risk
[2025-09-27 16:29:59] ALARM Node4 Node unreachable
[2025-09-27 16:30:16] INFO Node4 Storage service started
[2025-09-27 16:30:30] ALARM Node3 Critical data loss risk
[2025-09-27 16:30:43] ALARM Node2 Disk failed
[2025-09-27 16:30:59] INFO Node3 Replication successful
[2025-09-27 16:31:13] INFO Node4 Heartbeat OK
[2025-09-27 16:31:16] ALARM Node2 Disk failed
[2025-09-27 16:31:26] INFO Node4 Storage service started
[2025-09-27 16:31:34] ALARM Node1 Network latency critical
[2025-09-27 16:31:52] ALARM Node4 Disk failed
[2025-09-27 16:32:08] WARN Node4 Network jitter observed
[2025-09-27 16:32:22] WARN Node1 High latency detected
[2025-09-27 16:32:25] INFO Node2 Storage service started
[2025-09-27 16:32:31] INFO Node4 Heartbeat OK
[2025-09-27 16:32:43] WARN Node1 Disk I/O performance degraded
[2025-09-27 16:32:45] INFO Node3 Storage service started
[2025-09-27 16:32:50] WARN Node2 Disk I/O performance degraded
[2025-09-27 16:32:59] INFO Node2 Heartbeat OK
[2025-09-27 16:33:08] WARN Node4 Network jitter observed
[2025-09-27 16:33:17] WARN Node1 CPU usage high
[2025-09-27 16:33:25] WARN Node3 Network jitter observed
[2025-09-27 16:33:43] ALARM Node2 Critical data loss risk
[2025-09-27 16:33:47] ALARM Node2 Node unreachable
[2025-09-27 16:34:07] ALARM Node1 Disk failed
[2025-09-27 16:34:27] WARN Node4 Disk I/O performance degraded
[2025-09-27 16:34:36] INFO Node4 Heartbeat OK
[2025-09-27 16:34:48] ALARM Node4 Network timeout
[2025-09-27 16:35:06] INFO Node1 Heartbeat OK
[2025-09-27 16:35:20] ALARM Node2 Critical data loss risk
[2025-09-27 16:35:30] ALARM Node4 Critical data loss risk
[2025-09-27 16:35:41] INFO Node1 Replication successful
[2025-09-27 16:35:52] ALARM Node4 Critical data loss risk
[2025-09-27 16:36:11] WARN Node4 Memory usage high
[2025-09-27 16:36:29] ALARM Node3 Network timeout
[2025-09-27 16:36:44] WARN Node3 Disk I/O performance degraded
[2025-09-27 16:36:55] INFO Node3 Heartbeat OK
[2025-09-27 16:37:00] ALARM Node4 Node unreachable
[2025-09-27 16:37:05] INFO Node4 Replication successful
[2025-09-27 16:37:21] WARN Node4 Memory usage high
[2025-09-27 16:37:37] INFO Node3 Backup completed
[2025-09-27 16:37:45] WARN Node2 Network jitter observed
[2025-09-27 16:38:00] INFO Node1 Storage service started
[2025-09-27 16:38:07] ALARM Node1 Node unreachable
[2025-09-27 16:38:10] WARN Node2 CPU usage high
[2025-09-27 16:38:26] ALARM Node4 Disk failed
[2025-09-27 16:38:43] INFO Node1 Storage service started
[2025-09-27 16:38:57] WARN Node4 Disk I/O performance degraded
[2025-09-27 16:39:14] ALARM Node4 Node unreachable
[2025-09-27 16:39:29] ALARM Node4 Critical data loss risk
[2025-09-27 16:39:40] WARN Node1 CPU usage high
[2025-09-27 16:39:54] WARN Node4 CPU usage high
[2025-09-27 16:40:12] ALARM Node4 Network latency critical
[2025-09-27 16:40:14] WARN Node1 High latency detected
[2025-09-27 16:40:17] ALARM Node4 Disk failed
[2025-09-27 16:40:27] INFO Node2 Storage service started
[2025-09-27 16:40:45] INFO Node4 Replication successful
[2025-09-27 16:40:49] INFO Node1 Replication successful
[2025-09-27 16:41:02] WARN Node2 CPU usage high
[2025-09-27 16:41:10] WARN Node3 Memory usage high
[2025-09-27 16:41:30] WARN Node3 Disk I/O performance degraded
[2025-09-27 16:41:44] WARN Node1 Network jitter observed
[2025-09-27 16:41:47] ALARM Node1 Disk failed
[2025-09-27 16:42:00] INFO Node3 Backup completed
[2025-09-27 16:42:13] INFO Node2 Replication successful
[2025-09-27 16:42:30] WARN Node2 Network jitter observed
[2025-09-27 16:42:43] INFO Node2 Heartbeat OK
[2025-09-27 16:42:58] ALARM Node3 Network timeout
[2025-09-27 16:43:04] INFO Node1 Heartbeat OK
[2025-09-27 16:43:13] INFO Node3 Backup completed
[2025-09-27 16:43:22] WARN Node4 CPU usage high
[2025-09-27 16:43:39] INFO Node2 Connection established
[2025-09-27 16:43:40] WARN Node2 High latency detected
[2025-09-27 16:43:55] ALARM Node1 Disk failed
[2025-09-27 16:44:10] WARN Node2 Disk I/O performance degraded
[2025-09-27 16:44:30] INFO Node3 Connection established
[2025-09-27 16:44:41] WARN Node1 Memory usage high
[2025-09-27 16:44:54] WARN Node2 Network jitter observed
[2025-09-27 16:45:02] ALARM Node4 Network latency critical
[2025-09-27 16:45:22] WARN Node3 Disk I/O performance degraded
[2025-09-27 16:45:25] ALARM Node4 Disk failed
[2025-09-27 16:45:38] INFO Node4 Replication successful
[2025-09-27 16:45:53] ALARM Node2 Network timeout
[2025-09-27 16:46:13] WARN Node3 Disk I/O performance degraded
[2025-09-27 16:46:28] ALARM Node2 Disk failed
[2025-09-27 16:46:39] WARN Node4 High latency detected
[2025-09-27 16:46:47] WARN Node1 Memory usage high
[2025-09-27 16:46:55] INFO Node4 Storage service started
[2025-09-27 16:47:00] INFO Node1 Backup completed
[2025-09-27 16:47:16] ALARM Node3 Network timeout
[2025-09-27 16:47:19] ALARM Node4 Network latency critical
[2025-09-27 16:47:25] ALARM Node2 Critical data loss risk
[2025-09-27 16:47:29] WARN Node1 High latency detected
[2025-09-27 16:47:38] ALARM Node4 Network timeout
[2025-09-27 16:47:56] INFO Node4 Connection established
[2025-09-27 16:48:05] WARN Node1 Disk I/O performance degraded
[2025-09-27 16:48:22] INFO Node2 Connection established
[2025-09-27 16:48:30] WARN Node2 Network jitter observed
[2025-09-27 16:48:39] INFO Node1 Connection established
[2025-09-27 16:48:45] WARN Node3 CPU usage high
[2025-09-27 16:49:03] WARN Node3 Memory usage high
[2025-09-27 16:49:04] ALARM Node2 Node unreachable
[2025-09-27 16:49:10] INFO Node2 Connection established
[2025-09-27 16:49:21] WARN Node3 Memory usage high
[2025-09-27 16:49:30] WARN Node3 Network jitter observed
[2025-09-27 16:49:43] INFO Node3 Replication successful
[2025-09-27 16:49:51] WARN Node3 High latency detected
[2025-09-27 16:50:07] INFO Node1 Storage service started
[2025-09-27 16:50:20] WARN Node3 Disk I/O performance degraded
[2025-09-27 16:50:26] WARN Node4 High latency detected
[2025-09-27 16:50:35] WARN Node4 CPU usage high
[2025-09-27 16:50:50] ALARM Node2 Disk failed
[2025-09-27 16:51:05] ALARM Node2 Node unreachable
[2025-09-27 16:51:22] ALARM Node2 Disk failed
[2025-09-27 16:51:42] INFO Node1 Storage service started
[2025-09-27 16:52:02] INFO Node1 Backup completed
[2025-09-27 16:52:13] ALARM Node4 Disk failed
[2025-09-27 16:52:20] INFO Node2 Storage service started
[2025-09-27 16:52:31] ALARM Node2 Critical data loss risk
[2025-09-27 16:52:50] WARN Node4 Network jitter observed
[2025-09-27 16:52:53] ALARM Node4 Disk failed
[2025-09-27 16:53:08] ALARM Node2 Node unreachable
[2025-09-27 16:53:27] ALARM Node4 Critical data loss risk
[2025-09-27 16:53:29] WARN Node4 High latency detected
[2025-09-27 16:53:45] ALARM Node4 Network latency critical
[2025-09-27 16:53:58] INFO Node2 Backup completed
[2025-09-27 16:54:02] ALARM Node1 Network latency critical
[2025-09-27 16:54:05] WARN Node3 Disk I/O performance degraded
[2025-09-27 16:54:14] ALARM Node1 Critical data loss risk
[2025-09-27 16:54:24] INFO Node1 Heartbeat OK
[2025-09-27 16:54:28] ALARM Node3 Network timeout
[2025-09-27 16:54:36] WARN Node1 Disk I/O performance degraded
[2025-09-27 16:54:53] INFO Node1 Connection established
[2025-09-27 16:55:13] WARN Node1 High latency detected
[2025-09-27 16:55:18] WARN Node3 CPU usage high
[2025-09-27 16:55:33] WARN Node3 CPU usage high
[2025-09-27 16:55:43] WARN Node1 Network jitter observed
[2025-09-27 16:55:50] ALARM Node4 Network timeout
[2025-09-27 16:56:04] ALARM Node3 Critical data loss risk
[2025-09-27 16:56:18] ALARM Node4 Network latency critical
[2025-09-27 16:56:36] INFO Node3 Backup completed
[2025-09-27 16:56:48] INFO Node3 Heartbeat OK
[2025-09-27 16:57:02] WARN Node4 CPU usage high
[2025-09-27 16:57:07] INFO Node3 Replication successful
[2025-09-27 16:57:17] INFO Node4 Storage service started
[2025-09-27 16:57:37] WARN Node2 High latency detected
[2025-09-27 16:57:57] WARN Node4 Disk I/O performance degraded
[2025-09-27 16:58:02] ALARM Node4 Node unreachable
[2025-09-27 16:58:15] WARN Node2 CPU usage high
[2025-09-27 16:58:21] INFO Node2 Replication successful
[2025-09-27 16:58:36] ALARM Node1 Critical data loss risk
[2025-09-27 16:58:38] ALARM Node4 Node unreachable
[2025-09-27 16:58:55] INFO Node1 Heartbeat OK
[2025-09-27 16:58:59] INFO Node1 Replication successful
[2025-09-27 16:59:01] ALARM Node1 Critical data loss risk
[2025-09-27 16:59:06] ALARM Node3 Critical data loss risk
[2025-09-27 16:59:12] WARN Node1 Disk I/O performance degraded
[2025-09-27 16:59:17] INFO Node3 Heartbeat OK
[2025-09-27 16:59:20] INFO Node1 Storage service started
[2025-09-27 16:59:32] WARN Node2 Network jitter observed
[2025-09-27 16:59:45] INFO Node1 Storage service started
[2025-09-27 17:00:02] WARN Node1 Memory usage high
[2025-09-27 17:00:05] ALARM Node3 Critical data loss risk
[2025-09-27 17:00:21] WARN Node1 Memory usage high
[2025-09-27 17:00:37] WARN Node4 CPU usage high
[2025-09-27 17:00:56] ALARM Node3 Network timeout
[2025-09-27 17:01:09] WARN Node1 Memory usage high
[2025-09-27 17:01:29] INFO Node3 Replication successful
[2025-09-27 17:01:37] ALARM Node2 Network timeout
[2025-09-27 17:01:48] ALARM Node2 Node unreachable
[2025-09-27 17:01:49] WARN Node4 High latency detected
[2025-09-27 17:02:00] ALARM Node2 Disk failed
[2025-09-27 17:02:05] INFO Node3 Storage service started
[2025-09-27 17:02:22] WARN Node4 Memory usage high
[2025-09-27 17:02:35] WARN Node1 High latency detected
[2025-09-27 17:02:43] INFO Node1 Replication successful
[2025-09-27 17:02:46] INFO Node1 Storage service started
[2025-09-27 17:02:58] ALARM Node1 Network latency critical
[2025-09-27 17:03:12] ALARM Node3 Network latency critical
[2025-09-27 17:03:31] INFO Node3 Storage service started
[2025-09-27 17:03:37] WARN Node4 Disk I/O performance degraded
[2025-09-27 17:03:49] INFO Node3 Replication successful
[2025-09-27 17:04:08] WARN Node4 Network jitter observed
[2025-09-27 17:04:13] INFO Node2 Backup completed
[2025-09-27 17:04:25] WARN Node1 Disk I/O performance degraded
[2025-09-27 17:04:27] WARN Node4 Network jitter observed
[2025-09-27 17:04:28] INFO Node1 Storage service started
[2025-09-27 17:04:37] INFO Node3 Backup completed
[2025-09-27 17:04:48] WARN Node2 Network jitter observed
[2025-09-27 17:05:00] ALARM Node1 Critical data loss risk
[2025-09-27 17:05:18] INFO Node2 Heartbeat OK
[2025-09-27 17:05:23] INFO Node3 Backup completed
[2025-09-27 17:05:29] ALARM Node2 Network latency critical
[2025-09-27 17:05:31] INFO Node4 Replication successful
[2025-09-27 17:05:32] WARN Node2 CPU usage high
[2025-09-27 17:05:40] WARN Node4 Memory usage high
[2025-09-27 17:05:48] INFO Node3 Replication successful
[2025-09-27 17:06:04] INFO Node3 Replication successful
[2025-09-27 17:06:05] WARN Node3 Memory usage high
[2025-09-27 17:06:20] INFO Node3 Heartbeat OK
[2025-09-27 17:06:34] WARN Node3 CPU usage high
[2025-09-27 17:06:53] ALARM Node2 Disk failed
[2025-09-27 17:07:00] INFO Node1 Storage service started
[2025-09-27 17:07:07] ALARM Node3 Network latency critical
[2025-09-27 17:07:19] INFO Node4 Storage service started
[2025-09-27 17:07:38] INFO Node4 Backup completed
[2025-09-27 17:07:49] INFO Node2 Connection established
[2025-09-27 17:07:51] INFO Node1 Heartbeat OK
[2025-09-27 17:08:11] INFO Node3 Heartbeat OK
[2025-09-27 17:08:13] INFO Node2 Backup completed
[2025-09-27 17:08:28] INFO Node2 Connection established
[2025-09-27 17:08:37] WARN Node3 Network jitter observed
[2025-09-27 17:08:45] WARN Node3 Memory usage high
[2025-09-27 17:08:55] INFO Node1 Storage service started
[2025-09-27 17:09:00] WARN Node4 High latency detected
[2025-09-27 17:09:05] INFO Node1 Connection established
[2025-09-27 17:09:18] WARN Node1 High latency detected
[2025-09-27 17:09:34] ALARM Node4 Node unreachable
[2025-09-27 17:09:43] INFO Node1 Storage service started
[2025-09-27 17:09:57] INFO Node3 Connection established
[2025-09-27 17:10:10] INFO Node2 Heartbeat OK
[2025-09-27 17:10:18] WARN Node2 Memory usage high
[2025-09-27 17:10:38] INFO Node3 Backup completed
[2025-09-27 17:10:52] WARN Node3 High latency detected
[2025-09-27 17:10:53] WARN Node3 Network jitter observed
[2025-09-27 17:11:11] WARN Node1 CPU usage high
[2025-09-27 17:11:14] WARN Node2 CPU usage high
[2025-09-27 17:11:33] ALARM Node2 Node unreachable
[2025-09-27 17:11:52] INFO Node3 Connection established
[2025-09-27 17:11:53] WARN Node3 Disk I/O performance degraded
[2025-09-27 17:12:06] ALARM Node1 Disk failed
[2025-09-27 17:12:20] ALARM Node1 Critical data loss risk
[2025-09-27 17:12:40] WARN Node3 Network jitter observed
[2025-09-27 17:12:45] ALARM Node2 Network timeout
[2025-09-27 17:12:50] INFO Node3 Replication successful
[2025-09-27 17:12:57] WARN Node3 CPU usage high
[2025-09-27 17:13:00] INFO Node2 Connection established
[2025-09-27 17:13:03] WARN Node3 CPU usage high
[2025-09-27 17:13:20] INFO Node4 Connection established
[2025-09-27 17:13:21] WARN Node3 Network jitter observed
[2025-09-27 17:13:29] ALARM Node1 Disk failed
[2025-09-27 17:13:42] INFO Node4 Heartbeat OK
[2025-09-27 17:13:47] INFO Node2 Heartbeat OK
[2025-09-27 17:14:01] INFO Node2 Connection established
[2025-09-27 17:14:17] INFO Node2 Storage service started
[2025-09-27 17:14:26] INFO Node2 Connection established
[2025-09-27 17:14:36] ALARM Node2 Network latency critical
[2025-09-27 17:14:47] INFO Node2 Replication successful
[2025-09-27 17:15:04] INFO Node2 Backup completed
[2025-09-27 17:15:11] WARN Node4 Memory usage high
[2025-09-27 17:15:24] WARN Node3 Network jitter observed
[2025-09-27 17:15:29] ALARM Node2 Disk failed
[2025-09-27 17:15:30] WARN Node4 Memory usage high
[2025-09-27 17:15:38] ALARM Node4 Node unreachable
[2025-09-27 17:15:39] INFO Node2 Heartbeat OK
[2025-09-27 17:15:44] WARN Node1 CPU usage high
[2025-09-27 17:15:58] INFO Node1 Backup completed
[2025-09-27 17:16:10] ALARM Node3 Critical data loss risk
[2025-09-27 17:16:15] WARN Node3 Disk I/O performance degraded
[2025-09-27 17:16:20] INFO Node2 Heartbeat OK
[2025-09-27 17:16:31] ALARM Node4 Critical data loss risk
[2025-09-27 17:16:47] INFO Node3 Replication successful
[2025-09-27 17:16:58] INFO Node2 Heartbeat OK
[2025-09-27 17:17:03] WARN Node4 High latency detected
[2025-09-27 17:17:08] INFO Node1 Connection established
[2025-09-27 17:17:26] ALARM Node1 Network latency critical
[2025-09-27 17:17:42] ALARM Node3 Network latency critical
[2025-09-27 17:17:43] ALARM Node2 Critical data loss risk
[2025-09-27 17:17:49] ALARM Node2 Node unreachable
[2025-09-27 17:18:07] INFO Node4 Connection established
[2025-09-27 17:18:27] ALARM Node4 Network timeout
[2025-09-27 17:18:41] ALARM Node4 Network timeout
[2025-09-27 17:18:47] INFO Node1 Connection established
[2025-09-27 17:19:05] INFO Node1 Connection established
[2025-09-27 17:19:07] INFO Node2 Heartbeat OK
[2025-09-27 17:19:26] WARN Node3 Disk I/O performance degraded
[2025-09-27 17:19:43] INFO Node2 Storage service started
[2025-09-27 17:19:59] INFO Node4 Heartbeat OK
[2025-09-27 17:20:17] ALARM Node2 Network latency critical
[2025-09-27 17:20:29] INFO Node3 Connection established
[2025-09-27 17:20:38] WARN Node3 Disk I/O performance degraded
[2025-09-27 17:20:47] ALARM Node1 Network timeout
[2025-09-27 17:20:56] ALARM Node2 Critical data loss risk
[2025-09-27 17:20:59] INFO Node2 Backup completed
[2025-09-27 17:21:16] INFO Node4 Replication successful
[2025-09-27 17:21:28] ALARM Node2 Network timeout
[2025-09-27 17:21:32] WARN Node2 Network jitter observed
[2025-09-27 17:21:48] INFO Node2 Connection established
[2025-09-27 17:21:52] ALARM Node2 Node unreachable
[2025-09-27 17:22:12] WARN Node4 Memory usage high
[2025-09-27 17:22:21] INFO Node3 Storage service started
[2025-09-27 17:22:29] ALARM Node1 Network timeout
[2025-09-27 17:22:40] ALARM Node1 Node unreachable
[2025-09-27 17:22:55] WARN Node3 Disk I/O performance degraded
[2025-09-27 17:23:02] WARN Node2 Disk I/O performance degraded
[2025-09-27 17:23:13] ALARM Node2 Critical data loss risk
[2025-09-27 17:23:18] WARN Node4 Memory usage high
[2025-09-27 17:23:34] INFO Node1 Storage service started
[2025-09-27 17:23:38] INFO Node4 Storage service started
[2025-09-27 17:23:39] WARN Node3 Network jitter observed
[2025-09-27 17:23:57] WARN Node4 Disk I/O performance degraded
[2025-09-27 17:24:15] WARN Node4 CPU usage high
[2025-09-27 17:24:32] ALARM Node4 Network latency critical
[2025-09-27 17:24:40] INFO Node2 Replication successful
[2025-09-27 17:24:56] ALARM Node3 Node unreachable
[2025-09-27 17:25:04] WARN Node4 High latency detected
[2025-09-27 17:25:20] WARN Node4 CPU usage high
[2025-09-27 17:25:33] INFO Node3 Heartbeat OK
[2025-09-27 17:25:44] ALARM Node4 Network latency critical
[2025-09-27 17:25:46] ALARM Node4 Node unreachable
[2025-09-27 17:25:56] ALARM Node1 Network timeout
[2025-09-27 17:26:10] ALARM Node3 Critical data loss risk
[2025-09-27 17:26:17] WARN Node3 Memory usage high
[2025-09-27 17:26:20] WARN Node3 Disk I/O performance degraded
[2025-09-27 17:26:29] INFO Node2 Backup completed
[2025-09-27 17:26:39] INFO Node1 Storage service started
[2025-09-27 17:26:52] INFO Node4 Connection established
[2025-09-27 17:27:04] WARN Node2 CPU usage high
[2025-09-27 17:27:15] INFO Node4 Backup completed
[2025-09-27 17:27:16] WARN Node2 Disk I/O performance degraded
[2025-09-27 17:27:30] ALARM Node2 Critical data loss risk
[2025-09-27 17:27:46] ALARM Node1 Disk failed
[2025-09-27 17:27:51] WARN Node1 Memory usage high
[2025-09-27 17:27:58] ALARM Node3 Disk failed
[2025-09-27 17:28:14] INFO Node1 Backup completed
[2025-09-27 17:28:26] INFO Node4 Backup completed
[2025-09-27 17:28:30] INFO Node1 Backup completed
[2025-09-27 17:28:44] INFO Node2 Heartbeat OK
[2025-09-27 17:28:59] ALARM Node4 Network timeout
[2025-09-27 17:29:08] ALARM Node1 Network timeout
[2025-09-27 17:29:22] ALARM Node3 Critical data loss risk
[2025-09-27 17:29:37] ALARM Node3 Network latency critical
[2025-09-27 17:29:56] ALARM Node1 Node unreachable
[2025-09-27 17:30:06] INFO Node3 Heartbeat OK
[2025-09-27 17:30:07] INFO Node2 Heartbeat OK
[2025-09-27 17:30:27] INFO Node3 Heartbeat OK
[2025-09-27 17:30:34] INFO Node1 Storage service started
[2025-09-27 17:30:35] WARN Node4 Network jitter observed
[2025-09-27 17:30:38] ALARM Node4 Network timeout
[2025-09-27 17:30:53] WARN Node3 Disk I/O performance degraded
[2025-09-27 17:31:11] ALARM Node4 Critical data loss risk
[2025-09-27 17:31:15] WARN Node4 CPU usage high
[2025-09-27 17:31:18] WARN Node1 Network jitter observed
[2025-09-27 17:31:24] ALARM Node1 Network latency critical
[2025-09-27 17:31:35] WARN Node3 Memory usage high
[2025-09-27 17:31:36] WARN Node4 High latency detected
[2025-09-27 17:31:45] INFO Node1 Storage service started
[2025-09-27 17:31:50] INFO Node1 Heartbeat OK
[2025-09-27 17:32:06] ALARM Node3 Critical data loss risk
[2025-09-27 17:32:15] INFO Node2 Connection established
[2025-09-27 17:32:25] ALARM Node4 Critical data loss risk
[2025-09-27 17:32:36] WARN Node2 CPU usage high
[2025-09-27 17:32:43] WARN Node3 High latency detected
[2025-09-27 17:32:59] INFO Node4 Storage service started
[2025-09-27 17:33:14] INFO Node4 Backup completed
[2025-09-27 17:33:31] ALARM Node4 Node unreachable
[2025-09-27 17:33:41] ALARM Node2 Disk failed
[2025-09-27 17:33:52] INFO Node4 Connection established
[2025-09-27 17:34:08] INFO Node2 Replication successful
[2025-09-27 17:34:22] WARN Node2 Network jitter observed
[2025-09-27 17:34:37] ALARM Node3 Node unreachable
[2025-09-27 17:34:39] ALARM Node1 Disk failed
[2025-09-27 17:34:57] ALARM Node3 Network latency critical
[2025-09-27 17:35:13] WARN Node1 CPU usage high
[2025-09-27 17:35:28] WARN Node4 CPU usage high
[2025-09-27 17:35:33] WARN Node3 CPU usage high
[2025-09-27 17:35:38] WARN Node1 Network jitter observed
[2025-09-27 17:35:47] ALARM Node4 Disk failed
[2025-09-27 17:35:58] WARN Node2 Network jitter observed
[2025-09-27 17:35:59] ALARM Node2 Critical data loss risk
[2025-09-27 17:36:02] INFO Node1 Backup completed
[2025-09-27 17:36:22] WARN Node2 Network jitter observed
[2025-09-27 17:36:38] WARN Node4 CPU usage high
[2025-09-27 17:36:52] WARN Node4 High latency detected
[2025-09-27 17:36:53] ALARM Node1 Node unreachable
[2025-09-27 17:37:06] ALARM Node3 Network latency critical
[2025-09-27 17:37:15] ALARM Node3 Network latency critical
[2025-09-27 17:37:23] ALARM Node1 Node unreachable
[2025-09-27 17:37:34] INFO Node3 Backup completed
[2025-09-27 17:37:50] ALARM Node3 Disk failed
[2025-09-27 17:38:08] INFO Node1 Connection established
[2025-09-27 17:38:20] ALARM Node4 Critical data loss risk
[2025-09-27 17:38:30] WARN Node1 Network jitter observed
[2025-09-27 17:38:43] ALARM Node2 Critical data loss risk
[2025-09-27 17:38:55] WARN Node4 CPU usage high
[2025-09-27 17:38:56] WARN Node4 High latency detected
[2025-09-27 17:39:12] ALARM Node3 Network timeout
[2025-09-27 17:39:27] ALARM Node2 Node unreachable
[2025-09-27 17:39:44] WARN Node1 Network jitter observed
[2025-09-27 17:39:58] ALARM Node2 Network latency critical
[2025-09-27 17:40:04] WARN Node2 CPU usage high
[2025-09-27 17:40:07] WARN Node3 Memory usage high
[2025-09-27 17:40:18] INFO Node1 Heartbeat OK
[2025-09-27 17:40:21] ALARM Node1 Disk failed
[2025-09-27 17:40:29] WARN Node3 Memory usage high
[2025-09-27 17:40:38] WARN Node1 Memory usage high
[2025-09-27 17:40:47] ALARM Node1 Network timeout
[2025-09-27 17:40:53] WARN Node1 Disk I/O performance degraded
[2025-09-27 17:41:03] INFO Node2 Backup completed
[2025-09-27 17:41:15] ALARM Node4 Critical data loss risk
[2025-09-27 17:41:33] WARN Node2 Disk I/O performance degraded
[2025-09-27 17:41:43] ALARM Node3 Disk failed
[2025-09-27 17:42:00] INFO Node3 Backup completed
[2025-09-27 17:42:04] ALARM Node1 Node unreachable
[2025-09-27 17:42:07] WARN Node4 Disk I/O performance degraded
[2025-09-27 17:42:13] WARN Node4 High latency detected
[2025-09-27 17:42:26] INFO Node2 Connection established
[2025-09-27 17:42:39] INFO Node3 Backup completed
[2025-09-27 17:42:44] ALARM Node2 Node unreachable
[2025-09-27 17:42:50] WARN Node2 Disk I/O performance degraded
[2025-09-27 17:43:04] WARN Node2 Memory usage high
[2025-09-27 17:43:24] ALARM Node3 Network timeout
[2025-09-27 17:43:31] ALARM Node1 Network timeout
[2025-09-27 17:43:37] INFO Node2 Connection established
[2025-09-27 17:43:52] INFO Node2 Backup completed
[2025-09-27 17:44:07] INFO Node3 Replication successful
[2025-09-27 17:44:08] INFO Node1 Storage service started
[2025-09-27 17:44:18] INFO Node4 Replication successful
[2025-09-27 17:44:38] WARN Node3 Memory usage high
[2025-09-27 17:44:55] INFO Node4 Connection established
[2025-09-27 17:44:59] ALARM Node3 Network timeout
[2025-09-27 17:45:01] WARN Node1 Network jitter observed
[2025-09-27 17:45:15] ALARM Node4 Disk failed
[2025-09-27 17:45:23] INFO Node4 Replication successful
[2025-09-27 17:45:34] WARN Node2 Disk I/O performance degraded
[2025-09-27 17:45:47] WARN Node2 Memory usage high
[2025-09-27 17:45:49] ALARM Node2 Network latency critical
[2025-09-27 17:46:05] ALARM Node4 Network timeout
[2025-09-27 17:46:12] ALARM Node3 Node unreachable
[2025-09-27 17:46:26] ALARM Node2 Network timeout
[2025-09-27 17:46:39] INFO Node3 Storage service started
[2025-09-27 17:46:44] ALARM Node4 Critical data loss risk
[2025-09-27 17:47:04] WARN Node3 Memory usage high
[2025-09-27 17:47:17] ALARM Node3 Disk failed
[2025-09-27 17:47:37] ALARM Node4 Critical data loss risk
[2025-09-27 17:47:52] INFO Node3 Storage service started
[2025-09-27 17:48:00] INFO Node1 Replication successful
[2025-09-27 17:48:12] INFO Node3 Replication successful
[2025-09-27 17:48:21] WARN Node1 Network jitter observed
[2025-09-27 17:48:27] INFO Node4 Replication successful
[2025-09-27 17:48:39] INFO Node2 Connection established
[2025-09-27 17:48:41] INFO Node3 Replication successful
[2025-09-27 17:48:56] WARN Node4 Memory usage high
[2025-09-27 17:49:12] WARN Node3 CPU usage high
[2025-09-27 17:49:27] ALARM Node2 Disk failed
[2025-09-27 17:49:40] ALARM Node2 Critical data loss risk
[2025-09-27 17:49:51] WARN Node4 CPU usage high
[2025-09-27 17:49:53] WARN Node2 Memory usage high
[2025-09-27 17:50:00] INFO Node4 Replication successful
[2025-09-27 17:50:01] ALARM Node4 Disk failed
[2025-09-27 17:50:13] WARN Node2 Memory usage high
[2025-09-27 17:50:23] INFO Node2 Heartbeat OK
[2025-09-27 17:50:35] INFO Node2 Backup completed
[2025-09-27 17:50:40] INFO Node3 Storage service started
[2025-09-27 17:50:55] WARN Node4 Network jitter observed
[2025-09-27 17:51:14] INFO Node4 Heartbeat OK
[2025-09-27 17:51:17] WARN Node3 High latency detected
[2025-09-27 17:51:27] WARN Node3 CPU usage high
[2025-09-27 17:51:43] INFO Node1 Replication successful
[2025-09-27 17:52:01] ALARM Node4 Node unreachable
[2025-09-27 17:52:05] INFO Node2 Replication successful
[2025-09-27 17:52:25] ALARM Node2 Node unreachable
[2025-09-27 17:52:40] ALARM Node3 Network timeout
[2025-09-27 17:52:58] WARN Node2 Memory usage high
[2025-09-27 17:53:02] WARN Node1 Memory usage high
[2025-09-27 17:53:04] WARN Node1 Network jitter observed
[2025-09-27 17:53:14] WARN Node2 Memory usage high
[2025-09-27 17:53:19] WARN Node4 CPU usage high
[2025-09-27 17:53:34] WARN Node1 CPU usage high
[2025-09-27 17:53:41] INFO Node3 Connection established
[2025-09-27 17:53:45] WARN Node2 High latency detected
[2025-09-27 17:53:50] ALARM Node1 Critical data loss risk
[2025-09-27 17:54:04] ALARM Node2 Critical data loss risk
[2025-09-27 17:54:12] ALARM Node3 Critical data loss risk
[2025-09-27 17:54:14] ALARM Node4 Network timeout
[2025-09-27 17:54:19] INFO Node2 Heartbeat OK
[2025-09-27 17:54:23] ALARM Node1 Network latency critical
[2025-09-27 17:54:28] WARN Node3 Network jitter observed
[2025-09-27 17:54:36] ALARM Node2 Disk failed
[2025-09-27 17:54:55] ALARM Node4 Disk failed
[2025-09-27 17:55:06] ALARM Node2 Network latency critical
[2025-09-27 17:55:25] ALARM Node3 Network latency critical
[2025-09-27 17:55:30] WARN Node4 Memory usage high
[2025-09-27 17:55:34] INFO Node3 Backup completed
[2025-09-27 17:55:50] INFO Node4 Backup completed
[2025-09-27 17:55:51] ALARM Node1 Network timeout
[2025-09-27 17:56:11] ALARM Node2 Network latency critical
[2025-09-27 17:56:22] ALARM Node2 Node unreachable
[2025-09-27 17:56:38] INFO Node4 Backup completed
[2025-09-27 17:56:57] INFO Node4 Connection established
[2025-09-27 17:57:10] INFO Node2 Storage service started
[2025-09-27 17:57:20] INFO Node4 Storage service started
[2025-09-27 17:57:29] ALARM Node4 Disk failed
[2025-09-27 17:57:30] WARN Node2 Memory usage high
[2025-09-27 17:57:39] INFO Node1 Replication successful
[2025-09-27 17:57:46] ALARM Node3 Disk failed
[2025-09-27 17:58:00] ALARM Node1 Node unreachable
[2025-09-27 17:58:06] WARN Node1 Disk I/O performance degraded
[2025-09-27 17:58:15] WARN Node3 Network jitter observed
[2025-09-27 17:58:33] ALARM Node1 Network timeout
[2025-09-27 17:58:44] INFO Node4 Storage service started
[2025-09-27 17:58:53] WARN Node3 Memory usage high
[2025-09-27 17:59:12] INFO Node1 Heartbeat OK
[2025-09-27 17:59:13] INFO Node2 Heartbeat OK
[2025-09-27 17:59:20] ALARM Node4 Network latency critical
[2025-09-27 17:59:36] INFO Node1 Replication successful
[2025-09-27 17:59:42] WARN Node3 Memory usage high
[2025-09-27 17:59:59] WARN Node2 Disk I/O performance degraded
[2025-09-27 18:00:11] WARN Node2 CPU usage high
[2025-09-27 18:00:18] ALARM Node4 Disk failed
[2025-09-27 18:00:27] INFO Node2 Connection established
[2025-09-27 18:00:39] INFO Node2 Heartbeat OK
[2025-09-27 18:00:43] WARN Node1 Network jitter observed
[2025-09-27 18:00:45] INFO Node4 Heartbeat OK
[2025-09-27 18:00:53] INFO Node2 Storage service started
[2025-09-27 18:01:09] WARN Node4 Network jitter observed
[2025-09-27 18:01:12] INFO Node1 Backup completed
[2025-09-27 18:01:31] INFO Node1 Storage service started
[2025-09-27 18:01:47] INFO Node2 Backup completed
[2025-09-27 18:02:01] ALARM Node4 Critical data loss risk
[2025-09-27 18:02:15] ALARM Node4 Network timeout
[2025-09-27 18:02:31] ALARM Node3 Node unreachable
[2025-09-27 18:02:33] INFO Node1 Storage service started
[2025-09-27 18:02:49] INFO Node4 Storage service started
[2025-09-27 18:03:00] ALARM Node2 Network latency critical
[2025-09-27 18:03:08] INFO Node2 Backup completed
[2025-09-27 18:03:22] ALARM Node4 Network timeout
[2025-09-27 18:03:26] ALARM Node1 Disk failed
[2025-09-27 18:03:42] INFO Node3 Storage service started
[2025-09-27 18:03:55] WARN Node3 Network jitter observed
[2025-09-27 18:04:09] INFO Node3 Heartbeat OK
[2025-09-27 18:04:18] ALARM Node4 Node unreachable
[2025-09-27 18:04:30] WARN Node3 High latency detected
[2025-09-27 18:04:50] WARN Node4 High latency detected
[2025-09-27 18:05:09] INFO Node2 Storage service started
[2025-09-27 18:05:23] WARN Node4 CPU usage high
[2025-09-27 18:05:24] ALARM Node1 Node unreachable
[2025-09-27 18:05:42] ALARM Node2 Network latency critical
[2025-09-27 18:05:44] WARN Node2 Network jitter observed
[2025-09-27 18:05:48] WARN Node1 CPU usage high
[2025-09-27 18:05:55] ALARM Node4 Network latency critical
[2025-09-27 18:06:12] ALARM Node3 Network latency critical
[2025-09-27 18:06:21] WARN Node2 CPU usage high
[2025-09-27 18:06:28] WARN Node1 High latency detected
[2025-09-27 18:06:46] ALARM Node3 Network latency critical
[2025-09-27 18:06:53] INFO Node3 Replication successful
[2025-09-27 18:06:58] WARN Node3 Memory usage high
[2025-09-27 18:07:06] WARN Node4 CPU usage high
[2025-09-27 18:07:20] INFO Node3 Storage service started
[2025-09-27 18:07:33] ALARM Node1 Node unreachable
[2025-09-27 18:07:52] WARN Node3 CPU usage high
[2025-09-27 18:08:09] INFO Node3 Heartbeat OK
[2025-09-27 18:08:16] WARN Node4 Disk I/O performance degraded
[2025-09-27 18:08:20] ALARM Node4 Network latency critical
[2025-09-27 18:08:26] ALARM Node2 Node unreachable
[2025-09-27 18:08:41] WARN Node1 High latency detected
[2025-09-27 18:08:55] INFO Node3 Heartbeat OK
[2025-09-27 18:09:14] INFO Node1 Replication successful
[2025-09-27 18:09:28] INFO Node2 Connection established
[2025-09-27 18:09:44] WARN Node2 CPU usage high
[2025-09-27 18:09:51] ALARM Node2 Network timeout
[2025-09-27 18:10:09] WARN Node3 Memory usage high
[2025-09-27 18:10:12] ALARM Node1 Network timeout
[2025-09-27 18:10:26] WARN Node4 Network jitter observed
[2025-09-27 18:10:43] ALARM Node4 Network latency critical
[2025-09-27 18:10:46] ALARM Node2 Network latency critical
[2025-09-27 18:11:04] WARN Node4 Network jitter observed
[2025-09-27 18:11:11] INFO Node3 Storage service started
[2025-09-27 18:11:29] WARN Node3 CPU usage high
[2025-09-27 18:11:41] ALARM Node4 Network timeout
[2025-09-27 18:11:50] ALARM Node4 Critical data loss risk
[2025-09-27 18:12:05] INFO Node4 Heartbeat OK
[2025-09-27 18:12:19] INFO Node3 Storage service started
[2025-09-27 18:12:27] INFO Node1 Storage service started
[2025-09-27 18:12:43] INFO Node2 Backup completed
[2025-09-27 18:12:54] WARN Node2 Disk I/O performance degraded
[2025-09-27 18:13:06] ALARM Node4 Critical data loss risk
[2025-09-27 18:13:13] INFO Node2 Connection established
[2025-09-27 18:13:19] ALARM Node1 Network timeout
[2025-09-27 18:13:36] INFO Node4 Backup completed
[2025-09-27 18:13:53] ALARM Node2 Critical data loss risk
[2025-09-27 18:14:01] WARN Node1 High latency detected
[2025-09-27 18:14:12] WARN Node2 High latency detected
[2025-09-27 18:14:29] WARN Node1 Disk I/O performance degraded
[2025-09-27 18:14:46] INFO Node3 Replication successful
[2025-09-27 18:14:59] WARN Node1 Network jitter observed
[2025-09-27 18:15:09] ALARM Node3 Network timeout
[2025-09-27 18:15:10] ALARM Node1 Critical data loss risk
[2025-09-27 18:15:29] ALARM Node2 Disk failed
[2025-09-27 18:15:32] ALARM Node1 Critical data loss risk
[2025-09-27 18:15:50] INFO Node4 Replication successful
[2025-09-27 18:15:58] ALARM Node4 Network latency critical
[2025-09-27 18:16:03] WARN Node1 Network jitter observed
[2025-09-27 18:16:06] WARN Node3 Memory usage high
[2025-09-27 18:16:17] ALARM Node2 Critical data loss risk
[2025-09-27 18:16:27] INFO Node4 Heartbeat OK
[2025-09-27 18:16:28] ALARM Node3 Network timeout
[2025-09-27 18:16:36] WARN Node1 CPU usage high
[2025-09-27 18:16:56] ALARM Node1 Disk failed
[2025-09-27 18:17:03] INFO Node1 Heartbeat OK
[2025-09-27 18:17:23] INFO Node4 Replication successful
[2025-09-27 18:17:40] INFO Node3 Replication successful
[2025-09-27 18:17:58] WARN Node4 High latency detected
[2025-09-27 18:18:17] INFO Node4 Backup completed
[2025-09-27 18:18:32] WARN Node1 High latency detected
[2025-09-27 18:18:47] ALARM Node1 Network latency critical
[2025-09-27 18:18:58] WARN Node1 CPU usage high
[2025-09-27 18:19:13] INFO Node2 Backup completed
[2025-09-27 18:19:27] WARN Node4 Memory usage high
[2025-09-27 18:19:37] ALARM Node2 Disk failed
[2025-09-27 18:19:46] ALARM Node2 Network timeout
[2025-09-27 18:19:58] INFO Node4 Heartbeat OK
[2025-09-27 18:20:10] INFO Node1 Replication successful
[2025-09-27 18:20:24] INFO Node3 Heartbeat OK
[2025-09-27 18:20:34] ALARM Node1 Network timeout
[2025-09-27 18:20:41] INFO Node4 Storage service started
[2025-09-27 18:21:00] INFO Node3 Connection established
[2025-09-27 18:21:18] INFO Node3 Heartbeat OK
[2025-09-27 18:21:33] INFO Node3 Replication successful
[2025-09-27 18:21:37] INFO Node4 Heartbeat OK
[2025-09-27 18:21:48] WARN Node3 Memory usage high
[2025-09-27 18:21:49] ALARM Node3 Disk failed
[2025-09-27 18:21:51] ALARM Node3 Network timeout
[2025-09-27 18:22:08] INFO Node1 Storage service started
[2025-09-27 18:22:19] ALARM Node4 Network latency critical
[2025-09-27 18:22:22] INFO Node4 Backup completed
[2025-09-27 18:22:32] WARN Node4 Disk I/O performance degraded
[2025-09-27 18:22:49] WARN Node1 Network jitter observed
[2025-09-27 18:23:06] WARN Node3 CPU usage high
[2025-09-27 18:23:21] ALARM Node2 Disk failed
[2025-09-27 18:23:27] WARN Node2 Disk I/O performance degraded
[2025-09-27 18:23:37] WARN Node4 CPU usage high
[2025-09-27 18:23:46] INFO Node4 Storage service started
[2025-09-27 18:23:59] ALARM Node4 Network timeout
[2025-09-27 18:24:18] INFO Node4 Backup completed
[2025-09-27 18:24:26] WARN Node2 CPU usage high
[2025-09-27 18:24:32] INFO Node2 Connection established
[2025-09-27 18:24:47] WARN Node3 Network jitter observed
[2025-09-27 18:24:49] WARN Node1 Memory usage high
[2025-09-27 18:25:02] WARN Node4 High latency detected
[2025-09-27 18:25:07] INFO Node4 Storage service started
[2025-09-27 18:25:11] ALARM Node3 Network timeout
[2025-09-27 18:25:30] ALARM Node3 Network latency critical
[2025-09-27 18:25:45] ALARM Node3 Node unreachable
[2025-09-27 18:25:56] INFO Node2 Heartbeat OK
[2025-09-27 18:26:15] WARN Node2 Network jitter observed
[2025-09-27 18:26:17] WARN Node3 CPU usage high
[2025-09-27 18:26:22] ALARM Node3 Network latency critical
[2025-09-27 18:26:32] INFO Node2 Heartbeat OK
[2025-09-27 18:26:33] INFO Node4 Connection established
[2025-09-27 18:26:53] WARN Node3 High latency detected
[2025-09-27 18:27:03] ALARM Node3 Network timeout
[2025-09-27 18:27:05] INFO Node1 Connection established
[2025-09-27 18:27:17] ALARM Node1 Disk failed
[2025-09-27 18:27:36] ALARM Node3 Critical data loss risk
[2025-09-27 18:27:37] WARN Node3 High latency detected
[2025-09-27 18:27:47] WARN Node2 Memory usage high
[2025-09-27 18:27:55] ALARM Node2 Critical data loss risk
[2025-09-27 18:28:14] ALARM Node4 Critical data loss risk
[2025-09-27 18:28:25] ALARM Node2 Critical data loss risk
[2025-09-27 18:28:44] WARN Node4 CPU usage high
[2025-09-27 18:28:49] INFO Node4 Heartbeat OK
[2025-09-27 18:28:51] WARN Node1 CPU usage high
[2025-09-27 18:28:59] ALARM Node2 Network timeout
[2025-09-27 18:29:13] WARN Node3 Disk I/O performance degraded
[2025-09-27 18:29:20] ALARM Node2 Node unreachable
[2025-09-27 18:29:39] ALARM Node2 Node unreachable
[2025-09-27 18:29:56] INFO Node1 Backup completed
[2025-09-27 18:30:15] ALARM Node1 Node unreachable
[2025-09-27 18:30:29] ALARM Node1 Network latency critical
[2025-09-27 18:30:49] ALARM Node4 Network timeout
[2025-09-27 18:31:00] INFO Node2 Connection established
[2025-09-27 18:31:16] WARN Node4 High latency detected
[2025-09-27 18:31:17] WARN Node4 Network jitter observed
[2025-09-27 18:31:27] WARN Node3 High latency detected
[2025-09-27 18:31:46] ALARM Node1 Network timeout
[2025-09-27 18:31:49] INFO Node4 Backup completed
[2025-09-27 18:31:55] WARN Node3 Memory usage high
[2025-09-27 18:32:07] ALARM Node4 Node unreachable
[2025-09-27 18:32:21] WARN Node2 Memory usage high
[2025-09-27 18:32:37] ALARM Node2 Network latency critical
[2025-09-27 18:32:54] INFO Node2 Backup completed
[2025-09-27 18:32:59] ALARM Node2 Disk failed
[2025-09-27 18:33:02] ALARM Node3 Network latency critical
[2025-09-27 18:33:08] WARN Node4 CPU usage high
[2025-09-27 18:33:16] INFO Node2 Replication successful
[2025-09-27 18:33:36] INFO Node4 Backup completed
[2025-09-27 18:33:40] INFO Node1 Storage service started
[2025-09-27 18:33:52] ALARM Node1 Network timeout
[2025-09-27 18:34:10] ALARM Node2 Critical data loss risk
[2025-09-27 18:34:28] WARN Node3 CPU usage high
[2025-09-27 18:34:43] ALARM Node1 Node unreachable
[2025-09-27 18:34:49] ALARM Node4 Critical data loss risk
[2025-09-27 18:34:54] ALARM Node3 Node unreachable
[2025-09-27 18:35:13] ALARM Node3 Critical data loss risk
[2025-09-27 18:35:33] ALARM Node1 Network timeout
[2025-09-27 18:35:44] INFO Node2 Connection established
[2025-09-27 18:35:50] INFO Node2 Backup completed
[2025-09-27 18:36:07] ALARM Node1 Node unreachable
[2025-09-27 18:36:12] WARN Node1 High latency detected
[2025-09-27 18:36:18] WARN Node3 CPU usage high
[2025-09-27 18:36:19] ALARM Node3 Network latency critical
[2025-09-27 18:36:24] INFO Node1 Backup completed
[2025-09-27 18:36:36] WARN Node2 Disk I/O performance degraded
[2025-09-27 18:36:37] ALARM Node1 Network latency critical
[2025-09-27 18:36:49] WARN Node1 Disk I/O performance degraded
[2025-09-27 18:36:51] INFO Node2 Connection established
[2025-09-27 18:37:07] INFO Node1 Backup completed
[2025-09-27 18:37:24] INFO Node1 Backup completed
[2025-09-27 18:37:30] ALARM Node3 Network latency critical
[2025-09-27 18:37:37] WARN Node1 High latency detected
[2025-09-27 18:37:53] WARN Node4 Disk I/O performance degraded
[2025-09-27 18:38:08] WARN Node3 Disk I/O performance degraded
[2025-09-27 18:38:13] ALARM Node4 Node unreachable
[2025-09-27 18:38:25] ALARM Node1 Node unreachable
[2025-09-27 18:38:44] ALARM Node2 Network latency critical
[2025-09-27 18:39:04] ALARM Node1 Node unreachable
[2025-09-27 18:39:11] INFO Node1 Heartbeat OK
[2025-09-27 18:39:19] WARN Node1 Disk I/O performance degraded
[2025-09-27 18:39:39] WARN Node3 CPU usage high
[2025-09-27 18:39:57] INFO Node3 Connection established
[2025-09-27 18:40:10] WARN Node1 CPU usage high
[2025-09-27 18:40:13] WARN Node1 CPU usage high
[2025-09-27 18:40:29] WARN Node4 High latency detected
[2025-09-27 18:40:33] INFO Node2 Backup completed
[2025-09-27 18:40:38] INFO Node1 Storage service started
[2025-09-27 18:40:52] INFO Node2 Storage service started
[2025-09-27 18:40:56] INFO Node4 Connection established
[2025-09-27 18:41:13] ALARM Node4 Node unreachable
[2025-09-27 18:41:31] ALARM Node1 Node unreachable
[2025-09-27 18:41:46] ALARM Node2 Disk failed
[2025-09-27 18:41:50] ALARM Node4 Critical data loss risk
[2025-09-27 18:42:04] WARN Node2 CPU usage high
[2025-09-27 18:42:24] WARN Node1 Network jitter observed
[2025-09-27 18:42:26] ALARM Node2 Network timeout
[2025-09-27 18:42:43] ALARM Node3 Network timeout
[2025-09-27 18:42:58] WARN Node1 CPU usage high
[2025-09-27 18:43:09] ALARM Node3 Network timeout
[2025-09-27 18:43:20] WARN Node4 CPU usage high
[2025-09-27 18:43:37] ALARM Node2 Network timeout
[2025-09-27 18:43:47] WARN Node1 High latency detected
[2025-09-27 18:43:57] ALARM Node4 Network latency critical
[2025-09-27 18:44:04] ALARM Node4 Critical data loss risk
[2025-09-27 18:44:20] ALARM Node4 Critical data loss risk
[2025-09-27 18:44:22] WARN Node1 CPU usage high
[2025-09-27 18:44:25] ALARM Node1 Critical data loss risk
[2025-09-27 18:44:41] WARN Node3 Disk I/O performance degraded
[2025-09-27 18:44:47] WARN Node4 High latency detected
[2025-09-27 18:44:55] WARN Node3 Disk I/O performance degraded
[2025-09-27 18:44:58] WARN Node2 Memory usage high
[2025-09-27 18:45:16] WARN Node3 High latency detected
[2025-09-27 18:45:21] ALARM Node3 Network timeout
[2025-09-27 18:45:26] WARN Node3 High latency detected
[2025-09-27 18:45:35] ALARM Node4 Disk failed
[2025-09-27 18:45:51] INFO Node4 Storage service started
[2025-09-27 18:45:52] ALARM Node1 Disk failed
[2025-09-27 18:45:54] INFO Node4 Heartbeat OK
[2025-09-27 18:46:09] WARN Node4 High latency detected
[2025-09-27 18:46:22] ALARM Node2 Network timeout
[2025-09-27 18:46:35] WARN Node3 CPU usage high
[2025-09-27 18:46:55] WARN Node1 High latency detected
[2025-09-27 18:47:04] INFO Node1 Storage service started
[2025-09-27 18:47:22] WARN Node3 Disk I/O performance degraded
[2025-09-27 18:47:42] INFO Node2 Heartbeat OK
[2025-09-27 18:47:56] INFO Node4 Backup completed
[2025-09-27 18:48:00] ALARM Node4 Disk failed
[2025-09-27 18:48:05] ALARM Node1 Network timeout
[2025-09-27 18:48:08] WARN Node2 High latency detected
[2025-09-27 18:48:23] WARN Node3 High latency detected
[2025-09-27 18:48:30] INFO Node2 Heartbeat OK
[2025-09-27 18:48:37] WARN Node1 High latency detected
[2025-09-27 18:48:53] INFO Node1 Heartbeat OK
[2025-09-27 18:48:59] ALARM Node4 Network latency critical
[2025-09-27 18:49:01] WARN Node3 High latency detected
[2025-09-27 18:49:18] WARN Node4 Disk I/O performance degraded
[2025-09-27 18:49:24] WARN Node3 Disk I/O performance degraded
[2025-09-27 18:49:33] WARN Node2 High latency detected
[2025-09-27 18:49:43] INFO Node1 Heartbeat OK
[2025-09-27 18:49:53] ALARM Node2 Network timeout
[2025-09-27 18:49:57] INFO Node2 Storage service started
[2025-09-27 18:50:03] INFO Node2 Connection established
[2025-09-27 18:50:12] INFO Node1 Replication successful
[2025-09-27 18:50:21] INFO Node2 Heartbeat OK
[2025-09-27 18:50:32] INFO Node4 Backup completed
[2025-09-27 18:50:41] WARN Node3 Disk I/O performance degraded
[2025-09-27 18:50:53] INFO Node4 Storage service started
[2025-09-27 18:50:57] WARN Node1 CPU usage high
[2025-09-27 18:51:01] INFO Node3 Connection established
[2025-09-27 18:51:08] WARN Node2 High latency detected
[2025-09-27 18:51:28] ALARM Node3 Disk failed
[2025-09-27 18:51:44] ALARM Node3 Node unreachable
[2025-09-27 18:51:54] ALARM Node1 Network latency critical
[2025-09-27 18:52:05] ALARM Node1 Critical data loss risk
[2025-09-27 18:52:24] ALARM Node1 Disk failed
[2025-09-27 18:52:30] ALARM Node2 Disk failed
[2025-09-27 18:52:48] WARN Node3 Network jitter observed
[2025-09-27 18:52:51] WARN Node2 Memory usage high
[2025-09-27 18:53:02] WARN Node3 Network jitter observed
[2025-09-27 18:53:07] WARN Node4 Memory usage high
[2025-09-27 18:53:17] WARN Node3 CPU usage high
[2025-09-27 18:53:28] ALARM Node4 Network latency critical
[2025-09-27 18:53:45] WARN Node1 Network jitter observed
[2025-09-27 18:53:46] ALARM Node2 Network latency critical
[2025-09-27 18:53:59] WARN Node3 Memory usage high
[2025-09-27 18:54:04] ALARM Node1 Network timeout
[2025-09-27 18:54:14] ALARM Node1 Node unreachable
[2025-09-27 18:54:21] INFO Node3 Connection established
[2025-09-27 18:54:30] WARN Node3 High latency detected
[2025-09-27 18:54:46] WARN Node1 CPU usage high
[2025-09-27 18:54:49] WARN Node3 CPU usage high
[2025-09-27 18:55:03] WARN Node2 Memory usage high
[2025-09-27 18:55:16] INFO Node2 Heartbeat OK
[2025-09-27 18:55:27] WARN Node2 CPU usage high
[2025-09-27 18:55:33] ALARM Node3 Disk failed
[2025-09-27 18:55:51] INFO Node2 Connection established
[2025-09-27 18:56:03] INFO Node3 Backup completed
[2025-09-27 18:56:21] ALARM Node4 Node unreachable
[2025-09-27 18:56:22] WARN Node2 Memory usage high
[2025-09-27 18:56:35] ALARM Node3 Disk failed
[2025-09-27 18:56:45] ALARM Node4 Disk failed
[2025-09-27 18:57:05] ALARM Node4 Network timeout
[2025-09-27 18:57:17] ALARM Node4 Network latency critical
[2025-09-27 18:57:20] INFO Node2 Connection established
[2025-09-27 18:57:40] WARN Node3 Memory usage high
[2025-09-27 18:57:47] INFO Node1 Storage service started
[2025-09-27 18:58:05] INFO Node1 Heartbeat OK
[2025-09-27 18:58:17] WARN Node1 CPU usage high
[2025-09-27 18:58:35] INFO Node3 Replication successful
[2025-09-27 18:58:36] ALARM Node4 Disk failed
[2025-09-27 18:58:46] INFO Node2 Connection established
[2025-09-27 18:58:56] ALARM Node3 Network timeout
[2025-09-27 18:59:00] ALARM Node1 Disk failed
[2025-09-27 18:59:11] INFO Node3 Replication successful
[2025-09-27 18:59:26] WARN Node2 CPU usage high
[2025-09-27 18:59:44] INFO Node3 Storage service started
[2025-09-27 18:59:49] WARN Node4 High latency detected
[2025-09-27 18:59:51] INFO Node1 Storage service started
[2025-09-27 19:00:00] ALARM Node1 Critical data loss risk
[2025-09-27 19:00:10] INFO Node3 Backup completed
[2025-09-27 19:00:13] ALARM Node2 Network timeout
[2025-09-27 19:00:14] ALARM Node2 Disk failed
[2025-09-27 19:00:26] ALARM Node3 Network latency critical
[2025-09-27 19:00:33] ALARM Node4 Network timeout
[2025-09-27 19:00:45] WARN Node4 Disk I/O performance degraded
[2025-09-27 19:00:51] ALARM Node1 Critical data loss risk
[2025-09-27 19:01:07] WARN Node2 High latency detected
[2025-09-27 19:01:23] WARN Node2 Memory usage high
[2025-09-27 19:01:40] ALARM Node1 Disk failed
[2025-09-27 19:01:57] WARN Node4 Network jitter observed
[2025-09-27 19:02:16] INFO Node1 Backup completed
[2025-09-27 19:02:34] ALARM Node1 Node unreachable
[2025-09-27 19:02:52] ALARM Node1 Node unreachable
[2025-09-27 19:03:11] WARN Node1 High latency detected
[2025-09-27 19:03:18] WARN Node3 Memory usage high
[2025-09-27 19:03:27] ALARM Node1 Disk failed
[2025-09-27 19:03:45] ALARM Node3 Network latency critical
[2025-09-27 19:03:56] WARN Node2 Disk I/O performance degraded
[2025-09-27 19:04:02] WARN Node2 Network jitter observed
[2025-09-27 19:04:19] INFO Node1 Backup completed
[2025-09-27 19:04:29] INFO Node3 Connection established
[2025-09-27 19:04:39] WARN Node4 Disk I/O performance degraded
[2025-09-27 19:04:40] ALARM Node3 Node unreachable
[2025-09-27 19:04:41] INFO Node1 Connection established
[2025-09-27 19:04:57] WARN Node1 Memory usage high
[2025-09-27 19:05:09] ALARM Node2 Network timeout
[2025-09-27 19:05:13] INFO Node4 Backup completed
[2025-09-27 19:05:15] INFO Node1 Replication successful
[2025-09-27 19:05:17] WARN Node3 Memory usage high
[2025-09-27 19:05:23] ALARM Node1 Network timeout
[2025-09-27 19:05:26] INFO Node3 Replication successful
[2025-09-27 19:05:28] ALARM Node1 Network latency critical
[2025-09-27 19:05:29] WARN Node3 Disk I/O performance degraded
[2025-09-27 19:05:32] WARN Node2 High latency detected
[2025-09-27 19:05:50] WARN Node1 Network jitter observed
[2025-09-27 19:05:51] INFO Node4 Storage service started
[2025-09-27 19:06:06] ALARM Node3 Critical data loss risk
[2025-09-27 19:06:07] ALARM Node3 Node unreachable
[2025-09-27 19:06:09] INFO Node2 Connection established
[2025-09-27 19:06:10] INFO Node4 Replication successful
[2025-09-27 19:06:20] WARN Node3 Network jitter observed
[2025-09-27 19:06:38] ALARM Node1 Disk failed
[2025-09-27 19:06:54] INFO Node1 Storage service started
[2025-09-27 19:07:07] WARN Node3 High latency detected
[2025-09-27 19:07:13] ALARM Node4 Network timeout
[2025-09-27 19:07:15] WARN Node3 High latency detected
[2025-09-27 19:07:23] INFO Node3 Connection established
[2025-09-27 19:07:41] INFO Node1 Heartbeat OK
[2025-09-27 19:07:49] ALARM Node4 Network timeout
[2025-09-27 19:08:00] WARN Node1 High latency detected
[2025-09-27 19:08:08] WARN Node4 Memory usage high
[2025-09-27 19:08:17] ALARM Node3 Disk failed
[2025-09-27 19:08:18] INFO Node3 Heartbeat OK
[2025-09-27 19:08:35] ALARM Node3 Network latency critical
[2025-09-27 19:08:45] ALARM Node4 Disk failed
[2025-09-27 19:09:04] ALARM Node1 Network latency critical
[2025-09-27 19:09:18] INFO Node3 Heartbeat OK
[2025-09-27 19:09:38] WARN Node2 Memory usage high
[2025-09-27 19:09:40] WARN Node2 High latency detected
[2025-09-27 19:09:48] ALARM Node1 Network timeout
[2025-09-27 19:10:01] ALARM Node1 Critical data loss risk
[2025-09-27 19:10:20] ALARM Node1 Network timeout
[2025-09-27 19:10:30] ALARM Node1 Network timeout
[2025-09-27 19:10:44] WARN Node4 CPU usage high
[2025-09-27 19:10:57] ALARM Node3 Network timeout
[2025-09-27 19:11:06] WARN Node1 Memory usage high
[2025-09-27 19:11:13] INFO Node2 Backup completed
[2025-09-27 19:11:19] INFO Node2 Replication successful
[2025-09-27 19:11:21] ALARM Node4 Network latency critical
[2025-09-27 19:11:31] INFO Node3 Connection established
[2025-09-27 19:11:51] INFO Node1 Connection established
[2025-09-27 19:12:10] ALARM Node4 Critical data loss risk
[2025-09-27 19:12:26] WARN Node3 Disk I/O performance degraded
[2025-09-27 19:12:28] ALARM Node2 Network latency critical
[2025-09-27 19:12:36] WARN Node1 Disk I/O performance degraded
[2025-09-27 19:12:53] INFO Node1 Backup completed
[2025-09-27 19:13:04] INFO Node1 Connection established
[2025-09-27 19:13:14] INFO Node3 Backup completed
[2025-09-27 19:13:25] WARN Node1 CPU usage high
[2025-09-27 19:13:28] WARN Node4 High latency detected
[2025-09-27 19:13:46] INFO Node1 Heartbeat OK
[2025-09-27 19:14:06] INFO Node1 Replication successful
[2025-09-27 19:14:14] WARN Node4 Memory usage high
[2025-09-27 19:14:23] ALARM Node2 Network timeout
[2025-09-27 19:14:24] WARN Node3 Network jitter observed
[2025-09-27 19:14:42] WARN Node2 Disk I/O performance degraded
[2025-09-27 19:14:45] WARN Node1 Memory usage high
[2025-09-27 19:15:04] ALARM Node1 Network timeout
[2025-09-27 19:15:24] ALARM Node2 Network timeout
[2025-09-27 19:15:27] WARN Node2 CPU usage high
[2025-09-27 19:15:40] INFO Node3 Storage service started
[2025-09-27 19:15:49] ALARM Node1 Disk failed
[2025-09-27 19:16:01] ALARM Node2 Disk failed
[2025-09-27 19:16:21] INFO Node2 Heartbeat OK
[2025-09-27 19:16:26] INFO Node3 Replication successful
[2025-09-27 19:16:41] ALARM Node3 Network latency critical
[2025-09-27 19:16:46] ALARM Node4 Disk failed
[2025-09-27 19:16:52] ALARM Node1 Network timeout
[2025-09-27 19:17:06] ALARM Node3 Network timeout
[2025-09-27 19:17:25] ALARM Node3 Network timeout
[2025-09-27 19:17:35] INFO Node4 Heartbeat OK
[2025-09-27 19:17:42] INFO Node2 Replication successful
[2025-09-27 19:17:51] INFO Node1 Backup completed
[2025-09-27 19:17:53] WARN Node1 CPU usage high
[2025-09-27 19:18:11] ALARM Node2 Network timeout
[2025-09-27 19:18:23] INFO Node4 Storage service started
[2025-09-27 19:18:28] WARN Node3 Disk I/O performance degraded
[2025-09-27 19:18:33] ALARM Node4 Critical data loss risk
[2025-09-27 19:18:49] WARN Node2 CPU usage high
[2025-09-27 19:19:08] ALARM Node2 Network latency critical
[2025-09-27 19:19:24] WARN Node4 CPU usage high
[2025-09-27 19:19:34] ALARM Node3 Network latency critical
[2025-09-27 19:19:39] WARN Node3 Network jitter observed
[2025-09-27 19:19:59] INFO Node4 Backup completed
[2025-09-27 19:20:08] WARN Node2 High latency detected
[2025-09-27 19:20:17] ALARM Node2 Node unreachable
[2025-09-27 19:20:21] WARN Node3 Network jitter observed
[2025-09-27 19:20:22] WARN Node4 High latency detected
[2025-09-27 19:20:34] ALARM Node3 Critical data loss risk
[2025-09-27 19:20:47] WARN Node4 Network jitter observed
[2025-09-27 19:21:07] INFO Node2 Replication successful
[2025-09-27 19:21:14] WARN Node1 Network jitter observed
[2025-09-27 19:21:20] INFO Node4 Heartbeat OK
[2025-09-27 19:21:38] ALARM Node3 Network latency critical
[2025-09-27 19:21:48] ALARM Node1 Disk failed
[2025-09-27 19:22:02] INFO Node2 Connection established
[2025-09-27 19:22:20] INFO Node4 Replication successful
[2025-09-27 19:22:36] WARN Node1 Network jitter observed
[2025-09-27 19:22:45] WARN Node3 High latency detected
[2025-09-27 19:22:54] ALARM Node3 Node unreachable
[2025-09-27 19:23:06] INFO Node4 Heartbeat OK
[2025-09-27 19:23:12] INFO Node4 Backup completed
[2025-09-27 19:23:13] ALARM Node1 Disk failed
[2025-09-27 19:23:14] WARN Node1 Memory usage high
[2025-09-27 19:23:20] ALARM Node1 Disk failed
[2025-09-27 19:23:29] ALARM Node4 Network timeout
[2025-09-27 19:23:39] ALARM Node3 Node unreachable
[2025-09-27 19:23:50] ALARM Node1 Node unreachable
[2025-09-27 19:24:02] INFO Node4 Storage service started
[2025-09-27 19:24:21] INFO Node4 Replication successful
[2025-09-27 19:24:41] WARN Node1 Memory usage high
[2025-09-27 19:24:45] WARN Node3 CPU usage high
[2025-09-27 19:24:53] ALARM Node4 Network latency critical
[2025-09-27 19:25:00] INFO Node1 Storage service started
[2025-09-27 19:25:03] ALARM Node1 Critical data loss risk
[2025-09-27 19:25:22] INFO Node3 Heartbeat OK
[2025-09-27 19:25:28] WARN Node1 CPU usage high
[2025-09-27 19:25:36] INFO Node1 Connection established
[2025-09-27 19:25:38] WARN Node2 Network jitter observed
[2025-09-27 19:25:41] ALARM Node2 Network timeout
[2025-09-27 19:25:52] ALARM Node3 Disk failed
[2025-09-27 19:26:11] WARN Node3 Memory usage high
[2025-09-27 19:26:28] INFO Node3 Storage service started
[2025-09-27 19:26:44] ALARM Node3 Node unreachable
[2025-09-27 19:27:02] INFO Node1 Replication successful
[2025-09-27 19:27:14] ALARM Node1 Disk failed
[2025-09-27 19:27:29] ALARM Node1 Disk failed
[2025-09-27 19:27:39] WARN Node2 CPU usage high
[2025-09-27 19:27:46] INFO Node4 Replication successful
[2025-09-27 19:27:59] INFO Node4 Storage service started
[2025-09-27 19:28:06] ALARM Node3 Network latency critical
[2025-09-27 19:28:26] WARN Node3 Memory usage high
[2025-09-27 19:28:38] WARN Node3 Disk I/O performance degraded
[2025-09-27 19:28:49] ALARM Node4 Disk failed
[2025-09-27 19:29:03] ALARM Node2 Critical data loss risk
[2025-09-27 19:29:05] WARN Node1 Network jitter observed
[2025-09-27 19:29:12] ALARM Node4 Disk failed
[2025-09-27 19:29:16] ALARM Node2 Critical data loss risk
[2025-09-27 19:29:30] WARN Node2 CPU usage high
[2025-09-27 19:29:39] WARN Node1 CPU usage high
[2025-09-27 19:29:46] INFO Node2 Replication successful
[2025-09-27 19:30:01] WARN Node2 High latency detected
[2025-09-27 19:30:16] INFO Node2 Backup completed
[2025-09-27 19:30:24] ALARM Node1 Disk failed
[2025-09-27 19:30:30] WARN Node3 CPU usage high
[2025-09-27 19:30:32] ALARM Node3 Node unreachable
[2025-09-27 19:30:45] INFO Node4 Storage service started
[2025-09-27 19:30:56] WARN Node1 Network jitter observed
[2025-09-27 19:31:03] ALARM Node1 Critical data loss risk
[2025-09-27 19:31:05] INFO Node1 Connection established
[2025-09-27 19:31:10] WARN Node3 High latency detected
[2025-09-27 19:31:24] INFO Node1 Backup completed
[2025-09-27 19:31:26] WARN Node3 Disk I/O performance degraded
[2025-09-27 19:31:33] INFO Node2 Replication successful
[2025-09-27 19:31:50] ALARM Node2 Disk failed
[2025-09-27 19:31:54] WARN Node3 High latency detected
[2025-09-27 19:31:55] WARN Node4 Memory usage high
[2025-09-27 19:32:00] INFO Node3 Connection established
[2025-09-27 19:32:20] WARN Node2 High latency detected
[2025-09-27 19:32:22] ALARM Node4 Critical data loss risk
[2025-09-27 19:32:33] INFO Node1 Heartbeat OK
[2025-09-27 19:32:39] INFO Node3 Storage service started
[2025-09-27 19:32:41] INFO Node2 Heartbeat OK
[2025-09-27 19:32:50] ALARM Node1 Node unreachable
[2025-09-27 19:33:00] ALARM Node1 Critical data loss risk
[2025-09-27 19:33:04] WARN Node4 High latency detected
[2025-09-27 19:33:05] WARN Node1 Network jitter observed
[2025-09-27 19:33:24] WARN Node3 Network jitter observed
[2025-09-27 19:33:40] INFO Node2 Connection established
[2025-09-27 19:33:49] WARN Node1 Network jitter observed
[2025-09-27 19:33:52] WARN Node4 Memory usage high
[2025-09-27 19:34:01] WARN Node2 High latency detected
[2025-09-27 19:34:18] INFO Node4 Backup completed
[2025-09-27 19:34:27] INFO Node3 Replication successful
[2025-09-27 19:34:38] ALARM Node1 Critical data loss risk
[2025-09-27 19:34:56] WARN Node4 High latency detected
[2025-09-27 19:35:14] ALARM Node1 Critical data loss risk
[2025-09-27 19:35:16] INFO Node2 Heartbeat OK
[2025-09-27 19:35:22] WARN Node4 Memory usage high
[2025-09-27 19:35:38] ALARM Node3 Node unreachable
[2025-09-27 19:35:48] WARN Node3 Memory usage high
[2025-09-27 19:35:52] INFO Node4 Storage service started
[2025-09-27 19:36:05] ALARM Node3 Node unreachable
[2025-09-27 19:36:13] ALARM Node4 Disk failed
[2025-09-27 19:36:24] WARN Node3 Disk I/O performance degraded
[2025-09-27 19:36:28] INFO Node1 Storage service started
[2025-09-27 19:36:29] INFO Node4 Storage service started
[2025-09-27 19:36:44] INFO Node4 Heartbeat OK
[2025-09-27 19:36:57] ALARM Node3 Disk failed
[2025-09-27 19:37:02] ALARM Node4 Critical data loss risk
[2025-09-27 19:37:20] INFO Node2 Backup completed
[2025-09-27 19:37:40] INFO Node1 Replication successful
[2025-09-27 19:37:53] INFO Node2 Connection established
[2025-09-27 19:38:13] INFO Node2 Backup completed
[2025-09-27 19:38:24] INFO Node3 Backup completed
[2025-09-27 19:38:28] ALARM Node3 Node unreachable
[2025-09-27 19:38:35] ALARM Node3 Critical data loss risk
[2025-09-27 19:38:44] INFO Node4 Backup completed
[2025-09-27 19:39:03] INFO Node2 Heartbeat OK
[2025-09-27 19:39:11] ALARM Node3 Critical data loss risk
[2025-09-27 19:39:23] ALARM Node4 Network latency critical
[2025-09-27 19:39:29] INFO Node3 Heartbeat OK
[2025-09-27 19:39:38] ALARM Node2 Critical data loss risk
[2025-09-27 19:39:47] WARN Node1 Memory usage high
[2025-09-27 19:40:03] INFO Node1 Heartbeat OK
[2025-09-27 19:40:12] WARN Node4 Disk I/O performance degraded
[2025-09-27 19:40:17] INFO Node2 Backup completed
[2025-09-27 19:40:26] INFO Node1 Replication successful
[2025-09-27 19:40:42] WARN Node3 Disk I/O performance degraded
[2025-09-27 19:40:50] ALARM Node2 Network latency critical
[2025-09-27 19:41:08] ALARM Node4 Disk failed
[2025-09-27 19:41:16] WARN Node4 Disk I/O performance degraded
[2025-09-27 19:41:17] ALARM Node1 Disk failed
[2025-09-27 19:41:23] WARN Node3 Network jitter observed
[2025-09-27 19:41:34] INFO Node1 Heartbeat OK
[2025-09-27 19:41:40] WARN Node3 High latency detected
[2025-09-27 19:41:55] WARN Node2 Disk I/O performance degraded
[2025-09-27 19:42:08] WARN Node3 Disk I/O performance degraded
[2025-09-27 19:42:16] INFO Node4 Heartbeat OK
[2025-09-27 19:42:30] ALARM Node3 Network timeout
[2025-09-27 19:42:41] INFO Node3 Storage service started
[2025-09-27 19:42:53] INFO Node2 Backup completed
[2025-09-27 19:43:07] WARN Node2 CPU usage high
[2025-09-27 19:43:23] INFO Node3 Backup completed
[2025-09-27 19:43:39] INFO Node2 Backup completed
[2025-09-27 19:43:41] INFO Node3 Storage service started
[2025-09-27 19:43:54] INFO Node3 Replication successful
[2025-09-27 19:44:11] WARN Node1 Network jitter observed
[2025-09-27 19:44:25] INFO Node4 Storage service started
[2025-09-27 19:44:28] INFO Node1 Backup completed
[2025-09-27 19:44:48] ALARM Node1 Network latency critical
[2025-09-27 19:44:53] ALARM Node2 Node unreachable
[2025-09-27 19:45:01] ALARM Node3 Disk failed
[2025-09-27 19:45:15] INFO Node2 Replication successful
[2025-09-27 19:45:30] WARN Node1 Memory usage high
[2025-09-27 19:45:35] INFO Node3 Heartbeat OK
[2025-09-27 19:45:36] INFO Node3 Storage service started
[2025-09-27 19:45:55] ALARM Node4 Node unreachable
[2025-09-27 19:45:59] WARN Node2 Memory usage high
[2025-09-27 19:46:15] WARN Node4 CPU usage high
[2025-09-27 19:46:17] INFO Node4 Replication successful
[2025-09-27 19:46:24] INFO Node3 Heartbeat OK
[2025-09-27 19:46:29] INFO Node2 Backup completed
[2025-09-27 19:46:44] WARN Node4 Network jitter observed
[2025-09-27 19:46:55] INFO Node2 Storage service started
[2025-09-27 19:47:04] ALARM Node2 Disk failed
[2025-09-27 19:47:21] WARN Node1 Network jitter observed
[2025-09-27 19:47:35] ALARM Node4 Node unreachable
[2025-09-27 19:47:52] WARN Node3 Memory usage high
[2025-09-27 19:47:58] ALARM Node2 Critical data loss risk
[2025-09-27 19:48:15] INFO Node1 Connection established
[2025-09-27 19:48:28] INFO Node4 Storage service started
[2025-09-27 19:48:34] INFO Node4 Storage service started
[2025-09-27 19:48:48] WARN Node2 High latency detected
[2025-09-27 19:49:05] ALARM Node3 Disk failed
[2025-09-27 19:49:22] INFO Node2 Storage service started
[2025-09-27 19:49:30] INFO Node3 Heartbeat OK
[2025-09-27 19:49:39] ALARM Node1 Network timeout
[2025-09-27 19:49:42] INFO Node2 Backup completed
[2025-09-27 19:49:59] ALARM Node2 Disk failed
[2025-09-27 19:50:15] INFO Node1 Backup completed
[2025-09-27 19:50:27] INFO Node2 Backup completed
[2025-09-27 19:50:32] ALARM Node4 Node unreachable
[2025-09-27 19:50:50] WARN Node3 CPU usage high
[2025-09-27 19:51:10] ALARM Node4 Node unreachable
[2025-09-27 19:51:30] INFO Node3 Replication successful
[2025-09-27 19:51:41] ALARM Node1 Network timeout
[2025-09-27 19:51:55] ALARM Node2 Disk failed
[2025-09-27 19:51:58] INFO Node3 Heartbeat OK
[2025-09-27 19:52:01] INFO Node1 Replication successful
[2025-09-27 19:52:20] WARN Node1 Memory usage high
[2025-09-27 19:52:22] INFO Node1 Connection established
[2025-09-27 19:52:34] WARN Node4 Disk I/O performance degraded
[2025-09-27 19:52:41] ALARM Node1 Network latency critical
[2025-09-27 19:52:45] ALARM Node4 Node unreachable
[2025-09-27 19:53:04] WARN Node3 Disk I/O performance degraded
[2025-09-27 19:53:24] WARN Node1 Disk I/O performance degraded
[2025-09-27 19:53:25] WARN Node2 Disk I/O performance degraded
[2025-09-27 19:53:31] WARN Node4 High latency detected
[2025-09-27 19:53:40] ALARM Node4 Network latency critical
[2025-09-27 19:53:44] INFO Node4 Storage service started
[2025-09-27 19:53:55] ALARM Node3 Disk failed
[2025-09-27 19:54:00] WARN Node1 Memory usage high
[2025-09-27 19:54:04] INFO Node3 Connection established
[2025-09-27 19:54:19] ALARM Node3 Network timeout
[2025-09-27 19:54:32] WARN Node1 Network jitter observed
[2025-09-27 19:54:39] WARN Node3 CPU usage high
[2025-09-27 19:54:47] ALARM Node1 Node unreachable
[2025-09-27 19:54:54] WARN Node2 Network jitter observed
[2025-09-27 19:54:58] WARN Node1 Network jitter observed
[2025-09-27 19:55:08] INFO Node4 Backup completed
[2025-09-27 19:55:15] ALARM Node3 Network latency critical
[2025-09-27 19:55:30] INFO Node1 Heartbeat OK
[2025-09-27 19:55:44] INFO Node4 Storage service started
[2025-09-27 19:55:55] WARN Node2 Network jitter observed
[2025-09-27 19:56:04] INFO Node4 Connection established
[2025-09-27 19:56:16] INFO Node2 Storage service started
[2025-09-27 19:56:28] WARN Node4 Memory usage high
[2025-09-27 19:56:32] WARN Node1 Memory usage high
[2025-09-27 19:56:41] ALARM Node2 Network timeout
[2025-09-27 19:56:45] INFO Node4 Replication successful
[2025-09-27 19:56:52] INFO Node2 Backup completed
[2025-09-27 19:57:00] ALARM Node4 Disk failed
[2025-09-27 19:57:15] INFO Node3 Connection established
[2025-09-27 19:57:30] WARN Node2 Memory usage high
[2025-09-27 19:57:38] ALARM Node3 Node unreachable
[2025-09-27 19:57:49] INFO Node3 Heartbeat OK
[2025-09-27 19:58:06] WARN Node2 Disk I/O performance degraded
[2025-09-27 19:58:11] ALARM Node3 Critical data loss risk
[2025-09-27 19:58:19] WARN Node4 Network jitter observed
[2025-09-27 19:58:34] INFO Node4 Storage service started
[2025-09-27 19:58:43] INFO Node2 Connection established
[2025-09-27 19:58:50] ALARM Node4 Disk failed
[2025-09-27 19:58:53] ALARM Node3 Critical data loss risk
[2025-09-27 19:59:06] INFO Node2 Replication successful
[2025-09-27 19:59:21] INFO Node4 Backup completed
[2025-09-27 19:59:31] WARN Node2 Disk I/O performance degraded
[2025-09-27 19:59:40] INFO Node4 Heartbeat OK
[2025-09-27 19:59:56] ALARM Node4 Critical data loss risk
[2025-09-27 20:00:14] WARN Node4 Memory usage high
[2025-09-27 20:00:18] INFO Node2 Connection established
[2025-09-27 20:00:23] WARN Node1 CPU usage high
[2025-09-27 20:00:41] INFO Node1 Backup completed
[2025-09-27 20:00:57] WARN Node3 CPU usage high
[2025-09-27 20:01:15] WARN Node4 Network jitter observed
[2025-09-27 20:01:18] WARN Node1 High latency detected
[2025-09-27 20:01:37] ALARM Node4 Node unreachable
[2025-09-27 20:01:44] INFO Node3 Replication successful
[2025-09-27 20:02:02] INFO Node2 Storage service started
[2025-09-27 20:02:13] INFO Node2 Backup completed
[2025-09-27 20:02:27] ALARM Node4 Critical data loss risk
[2025-09-27 20:02:34] WARN Node4 Memory usage high
[2025-09-27 20:02:46] INFO Node2 Connection established
[2025-09-27 20:02:59] WARN Node1 Disk I/O performance degraded
[2025-09-27 20:03:04] ALARM Node4 Node unreachable
[2025-09-27 20:03:15] ALARM Node1 Network latency critical
[2025-09-27 20:03:20] INFO Node3 Storage service started
[2025-09-27 20:03:31] ALARM Node2 Disk failed
[2025-09-27 20:03:35] WARN Node4 Disk I/O performance degraded
[2025-09-27 20:03:44] ALARM Node4 Critical data loss risk
[2025-09-27 20:04:03] WARN Node2 Network jitter observed
[2025-09-27 20:04:09] WARN Node4 Network jitter observed
[2025-09-27 20:04:13] INFO Node4 Heartbeat OK
[2025-09-27 20:04:28] INFO Node1 Storage service started
[2025-09-27 20:04:29] WARN Node2 Network jitter observed
[2025-09-27 20:04:39] INFO Node2 Heartbeat OK
[2025-09-27 20:04:47] WARN Node4 CPU usage high
[2025-09-27 20:04:52] ALARM Node4 Critical data loss risk
[2025-09-27 20:04:54] INFO Node1 Backup completed
[2025-09-27 20:04:58] ALARM Node4 Critical data loss risk
[2025-09-27 20:05:14] INFO Node3 Replication successful
[2025-09-27 20:05:31] WARN Node4 Memory usage high
[2025-09-27 20:05:48] WARN Node4 Memory usage high
[2025-09-27 20:06:08] INFO Node2 Connection established
[2025-09-27 20:06:25] WARN Node3 High latency detected
[2025-09-27 20:06:26] INFO Node1 Backup completed
[2025-09-27 20:06:31] ALARM Node4 Node unreachable
[2025-09-27 20:06:32] ALARM Node1 Network timeout
[2025-09-27 20:06:46] WARN Node4 High latency detected
[2025-09-27 20:07:06] INFO Node2 Replication successful
[2025-09-27 20:07:17] INFO Node2 Backup completed
[2025-09-27 20:07:27] WARN Node2 CPU usage high
[2025-09-27 20:07:43] INFO Node2 Connection established
[2025-09-27 20:07:46] INFO Node4 Replication successful
[2025-09-27 20:08:01] INFO Node2 Backup completed
[2025-09-27 20:08:06] WARN Node4 CPU usage high
[2025-09-27 20:08:09] ALARM Node4 Critical data loss risk
[2025-09-27 20:08:23] ALARM Node3 Disk failed
[2025-09-27 20:08:31] INFO Node1 Replication successful
[2025-09-27 20:08:36] ALARM Node1 Network timeout
[2025-09-27 20:08:54] INFO Node4 Connection established
[2025-09-27 20:09:10] WARN Node3 High latency detected
[2025-09-27 20:09:27] ALARM Node3 Network latency critical
[2025-09-27 20:09:38] ALARM Node3 Disk failed
[2025-09-27 20:09:48] WARN Node1 Network jitter observed
[2025-09-27 20:10:05] INFO Node4 Replication successful
[2025-09-27 20:10:10] WARN Node3 Network jitter observed
[2025-09-27 20:10:20] INFO Node2 Backup completed
[2025-09-27 20:10:32] WARN Node3 Network jitter observed
[2025-09-27 20:10:37] INFO Node1 Storage service started
[2025-09-27 20:10:46] WARN Node2 High latency detected
[2025-09-27 20:10:49] INFO Node2 Storage service started
[2025-09-27 20:10:57] ALARM Node4 Disk failed
[2025-09-27 20:11:16] WARN Node4 High latency detected
[2025-09-27 20:11:21] WARN Node4 Network jitter observed
[2025-09-27 20:11:40] WARN Node2 CPU usage high
[2025-09-27 20:11:51] WARN Node3 Network jitter observed
[2025-09-27 20:12:07] ALARM Node4 Critical data loss risk
[2025-09-27 20:12:17] INFO Node2 Storage service started
[2025-09-27 20:12:26] ALARM Node1 Critical data loss risk
[2025-09-27 20:12:34] INFO Node1 Backup completed
[2025-09-27 20:12:45] WARN Node1 Memory usage high
[2025-09-27 20:12:57] INFO Node1 Connection established
[2025-09-27 20:13:09] INFO Node4 Heartbeat OK
[2025-09-27 20:13:13] INFO Node1 Replication successful
[2025-09-27 20:13:16] WARN Node1 High latency detected
[2025-09-27 20:13:18] WARN Node1 Disk I/O performance degraded
[2025-09-27 20:13:19] INFO Node3 Heartbeat OK
[2025-09-27 20:13:39] WARN Node4 CPU usage high
[2025-09-27 20:13:49] ALARM Node2 Network latency critical
[2025-09-27 20:14:03] ALARM Node3 Network timeout
[2025-09-27 20:14:06] WARN Node3 Network jitter observed
[2025-09-27 20:14:21] WARN Node4 High latency detected
[2025-09-27 20:14:30] WARN Node3 High latency detected
[2025-09-27 20:14:36] ALARM Node2 Network timeout
[2025-09-27 20:14:47] ALARM Node4 Network latency critical
[2025-09-27 20:15:05] WARN Node3 High latency detected
[2025-09-27 20:15:23] ALARM Node4 Critical data loss risk
[2025-09-27 20:15:43] INFO Node4 Heartbeat OK
[2025-09-27 20:15:57] INFO Node4 Storage service started
[2025-09-27 20:16:11] WARN Node1 Disk I/O performance degraded
[2025-09-27 20:16:30] WARN Node2 Disk I/O performance degraded
[2025-09-27 20:16:41] INFO Node3 Backup completed
[2025-09-27 20:16:56] INFO Node4 Connection established
[2025-09-27 20:17:13] INFO Node2 Heartbeat OK
[2025-09-27 20:17:22] ALARM Node4 Network latency critical
[2025-09-27 20:17:33] INFO Node1 Replication successful
[2025-09-27 20:17:40] INFO Node1 Connection established
[2025-09-27 20:17:59] INFO Node2 Heartbeat OK
[2025-09-27 20:18:04] INFO Node1 Storage service started
[2025-09-27 20:18:23] INFO Node2 Connection established
[2025-09-27 20:18:27] WARN Node1 High latency detected
[2025-09-27 20:18:40] ALARM Node1 Node unreachable
[2025-09-27 20:18:53] WARN Node2 Network jitter observed
[2025-09-27 20:19:02] ALARM Node2 Node unreachable
[2025-09-27 20:19:08] WARN Node2 Network jitter observed
[2025-09-27 20:19:12] ALARM Node3 Critical data loss risk
[2025-09-27 20:19:27] ALARM Node4 Node unreachable
[2025-09-27 20:19:32] WARN Node1 Network jitter observed
[2025-09-27 20:19:33] INFO Node2 Heartbeat OK
[2025-09-27 20:19:49] WARN Node2 CPU usage high
[2025-09-27 20:19:51] INFO Node4 Heartbeat OK
[2025-09-27 20:20:07] INFO Node1 Backup completed
[2025-09-27 20:20:12] ALARM Node4 Network timeout
[2025-09-27 20:20:30] INFO Node3 Backup completed
[2025-09-27 20:20:36] INFO Node4 Connection established
[2025-09-27 20:20:46] INFO Node3 Replication successful
[2025-09-27 20:21:05] WARN Node2 Memory usage high
[2025-09-27 20:21:07] INFO Node3 Heartbeat OK
[2025-09-27 20:21:20] ALARM Node3 Network timeout
[2025-09-27 20:21:34] INFO Node1 Replication successful
[2025-09-27 20:21:53] INFO Node4 Replication successful
[2025-09-27 20:21:55] ALARM Node1 Network timeout
[2025-09-27 20:22:12] ALARM Node1 Network timeout
[2025-09-27 20:22:19] INFO Node1 Backup completed
[2025-09-27 20:22:35] ALARM Node2 Disk failed
[2025-09-27 20:22:50] WARN Node4 High latency detected
[2025-09-27 20:23:02] INFO Node3 Storage service started
[2025-09-27 20:23:16] WARN Node3 Network jitter observed
[2025-09-27 20:23:31] INFO Node2 Connection established
[2025-09-27 20:23:36] ALARM Node1 Disk failed
[2025-09-27 20:23:47] ALARM Node2 Disk failed
[2025-09-27 20:23:53] ALARM Node1 Network timeout
[2025-09-27 20:23:58] INFO Node4 Storage service started
[2025-09-27 20:24:13] ALARM Node3 Node unreachable
[2025-09-27 20:24:28] WARN Node1 High latency detected
[2025-09-27 20:24:47] WARN Node2 CPU usage high
[2025-09-27 20:25:07] INFO Node2 Heartbeat OK
[2025-09-27 20:25:18] WARN Node2 Disk I/O performance degraded
[2025-09-27 20:25:23] WARN Node1 Network jitter observed
[2025-09-27 20:25:31] WARN Node3 CPU usage high
[2025-09-27 20:25:33] WARN Node3 High latency detected
[2025-09-27 20:25:53] ALARM Node2 Node unreachable
[2025-09-27 20:26:05] ALARM Node2 Disk failed
[2025-09-27 20:26:06] ALARM Node1 Network timeout
[2025-09-27 20:26:26] WARN Node4 Disk I/O performance degraded
[2025-09-27 20:26:40] ALARM Node4 Network latency critical
[2025-09-27 20:26:41] WARN Node2 CPU usage high
[2025-09-27 20:26:58] WARN Node3 Network jitter observed
[2025-09-27 20:26:59] INFO Node1 Storage service started
[2025-09-27 20:27:06] ALARM Node2 Network latency critical
[2025-09-27 20:27:22] WARN Node4 High latency detected
[2025-09-27 20:27:26] ALARM Node4 Network latency critical
[2025-09-27 20:27:27] ALARM Node1 Critical data loss risk
[2025-09-27 20:27:42] ALARM Node1 Network timeout
[2025-09-27 20:27:54] ALARM Node4 Disk failed
[2025-09-27 20:28:13] WARN Node4 Disk I/O performance degraded
[2025-09-27 20:28:16] INFO Node4 Connection established
[2025-09-27 20:28:32] INFO Node4 Backup completed
[2025-09-27 20:28:49] INFO Node2 Connection established
[2025-09-27 20:28:52] WARN Node4 High latency detected
[2025-09-27 20:28:54] INFO Node1 Heartbeat OK
[2025-09-27 20:29:04] INFO Node1 Storage service started
[2025-09-27 20:29:20] ALARM Node4 Disk failed
[2025-09-27 20:29:22] ALARM Node3 Disk failed
[2025-09-27 20:29:34] ALARM Node4 Critical data loss risk
[2025-09-27 20:29:42] ALARM Node4 Node unreachable
[2025-09-27 20:29:44] WARN Node4 CPU usage high
[2025-09-27 20:29:49] INFO Node3 Storage service started
[2025-09-27 20:29:55] ALARM Node2 Network timeout
[2025-09-27 20:30:01] INFO Node2 Heartbeat OK
[2025-09-27 20:30:02] INFO Node3 Backup completed
[2025-09-27 20:30:03] INFO Node4 Replication successful
[2025-09-27 20:30:04] INFO Node4 Connection established
[2025-09-27 20:30:07] INFO Node4 Backup completed
[2025-09-27 20:30:21] INFO Node2 Replication successful
[2025-09-27 20:30:36] WARN Node1 Disk I/O performance degraded
[2025-09-27 20:30:54] INFO Node1 Backup completed
[2025-09-27 20:31:09] WARN Node1 High latency detected
[2025-09-27 20:31:27] WARN Node2 Network jitter observed
[2025-09-27 20:31:46] INFO Node1 Heartbeat OK
[2025-09-27 20:32:01] INFO Node1 Replication successful
[2025-09-27 20:32:19] ALARM Node2 Network latency critical
[2025-09-27 20:32:38] ALARM Node3 Network latency critical
[2025-09-27 20:32:41] WARN Node4 Memory usage high
[2025-09-27 20:32:51] INFO Node4 Storage service started
[2025-09-27 20:33:02] WARN Node3 Memory usage high
[2025-09-27 20:33:13] ALARM Node3 Disk failed
[2025-09-27 20:33:31] ALARM Node3 Network timeout
[2025-09-27 20:33:44] INFO Node2 Connection established
[2025-09-27 20:34:04] INFO Node3 Heartbeat OK
[2025-09-27 20:34:19] ALARM Node4 Network latency critical
[2025-09-27 20:34:20] ALARM Node4 Critical data loss risk
[2025-09-27 20:34:31] WARN Node3 Memory usage high
[2025-09-27 20:34:51] WARN Node3 CPU usage high
[2025-09-27 20:34:57] ALARM Node4 Network timeout
[2025-09-27 20:35:05] WARN Node1 Memory usage high
[2025-09-27 20:35:22] WARN Node1 CPU usage high
[2025-09-27 20:35:39] INFO Node3 Backup completed
[2025-09-27 20:35:51] ALARM Node1 Network timeout
[2025-09-27 20:36:09] INFO Node1 Connection established
[2025-09-27 20:36:23] WARN Node2 Disk I/O performance degraded
[2025-09-27 20:36:36] INFO Node4 Storage service started
[2025-09-27 20:36:53] INFO Node4 Backup completed
[2025-09-27 20:36:54] ALARM Node3 Network timeout
[2025-09-27 20:37:01] ALARM Node1 Critical data loss risk
[2025-09-27 20:37:15] ALARM Node1 Disk failed
[2025-09-27 20:37:28] INFO Node4 Heartbeat OK
[2025-09-27 20:37:42] WARN Node2 Disk I/O performance degraded
[2025-09-27 20:37:48] ALARM Node4 Node unreachable
[2025-09-27 20:38:01] ALARM Node3 Critical data loss risk
[2025-09-27 20:38:17] INFO Node1 Heartbeat OK
[2025-09-27 20:38:35] INFO Node2 Storage service started
[2025-09-27 20:38:41] INFO Node4 Storage service started
[2025-09-27 20:38:52] ALARM Node3 Node unreachable
[2025-09-27 20:39:12] ALARM Node3 Disk failed
[2025-09-27 20:39:29] WARN Node3 CPU usage high
[2025-09-27 20:39:40] INFO Node4 Backup completed
[2025-09-27 20:39:51] WARN Node1 CPU usage high
[2025-09-27 20:39:52] INFO Node2 Connection established
[2025-09-27 20:40:02] WARN Node4 CPU usage high
[2025-09-27 20:40:15] WARN Node4 CPU usage high
[2025-09-27 20:40:32] INFO Node3 Backup completed
[2025-09-27 20:40:43] WARN Node2 Disk I/O performance degraded
[2025-09-27 20:40:45] ALARM Node1 Critical data loss risk
[2025-09-27 20:40:51] ALARM Node2 Node unreachable
[2025-09-27 20:41:00] INFO Node1 Backup completed
[2025-09-27 20:41:03] ALARM Node1 Disk failed
[2025-09-27 20:41:16] ALARM Node1 Critical data loss risk
[2025-09-27 20:41:28] WARN Node2 Disk I/O performance degraded
[2025-09-27 20:41:47] ALARM Node3 Critical data loss risk
[2025-09-27 20:41:53] INFO Node1 Heartbeat OK
[2025-09-27 20:42:11] WARN Node2 CPU usage high
[2025-09-27 20:42:26] INFO Node3 Heartbeat OK
[2025-09-27 20:42:34] ALARM Node4 Node unreachable
[2025-09-27 20:42:38] ALARM Node4 Node unreachable
[2025-09-27 20:42:54] ALARM Node1 Network latency critical
[2025-09-27 20:43:04] ALARM Node3 Node unreachable
[2025-09-27 20:43:19] INFO Node2 Heartbeat OK
[2025-09-27 20:43:34] WARN Node1 High latency detected
[2025-09-27 20:43:51] WARN Node2 Disk I/O performance degraded
[2025-09-27 20:43:55] ALARM Node3 Node unreachable
[2025-09-27 20:43:58] WARN Node2 Network jitter observed
[2025-09-27 20:44:09] INFO Node4 Storage service started
[2025-09-27 20:44:26] WARN Node2 Disk I/O performance degraded
[2025-09-27 20:44:40] INFO Node2 Connection established
[2025-09-27 20:45:00] ALARM Node1 Critical data loss risk
[2025-09-27 20:45:12] WARN Node4 Disk I/O performance degraded
[2025-09-27 20:45:17] WARN Node4 High latency detected
[2025-09-27 20:45:37] WARN Node3 Network jitter observed
[2025-09-27 20:45:51] WARN Node2 High latency detected
[2025-09-27 20:46:09] WARN Node4 Disk I/O performance degraded
[2025-09-27 20:46:19] ALARM Node3 Disk failed
[2025-09-27 20:46:33] ALARM Node3 Network latency critical
[2025-09-27 20:46:43] ALARM Node1 Disk failed
[2025-09-27 20:46:47] ALARM Node3 Node unreachable
[2025-09-27 20:46:50] WARN Node2 Memory usage high
[2025-09-27 20:46:54] INFO Node2 Connection established
[2025-09-27 20:47:00] ALARM Node3 Network timeout
[2025-09-27 20:47:13] WARN Node4 Network jitter observed
[2025-09-27 20:47:23] WARN Node1 Disk I/O performance degraded
[2025-09-27 20:47:41] ALARM Node3 Network timeout
[2025-09-27 20:47:58] ALARM Node1 Disk failed
[2025-09-27 20:48:14] ALARM Node2 Critical data loss risk
[2025-09-27 20:48:32] ALARM Node1 Disk failed
[2025-09-27 20:48:47] WARN Node4 High latency detected
[2025-09-27 20:48:57] WARN Node4 CPU usage high
[2025-09-27 20:49:14] INFO Node1 Connection established
[2025-09-27 20:49:24] INFO Node4 Backup completed
[2025-09-27 20:49:26] WARN Node4 Network jitter observed
[2025-09-27 20:49:27] INFO Node3 Replication successful
[2025-09-27 20:49:46] INFO Node3 Storage service started
[2025-09-27 20:49:54] WARN Node1 Disk I/O performance degraded
[2025-09-27 20:50:00] ALARM Node2 Disk failed
[2025-09-27 20:50:06] INFO Node3 Replication successful
[2025-09-27 20:50:14] WARN Node2 High latency detected
[2025-09-27 20:50:26] WARN Node1 Memory usage high
[2025-09-27 20:50:38] INFO Node4 Storage service started
[2025-09-27 20:50:57] ALARM Node3 Network latency critical
[2025-09-27 20:51:04] INFO Node4 Replication successful
[2025-09-27 20:51:19] INFO Node4 Storage service started
[2025-09-27 20:51:24] INFO Node1 Storage service started
[2025-09-27 20:51:31] INFO Node1 Backup completed
[2025-09-27 20:51:47] ALARM Node2 Network latency critical
[2025-09-27 20:51:49] WARN Node2 Network jitter observed
[2025-09-27 20:51:58] INFO Node4 Connection established
[2025-09-27 20:52:06] INFO Node3 Replication successful
[2025-09-27 20:52:13] INFO Node2 Backup completed
[2025-09-27 20:52:20] INFO Node4 Heartbeat OK
[2025-09-27 20:52:31] INFO Node3 Connection established
[2025-09-27 20:52:36] INFO Node3 Replication successful
[2025-09-27 20:52:49] INFO Node2 Storage service started
[2025-09-27 20:52:57] WARN Node2 Network jitter observed
[2025-09-27 20:53:10] INFO Node1 Backup completed
[2025-09-27 20:53:24] WARN Node4 CPU usage high
[2025-09-27 20:53:38] WARN Node1 CPU usage high
[2025-09-27 20:53:52] WARN Node1 Disk I/O performance degraded
[2025-09-27 20:54:10] WARN Node1 High latency detected
[2025-09-27 20:54:11] INFO Node3 Storage service started
[2025-09-27 20:54:27] WARN Node3 CPU usage high
[2025-09-27 20:54:28] ALARM Node1 Network timeout
[2025-09-27 20:54:45] ALARM Node3 Network latency critical
[2025-09-27 20:54:47] INFO Node2 Storage service started
[2025-09-27 20:55:02] ALARM Node4 Network latency critical
[2025-09-27 20:55:11] INFO Node1 Replication successful
[2025-09-27 20:55:21] INFO Node1 Connection established
[2025-09-27 20:55:28] WARN Node2 CPU usage high
[2025-09-27 20:55:38] ALARM Node2 Critical data loss risk
[2025-09-27 20:55:49] WARN Node1 Memory usage high
[2025-09-27 20:55:50] INFO Node3 Replication successful
[2025-09-27 20:56:01] INFO Node2 Heartbeat OK
[2025-09-27 20:56:03] INFO Node4 Backup completed
[2025-09-27 20:56:16] INFO Node1 Storage service started
[2025-09-27 20:56:27] ALARM Node4 Critical data loss risk
[2025-09-27 20:56:29] ALARM Node3 Node unreachable
[2025-09-27 20:56:30] INFO Node2 Connection established
[2025-09-27 20:56:37] INFO Node3 Replication successful
[2025-09-27 20:56:48] ALARM Node4 Network latency critical
[2025-09-27 20:57:07] WARN Node2 Memory usage high
[2025-09-27 20:57:12] ALARM Node2 Disk failed
[2025-09-27 20:57:27] INFO Node2 Connection established
[2025-09-27 20:57:33] ALARM Node3 Network timeout
[2025-09-27 20:57:47] INFO Node3 Storage service started
[2025-09-27 20:58:05] WARN Node4 CPU usage high
[2025-09-27 20:58:25] ALARM Node3 Network timeout
[2025-09-27 20:58:36] ALARM Node3 Node unreachable
[2025-09-27 20:58:42] INFO Node4 Heartbeat OK
[2025-09-27 20:58:56] ALARM Node1 Network latency critical
[2025-09-27 20:59:07] WARN Node2 High latency detected
[2025-09-27 20:59:13] WARN Node1 CPU usage high
[2025-09-27 20:59:31] INFO Node1 Heartbeat OK
[2025-09-27 20:59:38] WARN Node3 Network jitter observed
[2025-09-27 20:59:42] INFO Node4 Backup completed
[2025-09-27 20:59:51] INFO Node1 Connection established
[2025-09-27 21:00:09] WARN Node4 Network jitter observed
[2025-09-27 21:00:21] ALARM Node3 Network latency critical
[2025-09-27 21:00:38] INFO Node1 Backup completed
[2025-09-27 21:00:42] WARN Node3 Memory usage high
[2025-09-27 21:00:47] ALARM Node4 Disk failed
[2025-09-27 21:00:59] INFO Node2 Replication successful
[2025-09-27 21:01:19] ALARM Node1 Node unreachable
[2025-09-27 21:01:35] WARN Node2 Disk I/O performance degraded
[2025-09-27 21:01:43] ALARM Node2 Critical data loss risk
[2025-09-27 21:01:47] WARN Node1 Memory usage high
[2025-09-27 21:02:06] INFO Node1 Replication successful
[2025-09-27 21:02:23] WARN Node3 High latency detected
[2025-09-27 21:02:34] INFO Node3 Connection established
[2025-09-27 21:02:54] INFO Node4 Storage service started
[2025-09-27 21:03:00] INFO Node4 Heartbeat OK
[2025-09-27 21:03:07] ALARM Node3 Network timeout
[2025-09-27 21:03:16] ALARM Node4 Node unreachable
[2025-09-27 21:03:24] ALARM Node1 Network latency critical
[2025-09-27 21:03:25] INFO Node2 Heartbeat OK
[2025-09-27 21:03:34] WARN Node1 CPU usage high
[2025-09-27 21:03:52] ALARM Node2 Critical data loss risk
[2025-09-27 21:04:05] WARN Node4 Memory usage high
[2025-09-27 21:04:07] WARN Node4 High latency detected
[2025-09-27 21:04:13] WARN Node3 Memory usage high
[2025-09-27 21:04:29] ALARM Node4 Node unreachable
[2025-09-27 21:04:32] INFO Node4 Storage service started
[2025-09-27 21:04:45] ALARM Node2 Network latency critical
[2025-09-27 21:04:54] INFO Node3 Heartbeat OK
[2025-09-27 21:05:04] WARN Node1 CPU usage high
[2025-09-27 21:05:22] WARN Node4 Network jitter observed
[2025-09-27 21:05:25] WARN Node1 Memory usage high
[2025-09-27 21:05:32] ALARM Node4 Network timeout
[2025-09-27 21:05:36] INFO Node4 Storage service started
[2025-09-27 21:05:40] INFO Node2 Connection established
[2025-09-27 21:05:46] WARN Node2 CPU usage high
[2025-09-27 21:05:52] WARN Node1 Memory usage high
[2025-09-27 21:06:10] ALARM Node3 Disk failed
[2025-09-27 21:06:24] WARN Node3 CPU usage high
[2025-09-27 21:06:35] ALARM Node1 Network latency critical
[2025-09-27 21:06:51] INFO Node1 Backup completed
[2025-09-27 21:07:03] WARN Node3 CPU usage high
[2025-09-27 21:07:23] INFO Node2 Storage service started
[2025-09-27 21:07:41] WARN Node4 Network jitter observed
[2025-09-27 21:08:00] ALARM Node1 Critical data loss risk
[2025-09-27 21:08:17] WARN Node3 High latency detected
[2025-09-27 21:08:23] ALARM Node2 Network timeout
[2025-09-27 21:08:30] INFO Node4 Replication successful
[2025-09-27 21:08:38] ALARM Node2 Node unreachable
[2025-09-27 21:08:39] INFO Node4 Storage service started
[2025-09-27 21:08:40] WARN Node3 Disk I/O performance degraded
[2025-09-27 21:08:43] WARN Node4 Network jitter observed
[2025-09-27 21:08:56] INFO Node1 Connection established
[2025-09-27 21:08:58] INFO Node4 Storage service started
[2025-09-27 21:09:00] ALARM Node1 Network timeout
[2025-09-27 21:09:17] ALARM Node4 Node unreachable
[2025-09-27 21:09:20] ALARM Node3 Critical data loss risk
[2025-09-27 21:09:32] INFO Node4 Replication successful
[2025-09-27 21:09:41] INFO Node3 Storage service started
[2025-09-27 21:09:57] WARN Node1 Disk I/O performance degraded
[2025-09-27 21:10:04] WARN Node2 CPU usage high
[2025-09-27 21:10:18] INFO Node4 Connection established
[2025-09-27 21:10:33] ALARM Node3 Network timeout
[2025-09-27 21:10:52] ALARM Node4 Disk failed
[2025-09-27 21:11:12] ALARM Node2 Node unreachable
[2025-09-27 21:11:32] ALARM Node3 Network timeout
[2025-09-27 21:11:33] ALARM Node4 Network timeout
[2025-09-27 21:11:52] WARN Node4 Network jitter observed
[2025-09-27 21:12:11] WARN Node1 Network jitter observed
[2025-09-27 21:12:20] INFO Node2 Backup completed
[2025-09-27 21:12:38] WARN Node4 Network jitter observed
[2025-09-27 21:12:52] ALARM Node3 Network latency critical
[2025-09-27 21:12:55] WARN Node3 Disk I/O performance degraded
[2025-09-27 21:13:15] WARN Node2 CPU usage high
[2025-09-27 21:13:24] INFO Node3 Backup completed
[2025-09-27 21:13:43] INFO Node3 Replication successful
[2025-09-27 21:13:53] WARN Node2 Network jitter observed
[2025-09-27 21:14:06] INFO Node1 Backup completed
[2025-09-27 21:14:23] INFO Node3 Backup completed
[2025-09-27 21:14:34] INFO Node2 Heartbeat OK
[2025-09-27 21:14:48] INFO Node3 Replication successful
[2025-09-27 21:14:50] INFO Node3 Storage service started
[2025-09-27 21:15:04] INFO Node2 Heartbeat OK
[2025-09-27 21:15:10] ALARM Node1 Node unreachable
[2025-09-27 21:15:24] ALARM Node2 Disk failed
[2025-09-27 21:15:39] ALARM Node2 Disk failed
[2025-09-27 21:15:45] INFO Node4 Storage service started
[2025-09-27 21:16:01] INFO Node1 Connection established
[2025-09-27 21:16:13] ALARM Node1 Node unreachable
[2025-09-27 21:16:18] WARN Node4 High latency detected
[2025-09-27 21:16:19] WARN Node2 Disk I/O performance degraded
[2025-09-27 21:16:30] INFO Node3 Storage service started
[2025-09-27 21:16:50] INFO Node3 Backup completed
[2025-09-27 21:17:03] WARN Node1 Disk I/O performance degraded
[2025-09-27 21:17:04] INFO Node2 Heartbeat OK
[2025-09-27 21:17:12] ALARM Node1 Disk failed
[2025-09-27 21:17:26] INFO Node1 Replication successful
[2025-09-27 21:17:28] INFO Node4 Storage service started
[2025-09-27 21:17:34] INFO Node2 Storage service started
[2025-09-27 21:17:35] INFO Node2 Storage service started
[2025-09-27 21:17:37] ALARM Node4 Network latency critical
[2025-09-27 21:17:46] ALARM Node1 Node unreachable
[2025-09-27 21:18:06] ALARM Node1 Node unreachable
[2025-09-27 21:18:21] WARN Node2 High latency detected
[2025-09-27 21:18:30] INFO Node3 Storage service started
[2025-09-27 21:18:38] INFO Node4 Connection established
[2025-09-27 21:18:44] WARN Node4 High latency detected
[2025-09-27 21:18:59] WARN Node2 Memory usage high
[2025-09-27 21:19:05] WARN Node4 Memory usage high
[2025-09-27 21:19:23] INFO Node2 Replication successful
[2025-09-27 21:19:30] ALARM Node2 Network latency critical
[2025-09-27 21:19:36] ALARM Node3 Network latency critical
[2025-09-27 21:19:53] ALARM Node3 Network timeout
[2025-09-27 21:20:04] ALARM Node3 Network latency critical
[2025-09-27 21:20:19] ALARM Node3 Node unreachable
[2025-09-27 21:20:35] WARN Node4 Disk I/O performance degraded
[2025-09-27 21:20:47] INFO Node4 Replication successful
[2025-09-27 21:20:53] ALARM Node2 Network latency critical
[2025-09-27 21:21:10] INFO Node4 Heartbeat OK
[2025-09-27 21:21:29] ALARM Node3 Node unreachable
[2025-09-27 21:21:41] INFO Node3 Connection established
[2025-09-27 21:21:49] WARN Node3 Memory usage high
[2025-09-27 21:22:09] WARN Node4 Disk I/O performance degraded
[2025-09-27 21:22:24] WARN Node3 Memory usage high
[2025-09-27 21:22:30] INFO Node1 Storage service started
[2025-09-27 21:22:34] INFO Node4 Heartbeat OK
[2025-09-27 21:22:41] ALARM Node3 Network timeout
[2025-09-27 21:22:54] ALARM Node3 Node unreachable
[2025-09-27 21:23:08] ALARM Node3 Critical data loss risk
[2025-09-27 21:23:18] INFO Node2 Heartbeat OK
[2025-09-27 21:23:31] INFO Node2 Storage service started
[2025-09-27 21:23:36] ALARM Node3 Network latency critical
[2025-09-27 21:23:39] WARN Node3 Network jitter observed
[2025-09-27 21:23:48] INFO Node4 Connection established
[2025-09-27 21:24:08] INFO Node4 Storage service started
[2025-09-27 21:24:11] WARN Node3 Memory usage high
[2025-09-27 21:24:29] INFO Node2 Connection established
[2025-09-27 21:24:41] INFO Node2 Backup completed
[2025-09-27 21:24:47] ALARM Node2 Network timeout
[2025-09-27 21:24:49] WARN Node3 Network jitter observed
[2025-09-27 21:25:03] INFO Node1 Storage service started
[2025-09-27 21:25:19] ALARM Node4 Disk failed
[2025-09-27 21:25:21] INFO Node4 Storage service started
[2025-09-27 21:25:29] ALARM Node4 Network timeout
[2025-09-27 21:25:42] ALARM Node2 Critical data loss risk
[2025-09-27 21:25:55] INFO Node2 Connection established
[2025-09-27 21:26:08] ALARM Node3 Network latency critical
[2025-09-27 21:26:14] INFO Node2 Replication successful
[2025-09-27 21:26:20] INFO Node3 Connection established
[2025-09-27 21:26:22] WARN Node2 Memory usage high
[2025-09-27 21:26:37] WARN Node3 Disk I/O performance degraded
[2025-09-27 21:26:57] ALARM Node2 Disk failed
[2025-09-27 21:26:58] WARN Node2 Network jitter observed
[2025-09-27 21:27:18] WARN Node1 Memory usage high
[2025-09-27 21:27:28] WARN Node4 High latency detected
[2025-09-27 21:27:44] ALARM Node4 Node unreachable
[2025-09-27 21:27:53] WARN Node4 High latency detected
[2025-09-27 21:27:55] WARN Node1 Disk I/O performance degraded
[2025-09-27 21:28:11] INFO Node2 Storage service started
[2025-09-27 21:28:21] INFO Node4 Connection established
[2025-09-27 21:28:29] WARN Node2 High latency detected
[2025-09-27 21:28:33] INFO Node3 Storage service started
[2025-09-27 21:28:45] ALARM Node1 Network latency critical
[2025-09-27 21:28:47] WARN Node2 CPU usage high
[2025-09-27 21:28:55] ALARM Node3 Disk failed
[2025-09-27 21:29:09] INFO Node1 Heartbeat OK
[2025-09-27 21:29:22] ALARM Node2 Network timeout
[2025-09-27 21:29:25] WARN Node1 Memory usage high
[2025-09-27 21:29:28] ALARM Node1 Network latency critical
[2025-09-27 21:29:32] WARN Node4 Memory usage high
[2025-09-27 21:29:47] INFO Node4 Heartbeat OK
[2025-09-27 21:30:02] WARN Node3 Memory usage high
[2025-09-27 21:30:03] INFO Node2 Backup completed
[2025-09-27 21:30:16] WARN Node4 Memory usage high
[2025-09-27 21:30:36] WARN Node1 Disk I/O performance degraded
[2025-09-27 21:30:42] INFO Node3 Replication successful
[2025-09-27 21:30:52] ALARM Node1 Network latency critical
[2025-09-27 21:31:12] INFO Node4 Replication successful
[2025-09-27 21:31:28] WARN Node1 Memory usage high
[2025-09-27 21:31:36] WARN Node3 High latency detected
[2025-09-27 21:31:43] WARN Node4 CPU usage high
[2025-09-27 21:31:57] INFO Node2 Replication successful
[2025-09-27 21:32:00] INFO Node1 Backup completed
[2025-09-27 21:32:19] ALARM Node2 Node unreachable
[2025-09-27 21:32:26] WARN Node2 Disk I/O performance degraded
[2025-09-27 21:32:38] INFO Node2 Connection established
[2025-09-27 21:32:57] WARN Node3 Disk I/O performance degraded
[2025-09-27 21:33:16] WARN Node4 CPU usage high
[2025-09-27 21:33:23] ALARM Node4 Network latency critical
[2025-09-27 21:33:29] WARN Node4 CPU usage high
[2025-09-27 21:33:46] WARN Node1 Memory usage high
[2025-09-27 21:33:48] INFO Node4 Heartbeat OK
[2025-09-27 21:34:08] INFO Node4 Connection established
[2025-09-27 21:34:21] INFO Node1 Replication successful
[2025-09-27 21:34:22] ALARM Node4 Node unreachable
[2025-09-27 21:34:29] INFO Node4 Heartbeat OK
[2025-09-27 21:34:33] ALARM Node4 Network timeout
[2025-09-27 21:34:53] WARN Node3 Disk I/O performance degraded
[2025-09-27 21:35:10] WARN Node3 Network jitter observed
[2025-09-27 21:35:24] ALARM Node4 Network latency critical
[2025-09-27 21:35:39] WARN Node3 CPU usage high
[2025-09-27 21:35:55] INFO Node2 Storage service started
[2025-09-27 21:35:57] ALARM Node4 Node unreachable
[2025-09-27 21:36:04] INFO Node1 Heartbeat OK
[2025-09-27 21:36:05] WARN Node1 Network jitter observed
[2025-09-27 21:36:21] INFO Node4 Replication successful
[2025-09-27 21:36:35] INFO Node4 Replication successful
[2025-09-27 21:36:47] WARN Node3 Disk I/O performance degraded
[2025-09-27 21:37:01] WARN Node3 CPU usage high
[2025-09-27 21:37:21] WARN Node1 Network jitter observed
[2025-09-27 21:37:30] ALARM Node3 Network latency critical
[2025-09-27 21:37:45] ALARM Node2 Critical data loss risk
[2025-09-27 21:38:03] WARN Node4 CPU usage high
[2025-09-27 21:38:04] ALARM Node3 Network timeout
[2025-09-27 21:38:05] WARN Node3 Network jitter observed
[2025-09-27 21:38:10] ALARM Node3 Critical data loss risk
[2025-09-27 21:38:18] ALARM Node1 Network latency critical
[2025-09-27 21:38:30] ALARM Node1 Node unreachable
[2025-09-27 21:38:31] WARN Node4 Network jitter observed
[2025-09-27 21:38:41] INFO Node3 Heartbeat OK
[2025-09-27 21:38:48] WARN Node3 Memory usage high
[2025-09-27 21:39:01] INFO Node4 Storage service started
[2025-09-27 21:39:03] WARN Node1 High latency detected
[2025-09-27 21:39:14] INFO Node4 Heartbeat OK
[2025-09-27 21:39:18] WARN Node2 High latency detected
[2025-09-27 21:39:37] WARN Node2 Network jitter observed
[2025-09-27 21:39:45] ALARM Node4 Critical data loss risk
[2025-09-27 21:39:48] ALARM Node1 Node unreachable
[2025-09-27 21:39:53] ALARM Node3 Network latency critical
[2025-09-27 21:40:06] ALARM Node1 Disk failed
[2025-09-27 21:40:17] INFO Node3 Backup completed
[2025-09-27 21:40:23] INFO Node1 Connection established
[2025-09-27 21:40:36] INFO Node3 Connection established
[2025-09-27 21:40:54] INFO Node3 Backup completed
[2025-09-27 21:41:01] ALARM Node3 Network latency critical
[2025-09-27 21:41:02] INFO Node4 Heartbeat OK
[2025-09-27 21:41:04] INFO Node4 Storage service started
[2025-09-27 21:41:16] WARN Node2 Network jitter observed
[2025-09-27 21:41:34] WARN Node2 Memory usage high
[2025-09-27 21:41:52] ALARM Node4 Network timeout
[2025-09-27 21:41:56] ALARM Node3 Network latency critical
[2025-09-27 21:42:08] INFO Node4 Connection established
[2025-09-27 21:42:27] ALARM Node1 Node unreachable
[2025-09-27 21:42:38] WARN Node2 High latency detected
[2025-09-27 21:42:46] INFO Node1 Connection established
[2025-09-27 21:42:50] INFO Node1 Storage service started
[2025-09-27 21:43:06] WARN Node3 Network jitter observed
[2025-09-27 21:43:24] WARN Node3 Network jitter observed
[2025-09-27 21:43:26] INFO Node1 Connection established
[2025-09-27 21:43:45] WARN Node2 Network jitter observed
[2025-09-27 21:43:51] WARN Node1 Network jitter observed
[2025-09-27 21:44:09] WARN Node2 Memory usage high
[2025-09-27 21:44:16] INFO Node4 Heartbeat OK
[2025-09-27 21:44:31] INFO Node1 Connection established
[2025-09-27 21:44:39] ALARM Node1 Node unreachable
[2025-09-27 21:44:52] WARN Node3 CPU usage high
[2025-09-27 21:44:58] INFO Node4 Backup completed
[2025-09-27 21:45:08] ALARM Node2 Disk failed
[2025-09-27 21:45:23] ALARM Node3 Network latency critical
[2025-09-27 21:45:37] INFO Node3 Storage service started
[2025-09-27 21:45:42] ALARM Node2 Network latency critical
[2025-09-27 21:46:02] WARN Node4 Network jitter observed
[2025-09-27 21:46:13] WARN Node3 Memory usage high
[2025-09-27 21:46:25] INFO Node1 Heartbeat OK
[2025-09-27 21:46:37] INFO Node4 Backup completed
[2025-09-27 21:46:56] INFO Node2 Connection established
[2025-09-27 21:47:02] WARN Node4 Network jitter observed
[2025-09-27 21:47:06] INFO Node1 Heartbeat OK
[2025-09-27 21:47:21] INFO Node2 Backup completed
[2025-09-27 21:47:26] WARN Node1 Disk I/O performance degraded
[2025-09-27 21:47:34] ALARM Node1 Node unreachable
[2025-09-27 21:47:44] ALARM Node3 Critical data loss risk
[2025-09-27 21:47:58] WARN Node1 CPU usage high
[2025-09-27 21:48:14] ALARM Node4 Network latency critical
[2025-09-27 21:48:18] ALARM Node2 Node unreachable
[2025-09-27 21:48:35] WARN Node1 Network jitter observed
[2025-09-27 21:48:37] WARN Node1 Memory usage high
[2025-09-27 21:48:46] ALARM Node3 Critical data loss risk
[2025-09-27 21:48:52] ALARM Node1 Network timeout
[2025-09-27 21:48:55] ALARM Node2 Disk failed
[2025-09-27 21:49:15] INFO Node1 Storage service started
[2025-09-27 21:49:35] INFO Node2 Storage service started
[2025-09-27 21:49:49] WARN Node3 Memory usage high
[2025-09-27 21:50:09] WARN Node1 Memory usage high
[2025-09-27 21:50:24] ALARM Node4 Network latency critical
[2025-09-27 21:50:35] ALARM Node2 Network timeout
[2025-09-27 21:50:51] WARN Node4 High latency detected
[2025-09-27 21:51:05] WARN Node1 Network jitter observed
[2025-09-27 21:51:13] ALARM Node4 Critical data loss risk
[2025-09-27 21:51:30] INFO Node3 Heartbeat OK
[2025-09-27 21:51:41] INFO Node3 Replication successful
[2025-09-27 21:51:49] INFO Node4 Replication successful
[2025-09-27 21:52:02] INFO Node4 Heartbeat OK
[2025-09-27 21:52:17] WARN Node4 Network jitter observed
[2025-09-27 21:52:34] WARN Node2 Network jitter observed
[2025-09-27 21:52:49] WARN Node1 Network jitter observed
[2025-09-27 21:52:56] WARN Node1 CPU usage high
[2025-09-27 21:53:06] ALARM Node2 Network timeout
[2025-09-27 21:53:14] INFO Node4 Storage service started
[2025-09-27 21:53:25] WARN Node3 Network jitter observed
[2025-09-27 21:53:45] INFO Node4 Heartbeat OK
[2025-09-27 21:53:46] WARN Node1 Disk I/O performance degraded
[2025-09-27 21:53:53] ALARM Node2 Critical data loss risk
[2025-09-27 21:54:04] ALARM Node4 Critical data loss risk
[2025-09-27 21:54:06] INFO Node2 Backup completed
[2025-09-27 21:54:19] INFO Node2 Backup completed
[2025-09-27 21:54:34] ALARM Node4 Node unreachable
[2025-09-27 21:54:54] WARN Node2 CPU usage high
[2025-09-27 21:54:56] ALARM Node1 Critical data loss risk
[2025-09-27 21:55:04] ALARM Node3 Critical data loss risk
[2025-09-27 21:55:08] WARN Node3 High latency detected
[2025-09-27 21:55:16] WARN Node4 CPU usage high
[2025-09-27 21:55:18] ALARM Node4 Disk failed
[2025-09-27 21:55:38] WARN Node2 Memory usage high
[2025-09-27 21:55:39] ALARM Node2 Network latency critical
[2025-09-27 21:55:40] WARN Node3 CPU usage high
[2025-09-27 21:55:53] INFO Node2 Backup completed
[2025-09-27 21:55:56] WARN Node3 Memory usage high
[2025-09-27 21:56:03] INFO Node1 Connection established
[2025-09-27 21:56:23] WARN Node1 High latency detected
[2025-09-27 21:56:24] ALARM Node1 Disk failed
[2025-09-27 21:56:29] INFO Node2 Connection established
[2025-09-27 21:56:48] WARN Node3 Memory usage high
[2025-09-27 21:56:58] WARN Node1 Memory usage high
[2025-09-27 21:57:01] ALARM Node3 Network timeout
[2025-09-27 21:57:05] INFO Node4 Heartbeat OK
[2025-09-27 21:57:21] WARN Node2 Disk I/O performance degraded
[2025-09-27 21:57:39] WARN Node4 Disk I/O performance degraded
[2025-09-27 21:57:49] INFO Node2 Heartbeat OK
[2025-09-27 21:57:54] INFO Node3 Backup completed
[2025-09-27 21:58:10] ALARM Node2 Network latency critical
[2025-09-27 21:58:22] INFO Node4 Backup completed
[2025-09-27 21:58:23] INFO Node2 Storage service started
[2025-09-27 21:58:42] INFO Node4 Connection established
[2025-09-27 21:58:47] WARN Node4 CPU usage high
[2025-09-27 21:58:51] ALARM Node3 Critical data loss risk
[2025-09-27 21:58:52] INFO Node2 Replication successful
[2025-09-27 21:59:00] ALARM Node4 Network timeout
[2025-09-27 21:59:01] WARN Node4 Memory usage high
[2025-09-27 21:59:18] WARN Node3 Network jitter observed
[2025-09-27 21:59:20] ALARM Node1 Disk failed
[2025-09-27 21:59:25] ALARM Node4 Network latency critical
[2025-09-27 21:59:34] WARN Node3 Network jitter observed
[2025-09-27 21:59:47] WARN Node1 Network jitter observed
[2025-09-27 22:00:06] ALARM Node2 Network timeout
[2025-09-27 22:00:16] ALARM Node3 Network timeout
[2025-09-27 22:00:19] INFO Node1 Connection established
[2025-09-27 22:00:34] INFO Node4 Backup completed
[2025-09-27 22:00:50] WARN Node2 CPU usage high
[2025-09-27 22:01:03] ALARM Node2 Disk failed
[2025-09-27 22:01:18] INFO Node4 Backup completed
[2025-09-27 22:01:36] WARN Node4 CPU usage high
[2025-09-27 22:01:37] INFO Node3 Replication successful
[2025-09-27 22:01:39] ALARM Node2 Critical data loss risk
[2025-09-27 22:01:53] WARN Node4 Disk I/O performance degraded
[2025-09-27 22:02:11] INFO Node2 Heartbeat OK
[2025-09-27 22:02:22] WARN Node2 CPU usage high
[2025-09-27 22:02:30] ALARM Node3 Critical data loss risk
[2025-09-27 22:02:50] INFO Node4 Heartbeat OK
[2025-09-27 22:02:51] INFO Node2 Replication successful
[2025-09-27 22:02:53] INFO Node4 Backup completed
[2025-09-27 22:02:56] ALARM Node3 Disk failed
[2025-09-27 22:03:13] WARN Node3 High latency detected
[2025-09-27 22:03:32] WARN Node1 CPU usage high
[2025-09-27 22:03:48] WARN Node3 Network jitter observed
[2025-09-27 22:04:06] WARN Node1 CPU usage high
[2025-09-27 22:04:09] ALARM Node3 Disk failed
[2025-09-27 22:04:19] WARN Node2 High latency detected
[2025-09-27 22:04:25] ALARM Node4 Disk failed
[2025-09-27 22:04:35] WARN Node1 High latency detected
[2025-09-27 22:04:54] ALARM Node4 Critical data loss risk
[2025-09-27 22:05:14] ALARM Node1 Critical data loss risk
[2025-09-27 22:05:28] ALARM Node4 Network timeout
[2025-09-27 22:05:42] INFO Node3 Backup completed
[2025-09-27 22:05:47] ALARM Node1 Critical data loss risk
[2025-09-27 22:06:07] WARN Node4 CPU usage high
[2025-09-27 22:06:15] WARN Node1 CPU usage high
[2025-09-27 22:06:25] ALARM Node1 Network timeout
[2025-09-27 22:06:41] ALARM Node4 Critical data loss risk
[2025-09-27 22:07:01] INFO Node3 Replication successful
[2025-09-27 22:07:15] INFO Node2 Storage service started
[2025-09-27 22:07:23] ALARM Node4 Critical data loss risk
[2025-09-27 22:07:36] ALARM Node3 Node unreachable
[2025-09-27 22:07:53] INFO Node2 Heartbeat OK
[2025-09-27 22:08:07] INFO Node2 Heartbeat OK
[2025-09-27 22:08:18] ALARM Node4 Network latency critical
[2025-09-27 22:08:34] INFO Node1 Backup completed
[2025-09-27 22:08:39] WARN Node2 Disk I/O performance degraded
[2025-09-27 22:08:47] INFO Node3 Backup completed
[2025-09-27 22:09:03] WARN Node4 CPU usage high
[2025-09-27 22:09:09] INFO Node3 Replication successful
[2025-09-27 22:09:23] ALARM Node3 Network timeout
[2025-09-27 22:09:36] ALARM Node2 Network timeout
[2025-09-27 22:09:47] WARN Node3 Memory usage high
[2025-09-27 22:09:58] WARN Node3 Network jitter observed
[2025-09-27 22:10:11] INFO Node3 Replication successful
[2025-09-27 22:10:18] INFO Node1 Backup completed
[2025-09-27 22:10:35] INFO Node1 Storage service started
[2025-09-27 22:10:49] ALARM Node4 Disk failed
[2025-09-27 22:10:54] INFO Node4 Backup completed
[2025-09-27 22:11:04] WARN Node4 High latency detected
[2025-09-27 22:11:10] WARN Node4 High latency detected
[2025-09-27 22:11:18] WARN Node2 CPU usage high
[2025-09-27 22:11:37] INFO Node4 Backup completed
[2025-09-27 22:11:42] WARN Node2 High latency detected
[2025-09-27 22:11:48] WARN Node4 Memory usage high
[2025-09-27 22:11:54] ALARM Node2 Disk failed
[2025-09-27 22:12:11] WARN Node2 Disk I/O performance degraded
[2025-09-27 22:12:30] INFO Node3 Replication successful
[2025-09-27 22:12:45] INFO Node4 Replication successful
[2025-09-27 22:12:52] INFO Node2 Replication successful
[2025-09-27 22:13:01] INFO Node3 Heartbeat OK
[2025-09-27 22:13:18] WARN Node2 Memory usage high
[2025-09-27 22:13:20] ALARM Node1 Network latency critical
[2025-09-27 22:13:35] INFO Node3 Backup completed
[2025-09-27 22:13:45] WARN Node4 CPU usage high
[2025-09-27 22:13:46] ALARM Node2 Node unreachable
[2025-09-27 22:13:48] WARN Node3 Memory usage high
[2025-09-27 22:13:49] WARN Node4 Memory usage high
[2025-09-27 22:14:05] WARN Node4 CPU usage high
[2025-09-27 22:14:11] ALARM Node2 Disk failed
[2025-09-27 22:14:15] WARN Node3 Network jitter observed
[2025-09-27 22:14:28] WARN Node4 Memory usage high
[2025-09-27 22:14:33] WARN Node3 High latency detected
[2025-09-27 22:14:41] WARN Node2 Memory usage high
[2025-09-27 22:14:57] WARN Node1 Disk I/O performance degraded
[2025-09-27 22:15:08] WARN Node4 Network jitter observed
[2025-09-27 22:15:14] WARN Node3 CPU usage high
[2025-09-27 22:15:26] ALARM Node1 Disk failed
[2025-09-27 22:15:38] WARN Node3 Memory usage high
[2025-09-27 22:15:50] ALARM Node4 Network timeout
[2025-09-27 22:15:57] INFO Node2 Heartbeat OK
[2025-09-27 22:16:00] WARN Node2 Memory usage high
[2025-09-27 22:16:03] WARN Node1 CPU usage high
[2025-09-27 22:16:04] INFO Node3 Heartbeat OK
[2025-09-27 22:16:18] WARN Node3 High latency detected
[2025-09-27 22:16:21] INFO Node2 Heartbeat OK
[2025-09-27 22:16:33] WARN Node2 Memory usage high
[2025-09-27 22:16:44] WARN Node4 Network jitter observed
[2025-09-27 22:16:51] INFO Node4 Backup completed
[2025-09-27 22:17:03] WARN Node3 Memory usage high
[2025-09-27 22:17:08] WARN Node1 Disk I/O performance degraded
[2025-09-27 22:17:25] ALARM Node1 Critical data loss risk
[2025-09-27 22:17:31] WARN Node2 Disk I/O performance degraded
[2025-09-27 22:17:49] INFO Node1 Replication successful
[2025-09-27 22:17:50] ALARM Node4 Network latency critical
[2025-09-27 22:17:55] ALARM Node2 Critical data loss risk
[2025-09-27 22:18:03] WARN Node1 Disk I/O performance degraded
[2025-09-27 22:18:14] INFO Node1 Backup completed
[2025-09-27 22:18:17] WARN Node2 High latency detected
[2025-09-27 22:18:29] INFO Node1 Heartbeat OK
[2025-09-27 22:18:44] ALARM Node1 Critical data loss risk
[2025-09-27 22:19:04] ALARM Node4 Node unreachable
[2025-09-27 22:19:06] INFO Node2 Storage service started
[2025-09-27 22:19:10] WARN Node1 Memory usage high
[2025-09-27 22:19:27] INFO Node4 Connection established
[2025-09-27 22:19:33] INFO Node2 Replication successful
[2025-09-27 22:19:41] INFO Node2 Storage service started
[2025-09-27 22:19:47] INFO Node4 Storage service started
[2025-09-27 22:19:48] WARN Node2 Disk I/O performance degraded
[2025-09-27 22:20:06] WARN Node1 Disk I/O performance degraded
[2025-09-27 22:20:25] INFO Node3 Replication successful
[2025-09-27 22:20:44] WARN Node2 Disk I/O performance degraded
[2025-09-27 22:20:52] INFO Node2 Connection established
[2025-09-27 22:21:06] ALARM Node4 Disk failed
[2025-09-27 22:21:26] WARN Node4 CPU usage high
[2025-09-27 22:21:42] ALARM Node2 Node unreachable
[2025-09-27 22:21:50] ALARM Node1 Disk failed
[2025-09-27 22:22:06] ALARM Node2 Critical data loss risk
[2025-09-27 22:22:25] INFO Node1 Storage service started
[2025-09-27 22:22:44] INFO Node3 Backup completed
[2025-09-27 22:23:01] WARN Node4 Memory usage high
[2025-09-27 22:23:19] INFO Node2 Storage service started
[2025-09-27 22:23:24] WARN Node4 High latency detected
[2025-09-27 22:23:43] WARN Node2 Disk I/O performance degraded
[2025-09-27 22:23:44] INFO Node3 Storage service started
[2025-09-27 22:24:03] ALARM Node3 Disk failed
[2025-09-27 22:24:12] WARN Node4 High latency detected
[2025-09-27 22:24:27] ALARM Node3 Critical data loss risk
[2025-09-27 22:24:34] ALARM Node4 Node unreachable
[2025-09-27 22:24:54] WARN Node1 CPU usage high
[2025-09-27 22:25:00] WARN Node3 CPU usage high
[2025-09-27 22:25:02] INFO Node4 Heartbeat OK
[2025-09-27 22:25:15] INFO Node3 Heartbeat OK
[2025-09-27 22:25:28] INFO Node3 Heartbeat OK
[2025-09-27 22:25:39] ALARM Node1 Network latency critical
[2025-09-27 22:25:59] ALARM Node2 Network latency critical
[2025-09-27 22:26:19] INFO Node3 Replication successful
[2025-09-27 22:26:36] INFO Node3 Replication successful
[2025-09-27 22:26:43] INFO Node2 Backup completed
[2025-09-27 22:27:00] WARN Node1 Network jitter observed
[2025-09-27 22:27:02] WARN Node1 CPU usage high
[2025-09-27 22:27:15] ALARM Node2 Node unreachable
[2025-09-27 22:27:25] WARN Node3 Disk I/O performance degraded
[2025-09-27 22:27:40] ALARM Node2 Network timeout
[2025-09-27 22:27:49] ALARM Node3 Critical data loss risk
[2025-09-27 22:28:00] ALARM Node3 Node unreachable
[2025-09-27 22:28:17] WARN Node4 High latency detected
[2025-09-27 22:28:20] INFO Node3 Heartbeat OK
[2025-09-27 22:28:39] INFO Node4 Replication successful
[2025-09-27 22:28:50] WARN Node4 Memory usage high
[2025-09-27 22:29:01] ALARM Node4 Critical data loss risk
[2025-09-27 22:29:17] WARN Node3 CPU usage high
[2025-09-27 22:29:31] WARN Node3 Network jitter observed
[2025-09-27 22:29:41] INFO Node1 Heartbeat OK
[2025-09-27 22:29:48] WARN Node4 CPU usage high
[2025-09-27 22:30:03] INFO Node1 Replication successful
[2025-09-27 22:30:08] WARN Node3 Disk I/O performance degraded
[2025-09-27 22:30:18] WARN Node2 High latency detected
[2025-09-27 22:30:35] INFO Node1 Replication successful
[2025-09-27 22:30:36] ALARM Node4 Node unreachable
[2025-09-27 22:30:43] ALARM Node1 Disk failed
[2025-09-27 22:30:47] ALARM Node1 Network timeout
[2025-09-27 22:30:49] ALARM Node2 Node unreachable
[2025-09-27 22:31:05] INFO Node4 Replication successful
[2025-09-27 22:31:16] ALARM Node1 Network latency critical
[2025-09-27 22:31:21] ALARM Node2 Disk failed
[2025-09-27 22:31:37] ALARM Node2 Node unreachable
[2025-09-27 22:31:53] INFO Node4 Replication successful
[2025-09-27 22:32:12] ALARM Node2 Network latency critical
[2025-09-27 22:32:13] WARN Node1 Disk I/O performance degraded
[2025-09-27 22:32:20] INFO Node2 Replication successful
[2025-09-27 22:32:26] WARN Node1 Disk I/O performance degraded
[2025-09-27 22:32:27] ALARM Node2 Disk failed
[2025-09-27 22:32:36] WARN Node2 CPU usage high
[2025-09-27 22:32:51] WARN Node2 Network jitter observed
[2025-09-27 22:33:11] ALARM Node2 Node unreachable
[2025-09-27 22:33:17] INFO Node1 Heartbeat OK
[2025-09-27 22:33:27] INFO Node2 Connection established
[2025-09-27 22:33:38] INFO Node4 Heartbeat OK
[2025-09-27 22:33:52] INFO Node4 Backup completed
[2025-09-27 22:34:05] ALARM Node3 Node unreachable
[2025-09-27 22:34:13] INFO Node4 Backup completed
[2025-09-27 22:34:16] ALARM Node4 Network latency critical
[2025-09-27 22:34:28] INFO Node3 Storage service started
[2025-09-27 22:34:42] WARN Node3 Memory usage high
[2025-09-27 22:34:48] INFO Node3 Heartbeat OK
[2025-09-27 22:34:59] ALARM Node2 Network latency critical
[2025-09-27 22:35:03] INFO Node2 Heartbeat OK
[2025-09-27 22:35:10] WARN Node1 Network jitter observed
[2025-09-27 22:35:19] INFO Node2 Storage service started
[2025-09-27 22:35:32] INFO Node2 Connection established
[2025-09-27 22:35:47] INFO Node2 Connection established
[2025-09-27 22:35:51] WARN Node1 CPU usage high
[2025-09-27 22:35:56] ALARM Node1 Network timeout
[2025-09-27 22:36:02] WARN Node4 Disk I/O performance degraded
[2025-09-27 22:36:16] INFO Node4 Connection established
[2025-09-27 22:36:30] WARN Node1 Disk I/O performance degraded
[2025-09-27 22:36:49] WARN Node1 CPU usage high
[2025-09-27 22:37:07] ALARM Node2 Critical data loss risk
[2025-09-27 22:37:09] WARN Node3 CPU usage high
[2025-09-27 22:37:10] WARN Node3 CPU usage high
[2025-09-27 22:37:23] INFO Node1 Replication successful
[2025-09-27 22:37:30] ALARM Node4 Node unreachable
[2025-09-27 22:37:35] INFO Node3 Heartbeat OK
[2025-09-27 22:37:41] WARN Node4 Disk I/O performance degraded
[2025-09-27 22:37:48] INFO Node4 Replication successful
[2025-09-27 22:38:05] WARN Node3 Memory usage high
[2025-09-27 22:38:18] INFO Node4 Connection established
[2025-09-27 22:38:35] INFO Node1 Storage service started
[2025-09-27 22:38:49] ALARM Node2 Network timeout
[2025-09-27 22:39:07] WARN Node4 CPU usage high
[2025-09-27 22:39:23] WARN Node1 Disk I/O performance degraded
[2025-09-27 22:39:31] WARN Node2 CPU usage high
[2025-09-27 22:39:36] INFO Node4 Heartbeat OK
[2025-09-27 22:39:49] WARN Node3 Network jitter observed
[2025-09-27 22:40:01] WARN Node3 Disk I/O performance degraded
[2025-09-27 22:40:16] WARN Node3 Network jitter observed
[2025-09-27 22:40:25] WARN Node2 Memory usage high
[2025-09-27 22:40:44] INFO Node2 Connection established
[2025-09-27 22:40:51] INFO Node1 Replication successful
[2025-09-27 22:41:03] INFO Node4 Storage service started
[2025-09-27 22:41:15] ALARM Node2 Critical data loss risk
[2025-09-27 22:41:30] ALARM Node1 Network latency critical
[2025-09-27 22:41:49] ALARM Node4 Network timeout
[2025-09-27 22:42:00] ALARM Node1 Disk failed
[2025-09-27 22:42:09] ALARM Node1 Disk failed
[2025-09-27 22:42:23] INFO Node3 Storage service started
[2025-09-27 22:42:37] WARN Node3 Disk I/O performance degraded
[2025-09-27 22:42:44] INFO Node3 Heartbeat OK
[2025-09-27 22:42:54] WARN Node3 CPU usage high
[2025-09-27 22:42:58] WARN Node3 Disk I/O performance degraded
[2025-09-27 22:43:14] ALARM Node2 Disk failed
[2025-09-27 22:43:31] INFO Node3 Replication successful
[2025-09-27 22:43:48] INFO Node3 Connection established
[2025-09-27 22:43:58] WARN Node1 Memory usage high
[2025-09-27 22:44:15] WARN Node3 CPU usage high
[2025-09-27 22:44:26] ALARM Node3 Node unreachable
[2025-09-27 22:44:42] ALARM Node2 Node unreachable
[2025-09-27 22:44:46] INFO Node3 Heartbeat OK
[2025-09-27 22:44:57] INFO Node4 Replication successful
[2025-09-27 22:44:59] ALARM Node4 Critical data loss risk
[2025-09-27 22:45:14] INFO Node3 Storage service started
[2025-09-27 22:45:30] ALARM Node2 Disk failed
[2025-09-27 22:45:49] ALARM Node2 Critical data loss risk
[2025-09-27 22:46:09] ALARM Node1 Network latency critical
[2025-09-27 22:46:28] WARN Node3 Disk I/O performance degraded
[2025-09-27 22:46:35] INFO Node1 Storage service started
[2025-09-27 22:46:52] WARN Node1 CPU usage high
[2025-09-27 22:46:59] INFO Node1 Backup completed
[2025-09-27 22:47:06] INFO Node2 Storage service started
[2025-09-27 22:47:07] INFO Node4 Replication successful
[2025-09-27 22:47:17] WARN Node3 Disk I/O performance degraded
[2025-09-27 22:47:31] WARN Node1 CPU usage high
[2025-09-27 22:47:49] INFO Node3 Heartbeat OK
[2025-09-27 22:48:06] WARN Node4 Memory usage high
[2025-09-27 22:48:10] ALARM Node2 Network latency critical
[2025-09-27 22:48:21] WARN Node1 Disk I/O performance degraded
[2025-09-27 22:48:33] INFO Node3 Storage service started
[2025-09-27 22:48:52] WARN Node4 Disk I/O performance degraded
[2025-09-27 22:49:12] INFO Node1 Backup completed
[2025-09-27 22:49:22] WARN Node2 CPU usage high
[2025-09-27 22:49:37] INFO Node4 Connection established
[2025-09-27 22:49:52] WARN Node1 Disk I/O performance degraded
[2025-09-27 22:49:55] INFO Node3 Heartbeat OK
[2025-09-27 22:50:14] WARN Node4 CPU usage high
[2025-09-27 22:50:23] INFO Node3 Heartbeat OK
[2025-09-27 22:50:25] WARN Node1 Network jitter observed
[2025-09-27 22:50:43] WARN Node1 High latency detected
[2025-09-27 22:51:02] ALARM Node1 Node unreachable
[2025-09-27 22:51:18] ALARM Node4 Node unreachable
[2025-09-27 22:51:23] WARN Node1 Network jitter observed
[2025-09-27 22:51:30] WARN Node2 CPU usage high
[2025-09-27 22:51:40] ALARM Node3 Critical data loss risk
[2025-09-27 22:51:43] INFO Node2 Replication successful
[2025-09-27 22:51:57] WARN Node1 High latency detected
[2025-09-27 22:52:02] WARN Node3 High latency detected
[2025-09-27 22:52:06] INFO Node3 Replication successful
[2025-09-27 22:52:26] INFO Node2 Connection established
[2025-09-27 22:52:32] WARN Node4 CPU usage high
[2025-09-27 22:52:47] INFO Node1 Connection established
[2025-09-27 22:53:00] ALARM Node4 Node unreachable
[2025-09-27 22:53:09] INFO Node3 Storage service started
[2025-09-27 22:53:11] INFO Node1 Storage service started
[2025-09-27 22:53:21] ALARM Node4 Network timeout
[2025-09-27 22:53:33] WARN Node4 Network jitter observed
[2025-09-27 22:53:40] INFO Node2 Backup completed
[2025-09-27 22:53:51] INFO Node1 Replication successful
[2025-09-27 22:54:09] INFO Node1 Heartbeat OK
[2025-09-27 22:54:25] INFO Node4 Connection established
[2025-09-27 22:54:42] INFO Node3 Storage service started
[2025-09-27 22:54:44] WARN Node1 CPU usage high
[2025-09-27 22:54:59] INFO Node4 Connection established
[2025-09-27 22:55:17] INFO Node3 Connection established
[2025-09-27 22:55:21] WARN Node4 Network jitter observed
[2025-09-27 22:55:35] WARN Node3 Memory usage high
[2025-09-27 22:55:44] INFO Node1 Connection established
[2025-09-27 22:56:03] INFO Node2 Replication successful
[2025-09-27 22:56:07] ALARM Node3 Disk failed
[2025-09-27 22:56:17] WARN Node1 Disk I/O performance degraded
[2025-09-27 22:56:23] WARN Node4 CPU usage high
[2025-09-27 22:56:35] INFO Node4 Storage service started
[2025-09-27 22:56:48] WARN Node3 High latency detected
[2025-09-27 22:56:52] WARN Node1 CPU usage high
[2025-09-27 22:57:00] ALARM Node2 Network timeout
[2025-09-27 22:57:15] ALARM Node2 Network latency critical
[2025-09-27 22:57:30] ALARM Node4 Network latency critical
[2025-09-27 22:57:31] WARN Node3 Disk I/O performance degraded
[2025-09-27 22:57:37] INFO Node1 Replication successful
[2025-09-27 22:57:47] INFO Node1 Storage service started
[2025-09-27 22:57:53] ALARM Node1 Critical data loss risk
[2025-09-27 22:58:06] WARN Node2 Disk I/O performance degraded
[2025-09-27 22:58:19] WARN Node1 Network jitter observed
[2025-09-27 22:58:29] WARN Node4 Disk I/O performance degraded
[2025-09-27 22:58:47] ALARM Node4 Critical data loss risk
[2025-09-27 22:58:48] ALARM Node4 Network latency critical
[2025-09-27 22:58:52] ALARM Node1 Disk failed
[2025-09-27 22:58:54] WARN Node4 CPU usage high
[2025-09-27 22:59:09] INFO Node2 Storage service started
[2025-09-27 22:59:19] WARN Node1 High latency detected
[2025-09-27 22:59:21] ALARM Node1 Critical data loss risk
[2025-09-27 22:59:30] ALARM Node2 Network latency critical
[2025-09-27 22:59:45] ALARM Node1 Network timeout
[2025-09-27 23:00:04] WARN Node1 Memory usage high
[2025-09-27 23:00:12] INFO Node2 Replication successful
[2025-09-27 23:00:23] WARN Node1 Network jitter observed
[2025-09-27 23:00:29] WARN Node4 Memory usage high
[2025-09-27 23:00:41] ALARM Node2 Network timeout
[2025-09-27 23:00:49] WARN Node2 Memory usage high
[2025-09-27 23:00:52] INFO Node2 Connection established
[2025-09-27 23:01:03] WARN Node1 CPU usage high
[2025-09-27 23:01:04] INFO Node2 Replication successful
[2025-09-27 23:01:19] INFO Node3 Connection established
[2025-09-27 23:01:29] ALARM Node1 Disk failed
[2025-09-27 23:01:47] WARN Node4 Memory usage high
[2025-09-27 23:01:59] INFO Node1 Heartbeat OK
[2025-09-27 23:02:18] INFO Node1 Replication successful
[2025-09-27 23:02:22] INFO Node3 Connection established
[2025-09-27 23:02:34] ALARM Node3 Disk failed
[2025-09-27 23:02:39] INFO Node3 Connection established
[2025-09-27 23:02:48] INFO Node3 Storage service started
[2025-09-27 23:03:07] WARN Node3 Disk I/O performance degraded
[2025-09-27 23:03:23] INFO Node1 Connection established
[2025-09-27 23:03:42] INFO Node2 Storage service started
[2025-09-27 23:03:54] ALARM Node4 Network latency critical
[2025-09-27 23:04:13] WARN Node3 Network jitter observed
[2025-09-27 23:04:15] WARN Node3 Disk I/O performance degraded
[2025-09-27 23:04:29] INFO Node4 Backup completed
[2025-09-27 23:04:43] INFO Node1 Replication successful
[2025-09-27 23:05:03] ALARM Node3 Network latency critical
[2025-09-27 23:05:10] WARN Node2 Disk I/O performance degraded
[2025-09-27 23:05:22] WARN Node4 CPU usage high
[2025-09-27 23:05:33] WARN Node1 CPU usage high
[2025-09-27 23:05:50] INFO Node4 Heartbeat OK
[2025-09-27 23:06:05] WARN Node1 Disk I/O performance degraded
[2025-09-27 23:06:16] INFO Node4 Connection established
[2025-09-27 23:06:32] ALARM Node4 Network timeout
[2025-09-27 23:06:45] ALARM Node1 Network latency critical
[2025-09-27 23:06:58] ALARM Node1 Network latency critical
[2025-09-27 23:07:09] WARN Node4 Network jitter observed
[2025-09-27 23:07:14] WARN Node4 High latency detected
[2025-09-27 23:07:22] ALARM Node1 Network timeout
[2025-09-27 23:07:32] ALARM Node3 Disk failed
[2025-09-27 23:07:42] WARN Node4 CPU usage high
[2025-09-27 23:08:01] WARN Node2 Network jitter observed
[2025-09-27 23:08:17] INFO Node1 Replication successful
[2025-09-27 23:08:19] ALARM Node4 Network timeout
[2025-09-27 23:08:37] INFO Node1 Storage service started
[2025-09-27 23:08:54] INFO Node3 Heartbeat OK
[2025-09-27 23:09:09] WARN Node3 Memory usage high
[2025-09-27 23:09:26] WARN Node1 CPU usage high
[2025-09-27 23:09:27] WARN Node3 Network jitter observed
[2025-09-27 23:09:43] INFO Node2 Connection established
[2025-09-27 23:09:45] WARN Node3 High latency detected
[2025-09-27 23:09:50] WARN Node3 High latency detected
[2025-09-27 23:10:10] INFO Node1 Heartbeat OK
[2025-09-27 23:10:12] WARN Node4 High latency detected
[2025-09-27 23:10:31] ALARM Node2 Critical data loss risk
[2025-09-27 23:10:33] ALARM Node2 Network timeout
[2025-09-27 23:10:48] INFO Node1 Backup completed
[2025-09-27 23:11:01] ALARM Node3 Disk failed
[2025-09-27 23:11:20] ALARM Node1 Disk failed
[2025-09-27 23:11:21] INFO Node1 Heartbeat OK
[2025-09-27 23:11:37] ALARM Node4 Network latency critical
[2025-09-27 23:11:52] INFO Node1 Heartbeat OK
[2025-09-27 23:11:57] ALARM Node1 Network latency critical
[2025-09-27 23:12:15] ALARM Node3 Critical data loss risk
[2025-09-27 23:12:17] ALARM Node4 Network latency critical
[2025-09-27 23:12:26] WARN Node3 Network jitter observed
[2025-09-27 23:12:32] INFO Node1 Replication successful
[2025-09-27 23:12:40] ALARM Node1 Network timeout
[2025-09-27 23:12:55] INFO Node1 Connection established
[2025-09-27 23:13:02] INFO Node3 Replication successful
[2025-09-27 23:13:06] WARN Node2 Memory usage high
[2025-09-27 23:13:25] ALARM Node4 Network latency critical
[2025-09-27 23:13:35] INFO Node2 Replication successful
[2025-09-27 23:13:49] ALARM Node3 Network timeout
[2025-09-27 23:14:00] INFO Node2 Storage service started
[2025-09-27 23:14:03] WARN Node1 Disk I/O performance degraded
[2025-09-27 23:14:22] INFO Node4 Heartbeat OK
[2025-09-27 23:14:29] ALARM Node3 Disk failed
[2025-09-27 23:14:46] WARN Node1 Network jitter observed
[2025-09-27 23:14:57] ALARM Node1 Node unreachable
[2025-09-27 23:15:12] WARN Node4 Memory usage high
[2025-09-27 23:15:28] INFO Node2 Storage service started
[2025-09-27 23:15:42] ALARM Node1 Network latency critical
[2025-09-27 23:15:55] INFO Node1 Backup completed
[2025-09-27 23:16:04] WARN Node1 Memory usage high
[2025-09-27 23:16:19] ALARM Node3 Disk failed
[2025-09-27 23:16:36] ALARM Node4 Network timeout
[2025-09-27 23:16:53] WARN Node3 Disk I/O performance degraded
[2025-09-27 23:17:05] WARN Node4 CPU usage high
[2025-09-27 23:17:17] ALARM Node1 Critical data loss risk
[2025-09-27 23:17:23] INFO Node4 Connection established
[2025-09-27 23:17:40] ALARM Node2 Network latency critical
[2025-09-27 23:17:44] ALARM Node2 Critical data loss risk
[2025-09-27 23:17:48] WARN Node4 Memory usage high
[2025-09-27 23:18:03] INFO Node1 Heartbeat OK
[2025-09-27 23:18:14] ALARM Node4 Network latency critical
[2025-09-27 23:18:17] WARN Node1 Network jitter observed
[2025-09-27 23:18:20] ALARM Node4 Network timeout
[2025-09-27 23:18:27] WARN Node3 Memory usage high
[2025-09-27 23:18:40] WARN Node4 Network jitter observed
[2025-09-27 23:18:51] INFO Node1 Connection established
[2025-09-27 23:18:56] INFO Node1 Replication successful
[2025-09-27 23:19:06] ALARM Node3 Critical data loss risk
[2025-09-27 23:19:24] WARN Node2 High latency detected
[2025-09-27 23:19:26] WARN Node1 Memory usage high
[2025-09-27 23:19:31] ALARM Node3 Critical data loss risk
[2025-09-27 23:19:42] ALARM Node4 Node unreachable
[2025-09-27 23:19:47] INFO Node2 Heartbeat OK
[2025-09-27 23:20:03] ALARM Node3 Network latency critical
[2025-09-27 23:20:09] WARN Node2 High latency detected
[2025-09-27 23:20:19] ALARM Node2 Node unreachable
[2025-09-27 23:20:30] INFO Node2 Backup completed
[2025-09-27 23:20:42] WARN Node1 Memory usage high
[2025-09-27 23:20:49] INFO Node4 Backup completed
[2025-09-27 23:21:01] ALARM Node4 Critical data loss risk
[2025-09-27 23:21:11] INFO Node3 Replication successful
[2025-09-27 23:21:26] WARN Node3 High latency detected
[2025-09-27 23:21:37] ALARM Node2 Disk failed
[2025-09-27 23:21:53] INFO Node4 Heartbeat OK
[2025-09-27 23:22:07] WARN Node4 High latency detected
[2025-09-27 23:22:11] WARN Node3 High latency detected
[2025-09-27 23:22:25] INFO Node3 Storage service started
[2025-09-27 23:22:38] INFO Node4 Heartbeat OK
[2025-09-27 23:22:56] INFO Node3 Storage service started
[2025-09-27 23:23:09] INFO Node3 Replication successful
[2025-09-27 23:23:20] ALARM Node3 Disk failed
[2025-09-27 23:23:29] INFO Node1 Heartbeat OK
[2025-09-27 23:23:43] INFO Node4 Storage service started
[2025-09-27 23:23:51] WARN Node4 Disk I/O performance degraded
[2025-09-27 23:23:55] ALARM Node2 Critical data loss risk
[2025-09-27 23:24:07] INFO Node3 Storage service started
[2025-09-27 23:24:23] ALARM Node1 Network latency critical
[2025-09-27 23:24:32] ALARM Node4 Network timeout
[2025-09-27 23:24:40] WARN Node4 CPU usage high
[2025-09-27 23:24:44] ALARM Node1 Network latency critical
[2025-09-27 23:24:53] WARN Node1 Memory usage high
[2025-09-27 23:24:57] INFO Node2 Heartbeat OK
[2025-09-27 23:25:09] INFO Node4 Replication successful
[2025-09-27 23:25:22] INFO Node1 Heartbeat OK
[2025-09-27 23:25:26] INFO Node4 Heartbeat OK
[2025-09-27 23:25:39] INFO Node2 Replication successful
[2025-09-27 23:25:43] INFO Node3 Heartbeat OK
[2025-09-27 23:25:58] WARN Node1 Memory usage high
[2025-09-27 23:25:59] ALARM Node1 Network latency critical
[2025-09-27 23:26:15] ALARM Node3 Disk failed
[2025-09-27 23:26:28] ALARM Node4 Disk failed
[2025-09-27 23:26:37] ALARM Node2 Disk failed
[2025-09-27 23:26:44] ALARM Node2 Node unreachable
[2025-09-27 23:26:45] INFO Node1 Heartbeat OK
[2025-09-27 23:26:59] ALARM Node3 Critical data loss risk
[2025-09-27 23:27:16] ALARM Node1 Network timeout
[2025-09-27 23:27:22] WARN Node2 Disk I/O performance degraded
[2025-09-27 23:27:34] ALARM Node4 Node unreachable
[2025-09-27 23:27:47] WARN Node4 Disk I/O performance degraded
[2025-09-27 23:28:01] INFO Node3 Backup completed
[2025-09-27 23:28:11] ALARM Node2 Node unreachable
[2025-09-27 23:28:20] INFO Node4 Backup completed
[2025-09-27 23:28:34] ALARM Node1 Node unreachable
[2025-09-27 23:28:39] WARN Node3 Network jitter observed
[2025-09-27 23:28:50] ALARM Node3 Disk failed
[2025-09-27 23:29:09] WARN Node4 CPU usage high
[2025-09-27 23:29:18] WARN Node2 Disk I/O performance degraded
[2025-09-27 23:29:28] ALARM Node3 Disk failed
[2025-09-27 23:29:38] INFO Node4 Storage service started
[2025-09-27 23:29:42] WARN Node3 Memory usage high
[2025-09-27 23:29:47] ALARM Node1 Node unreachable
[2025-09-27 23:29:58] WARN Node4 CPU usage high
[2025-09-27 23:30:12] ALARM Node3 Disk failed
[2025-09-27 23:30:20] ALARM Node1 Network timeout
[2025-09-27 23:30:32] ALARM Node4 Critical data loss risk
[2025-09-27 23:30:50] ALARM Node1 Disk failed
[2025-09-27 23:31:05] WARN Node3 High latency detected
[2025-09-27 23:31:07] ALARM Node2 Node unreachable
[2025-09-27 23:31:18] INFO Node4 Replication successful
[2025-09-27 23:31:20] ALARM Node3 Network latency critical
[2025-09-27 23:31:33] WARN Node2 Network jitter observed
[2025-09-27 23:31:48] INFO Node3 Replication successful
[2025-09-27 23:31:59] INFO Node2 Replication successful
[2025-09-27 23:32:18] WARN Node2 Memory usage high
[2025-09-27 23:32:31] INFO Node3 Replication successful
[2025-09-27 23:32:49] INFO Node4 Replication successful
[2025-09-27 23:33:08] ALARM Node2 Network latency critical
[2025-09-27 23:33:09] WARN Node3 High latency detected
[2025-09-27 23:33:14] INFO Node2 Replication successful
[2025-09-27 23:33:27] WARN Node2 Network jitter observed
[2025-09-27 23:33:28] ALARM Node2 Network timeout
[2025-09-27 23:33:42] ALARM Node4 Network latency critical
[2025-09-27 23:33:49] WARN Node2 High latency detected
[2025-09-27 23:34:04] INFO Node3 Backup completed
[2025-09-27 23:34:22] WARN Node1 CPU usage high
[2025-09-27 23:34:42] ALARM Node1 Network timeout
[2025-09-27 23:35:01] INFO Node4 Heartbeat OK
[2025-09-27 23:35:08] WARN Node1 Network jitter observed
[2025-09-27 23:35:28] ALARM Node1 Critical data loss risk
[2025-09-27 23:35:37] ALARM Node3 Node unreachable
[2025-09-27 23:35:39] INFO Node1 Replication successful
[2025-09-27 23:35:45] INFO Node4 Connection established
[2025-09-27 23:36:00] ALARM Node1 Network latency critical
[2025-09-27 23:36:02] ALARM Node1 Network timeout
[2025-09-27 23:36:13] ALARM Node1 Network latency critical
[2025-09-27 23:36:24] ALARM Node4 Network timeout
[2025-09-27 23:36:25] INFO Node3 Heartbeat OK
[2025-09-27 23:36:26] INFO Node3 Heartbeat OK
[2025-09-27 23:36:37] ALARM Node3 Critical data loss risk
[2025-09-27 23:36:46] INFO Node3 Backup completed
[2025-09-27 23:36:51] ALARM Node3 Critical data loss risk
[2025-09-27 23:37:06] ALARM Node2 Network timeout
[2025-09-27 23:37:25] ALARM Node1 Disk failed
[2025-09-27 23:37:43] INFO Node1 Replication successful
[2025-09-27 23:38:02] INFO Node3 Backup completed
[2025-09-27 23:38:04] INFO Node3 Replication successful
[2025-09-27 23:38:22] WARN Node4 Network jitter observed
[2025-09-27 23:38:41] ALARM Node4 Critical data loss risk
[2025-09-27 23:38:46] INFO Node2 Heartbeat OK
[2025-09-27 23:38:56] WARN Node1 CPU usage high
[2025-09-27 23:39:04] ALARM Node2 Network latency critical
[2025-09-27 23:39:15] WARN Node2 Memory usage high
[2025-09-27 23:39:31] WARN Node3 CPU usage high
[2025-09-27 23:39:36] INFO Node4 Heartbeat OK
[2025-09-27 23:39:55] INFO Node2 Connection established
[2025-09-27 23:40:07] ALARM Node4 Network timeout
[2025-09-27 23:40:26] INFO Node3 Storage service started
[2025-09-27 23:40:43] WARN Node1 CPU usage high
[2025-09-27 23:40:59] WARN Node2 Network jitter observed
[2025-09-27 23:41:14] INFO Node2 Backup completed
[2025-09-27 23:41:27] INFO Node3 Storage service started
[2025-09-27 23:41:39] INFO Node3 Backup completed
[2025-09-27 23:41:53] INFO Node3 Backup completed
[2025-09-27 23:42:09] INFO Node1 Connection established
[2025-09-27 23:42:23] INFO Node1 Replication successful
[2025-09-27 23:42:27] INFO Node4 Storage service started
[2025-09-27 23:42:30] WARN Node4 High latency detected
[2025-09-27 23:42:31] INFO Node2 Backup completed
[2025-09-27 23:42:40] ALARM Node4 Network timeout
[2025-09-27 23:42:49] ALARM Node4 Critical data loss risk
[2025-09-27 23:42:53] INFO Node4 Heartbeat OK
[2025-09-27 23:43:04] WARN Node4 Network jitter observed
[2025-09-27 23:43:10] INFO Node3 Storage service started
[2025-09-27 23:43:15] ALARM Node2 Network timeout
[2025-09-27 23:43:35] INFO Node1 Storage service started
[2025-09-27 23:43:48] INFO Node1 Storage service started
[2025-09-27 23:44:04] INFO Node3 Backup completed
[2025-09-27 23:44:22] WARN Node3 High latency detected
[2025-09-27 23:44:42] ALARM Node4 Network latency critical
[2025-09-27 23:44:46] WARN Node3 CPU usage high
[2025-09-27 23:45:02] INFO Node2 Connection established
[2025-09-27 23:45:05] ALARM Node3 Critical data loss risk
[2025-09-27 23:45:08] WARN Node1 Network jitter observed
[2025-09-27 23:45:24] ALARM Node4 Network latency critical
[2025-09-27 23:45:37] ALARM Node3 Network timeout
[2025-09-27 23:45:45] INFO Node3 Heartbeat OK
[2025-09-27 23:45:55] WARN Node1 Disk I/O performance degraded
[2025-09-27 23:46:00] ALARM Node2 Disk failed
[2025-09-27 23:46:15] WARN Node2 CPU usage high
[2025-09-27 23:46:32] INFO Node4 Storage service started
[2025-09-27 23:46:40] ALARM Node1 Critical data loss risk
[2025-09-27 23:46:51] INFO Node3 Heartbeat OK
[2025-09-27 23:47:09] ALARM Node3 Network timeout
[2025-09-27 23:47:15] WARN Node2 High latency detected
[2025-09-27 23:47:35] ALARM Node1 Network latency critical
[2025-09-27 23:47:54] INFO Node1 Backup completed
[2025-09-27 23:47:56] ALARM Node3 Network timeout
[2025-09-27 23:48:06] INFO Node1 Heartbeat OK
[2025-09-27 23:48:23] ALARM Node1 Disk failed
[2025-09-27 23:48:28] WARN Node3 High latency detected
[2025-09-27 23:48:36] WARN Node2 Memory usage high
[2025-09-27 23:48:49] ALARM Node1 Node unreachable
[2025-09-27 23:49:04] ALARM Node3 Disk failed
[2025-09-27 23:49:21] ALARM Node1 Network timeout
[2025-09-27 23:49:32] WARN Node3 Memory usage high
[2025-09-27 23:49:45] ALARM Node2 Network latency critical
[2025-09-27 23:50:05] ALARM Node4 Critical data loss risk
[2025-09-27 23:50:20] WARN Node2 High latency detected
[2025-09-27 23:50:33] ALARM Node1 Network latency critical
[2025-09-27 23:50:43] INFO Node3 Backup completed
[2025-09-27 23:51:00] WARN Node3 Memory usage high
[2025-09-27 23:51:18] WARN Node3 Memory usage high
[2025-09-27 23:51:29] INFO Node4 Backup completed
[2025-09-27 23:51:49] INFO Node2 Heartbeat OK
[2025-09-27 23:52:01] ALARM Node3 Node unreachable
[2025-09-27 23:52:06] INFO Node2 Backup completed
[2025-09-27 23:52:11] WARN Node3 Disk I/O performance degraded
[2025-09-27 23:52:13] WARN Node4 High latency detected
[2025-09-27 23:52:22] INFO Node2 Backup completed
[2025-09-27 23:52:39] ALARM Node2 Network timeout
[2025-09-27 23:52:47] WARN Node3 High latency detected
[2025-09-27 23:53:03] ALARM Node3 Network timeout
[2025-09-27 23:53:12] WARN Node2 High latency detected
[2025-09-27 23:53:29] ALARM Node1 Node unreachable
[2025-09-27 23:53:39] WARN Node4 Memory usage high
[2025-09-27 23:53:59] INFO Node2 Replication successful
[2025-09-27 23:54:06] WARN Node1 Disk I/O performance degraded
[2025-09-27 23:54:20] INFO Node4 Heartbeat OK
[2025-09-27 23:54:26] INFO Node4 Storage service started
[2025-09-27 23:54:41] INFO Node2 Heartbeat OK
[2025-09-27 23:54:45] WARN Node1 High latency detected
[2025-09-27 23:55:02] INFO Node2 Connection established
[2025-09-27 23:55:04] ALARM Node3 Network timeout
[2025-09-27 23:55:20] ALARM Node3 Critical data loss risk
[2025-09-27 23:55:40] ALARM Node1 Network latency critical
[2025-09-27 23:55:48] INFO Node2 Replication successful
[2025-09-27 23:56:07] INFO Node4 Heartbeat OK
[2025-09-27 23:56:10] INFO Node2 Heartbeat OK
[2025-09-27 23:56:26] INFO Node1 Connection established
[2025-09-27 23:56:32] WARN Node3 Memory usage high
[2025-09-27 23:56:38] INFO Node3 Backup completed
[2025-09-27 23:56:49] WARN Node1 Memory usage high
[2025-09-27 23:56:56] WARN Node4 Disk I/O performance degraded
[2025-09-27 23:57:08] ALARM Node2 Critical data loss risk
[2025-09-27 23:57:23] ALARM Node4 Disk failed
[2025-09-27 23:57:32] INFO Node1 Heartbeat OK
[2025-09-27 23:57:36] ALARM Node4 Disk failed
[2025-09-27 23:57:52] ALARM Node3 Disk failed
[2025-09-27 23:58:12] ALARM Node2 Node unreachable
[2025-09-27 23:58:13] INFO Node1 Connection established
[2025-09-27 23:58:31] ALARM Node4 Network timeout
[2025-09-27 23:58:36] ALARM Node1 Disk failed
[2025-09-27 23:58:37] INFO Node1 Connection established
[2025-09-27 23:58:49] ALARM Node3 Disk failed
[2025-09-27 23:58:50] INFO Node4 Connection established
[2025-09-27 23:59:09] ALARM Node1 Node unreachable
[2025-09-27 23:59:28] INFO Node4 Backup completed
[2025-09-27 23:59:37] INFO Node4 Storage service started
[2025-09-27 23:59:43] ALARM Node4 Network latency critical
[2025-09-28 00:00:00] INFO Node1 Backup completed
[2025-09-28 00:00:20] WARN Node4 Memory usage high
[2025-09-28 00:00:27] WARN Node2 Disk I/O performance degraded
[2025-09-28 00:00:28] WARN Node3 Disk I/O performance degraded
[2025-09-28 00:00:36] ALARM Node1 Network timeout
[2025-09-28 00:00:44] INFO Node3 Replication successful
[2025-09-28 00:01:01] INFO Node4 Heartbeat OK
[2025-09-28 00:01:15] WARN Node3 High latency detected
[2025-09-28 00:01:19] INFO Node3 Backup completed
[2025-09-28 00:01:31] ALARM Node4 Network latency critical
[2025-09-28 00:01:40] ALARM Node2 Disk failed
[2025-09-28 00:01:53] INFO Node2 Connection established
[2025-09-28 00:02:08] INFO Node3 Heartbeat OK
[2025-09-28 00:02:11] ALARM Node1 Node unreachable
[2025-09-28 00:02:20] ALARM Node1 Node unreachable
[2025-09-28 00:02:31] INFO Node2 Storage service started
[2025-09-28 00:02:48] ALARM Node1 Critical data loss risk
[2025-09-28 00:02:56] ALARM Node4 Network timeout
[2025-09-28 00:03:03] ALARM Node4 Critical data loss risk
[2025-09-28 00:03:04] ALARM Node2 Network latency critical
[2025-09-28 00:03:05] ALARM Node1 Node unreachable
[2025-09-28 00:03:17] WARN Node3 High latency detected
[2025-09-28 00:03:25] ALARM Node3 Critical data loss risk
[2025-09-28 00:03:30] ALARM Node2 Node unreachable
[2025-09-28 00:03:39] INFO Node1 Heartbeat OK
[2025-09-28 00:03:51] WARN Node4 Disk I/O performance degraded
[2025-09-28 00:04:04] ALARM Node4 Network timeout
[2025-09-28 00:04:23] ALARM Node2 Node unreachable
[2025-09-28 00:04:43] WARN Node3 Disk I/O performance degraded
[2025-09-28 00:04:55] WARN Node3 Network jitter observed
[2025-09-28 00:05:08] INFO Node2 Storage service started
[2025-09-28 00:05:10] INFO Node2 Connection established
[2025-09-28 00:05:14] INFO Node4 Storage service started
[2025-09-28 00:05:32] INFO Node2 Storage service started
[2025-09-28 00:05:52] INFO Node2 Connection established
[2025-09-28 00:06:05] INFO Node1 Connection established
[2025-09-28 00:06:15] INFO Node3 Replication successful
[2025-09-28 00:06:26] ALARM Node3 Network latency critical
[2025-09-28 00:06:41] WARN Node3 Network jitter observed
[2025-09-28 00:06:45] INFO Node1 Connection established
[2025-09-28 00:06:54] INFO Node2 Storage service started
[2025-09-28 00:07:11] ALARM Node1 Network latency critical
[2025-09-28 00:07:30] INFO Node4 Replication successful
[2025-09-28 00:07:40] WARN Node2 Memory usage high
[2025-09-28 00:07:46] WARN Node1 Memory usage high
[2025-09-28 00:07:58] INFO Node2 Replication successful
[2025-09-28 00:08:04] WARN Node4 High latency detected
[2025-09-28 00:08:21] INFO Node3 Connection established
[2025-09-28 00:08:30] ALARM Node4 Network timeout
[2025-09-28 00:08:44] INFO Node4 Replication successful
[2025-09-28 00:08:47] INFO Node2 Heartbeat OK
[2025-09-28 00:09:03] ALARM Node4 Critical data loss risk
[2025-09-28 00:09:05] ALARM Node3 Network timeout
[2025-09-28 00:09:21] WARN Node2 Network jitter observed
[2025-09-28 00:09:31] WARN Node1 Disk I/O performance degraded
[2025-09-28 00:09:47] WARN Node1 High latency detected
[2025-09-28 00:09:56] INFO Node4 Storage service started
[2025-09-28 00:10:11] WARN Node1 Network jitter observed
[2025-09-28 00:10:22] ALARM Node2 Node unreachable
[2025-09-28 00:10:41] INFO Node1 Replication successful
[2025-09-28 00:11:01] ALARM Node3 Critical data loss risk
[2025-09-28 00:11:15] INFO Node4 Heartbeat OK
[2025-09-28 00:11:33] INFO Node1 Backup completed
[2025-09-28 00:11:48] WARN Node1 Network jitter observed
[2025-09-28 00:11:53] INFO Node3 Backup completed
[2025-09-28 00:12:02] INFO Node4 Connection established
[2025-09-28 00:12:16] INFO Node3 Replication successful
[2025-09-28 00:12:25] INFO Node3 Replication successful
[2025-09-28 00:12:35] INFO Node1 Backup completed
[2025-09-28 00:12:55] WARN Node3 CPU usage high
[2025-09-28 00:13:00] INFO Node4 Backup completed
[2025-09-28 00:13:09] INFO Node1 Heartbeat OK
[2025-09-28 00:13:16] WARN Node3 Memory usage high
[2025-09-28 00:13:36] INFO Node1 Replication successful
[2025-09-28 00:13:46] INFO Node3 Backup completed
[2025-09-28 00:13:47] ALARM Node1 Node unreachable
[2025-09-28 00:13:57] ALARM Node4 Network latency critical
[2025-09-28 00:14:04] INFO Node1 Heartbeat OK
[2025-09-28 00:14:11] ALARM Node1 Network timeout
[2025-09-28 00:14:22] WARN Node4 Network jitter observed
[2025-09-28 00:14:35] INFO Node2 Heartbeat OK
[2025-09-28 00:14:38] WARN Node4 CPU usage high
[2025-09-28 00:14:42] INFO Node4 Replication successful
[2025-09-28 00:14:53] INFO Node2 Replication successful
[2025-09-28 00:15:07] ALARM Node1 Node unreachable
[2025-09-28 00:15:21] WARN Node1 High latency detected
[2025-09-28 00:15:31] ALARM Node4 Disk failed
[2025-09-28 00:15:48] ALARM Node4 Critical data loss risk
[2025-09-28 00:15:55] WARN Node2 Memory usage high
[2025-09-28 00:16:08] ALARM Node3 Node unreachable
[2025-09-28 00:16:10] WARN Node4 CPU usage high
[2025-09-28 00:16:12] WARN Node2 Disk I/O performance degraded
[2025-09-28 00:16:14] INFO Node1 Replication successful
[2025-09-28 00:16:27] INFO Node3 Connection established
[2025-09-28 00:16:41] ALARM Node2 Node unreachable
[2025-09-28 00:16:46] WARN Node4 Network jitter observed
[2025-09-28 00:16:49] ALARM Node1 Disk failed
[2025-09-28 00:17:00] INFO Node1 Connection established
[2025-09-28 00:17:17] ALARM Node4 Node unreachable
[2025-09-28 00:17:30] ALARM Node2 Network latency critical
[2025-09-28 00:17:33] ALARM Node3 Network latency critical
[2025-09-28 00:17:46] WARN Node2 Network jitter observed
[2025-09-28 00:18:03] ALARM Node4 Critical data loss risk
[2025-09-28 00:18:05] INFO Node4 Replication successful
[2025-09-28 00:18:10] ALARM Node4 Network latency critical
[2025-09-28 00:18:15] WARN Node1 Disk I/O performance degraded
[2025-09-28 00:18:27] WARN Node4 Network jitter observed
[2025-09-28 00:18:34] WARN Node2 CPU usage high
[2025-09-28 00:18:42] ALARM Node3 Node unreachable
[2025-09-28 00:18:46] ALARM Node4 Network latency critical
[2025-09-28 00:19:03] ALARM Node2 Disk failed
[2025-09-28 00:19:11] WARN Node2 Memory usage high
[2025-09-28 00:19:30] INFO Node3 Backup completed
[2025-09-28 00:19:38] WARN Node3 Network jitter observed
[2025-09-28 00:19:57] INFO Node1 Heartbeat OK
[2025-09-28 00:20:03] ALARM Node3 Disk failed
[2025-09-28 00:20:17] ALARM Node2 Network latency critical
[2025-09-28 00:20:21] INFO Node1 Replication successful
[2025-09-28 00:20:39] ALARM Node4 Disk failed
[2025-09-28 00:20:45] WARN Node4 Memory usage high
[2025-09-28 00:20:57] ALARM Node1 Node unreachable
[2025-09-28 00:21:09] ALARM Node1 Network latency critical
[2025-09-28 00:21:22] ALARM Node4 Node unreachable
[2025-09-28 00:21:31] INFO Node1 Backup completed
[2025-09-28 00:21:35] INFO Node3 Heartbeat OK
[2025-09-28 00:21:54] INFO Node2 Heartbeat OK
[2025-09-28 00:22:04] INFO Node1 Replication successful
[2025-09-28 00:22:05] INFO Node1 Connection established
[2025-09-28 00:22:08] ALARM Node1 Critical data loss risk
[2025-09-28 00:22:09] WARN Node1 CPU usage high
[2025-09-28 00:22:20] INFO Node3 Replication successful
[2025-09-28 00:22:26] WARN Node3 High latency detected
[2025-09-28 00:22:31] ALARM Node2 Disk failed
[2025-09-28 00:22:35] INFO Node3 Heartbeat OK
[2025-09-28 00:22:44] ALARM Node1 Network latency critical
[2025-09-28 00:22:59] INFO Node4 Backup completed
[2025-09-28 00:23:08] ALARM Node1 Disk failed
[2025-09-28 00:23:17] INFO Node4 Storage service started
[2025-09-28 00:23:27] INFO Node2 Replication successful
[2025-09-28 00:23:38] INFO Node1 Storage service started
[2025-09-28 00:23:48] WARN Node4 High latency detected
[2025-09-28 00:23:51] WARN Node4 Memory usage high
[2025-09-28 00:24:01] INFO Node4 Replication successful
[2025-09-28 00:24:07] WARN Node3 High latency detected
[2025-09-28 00:24:12] WARN Node3 CPU usage high
[2025-09-28 00:24:18] WARN Node1 High latency detected
[2025-09-28 00:24:20] ALARM Node4 Network timeout
[2025-09-28 00:24:26] INFO Node1 Backup completed
[2025-09-28 00:24:40] INFO Node1 Connection established
[2025-09-28 00:24:54] WARN Node1 High latency detected
[2025-09-28 00:25:05] ALARM Node4 Critical data loss risk
[2025-09-28 00:25:06] INFO Node4 Connection established
[2025-09-28 00:25:16] ALARM Node1 Node unreachable
[2025-09-28 00:25:33] WARN Node1 High latency detected
[2025-09-28 00:25:40] INFO Node3 Heartbeat OK
[2025-09-28 00:25:48] ALARM Node1 Node unreachable
[2025-09-28 00:26:07] INFO Node3 Storage service started
[2025-09-28 00:26:21] ALARM Node4 Disk failed
[2025-09-28 00:26:32] INFO Node1 Backup completed
[2025-09-28 00:26:48] INFO Node1 Heartbeat OK
[2025-09-28 00:26:53] ALARM Node4 Disk failed
[2025-09-28 00:26:57] INFO Node1 Storage service started
[2025-09-28 00:27:09] ALARM Node2 Network latency critical
[2025-09-28 00:27:29] ALARM Node2 Network latency critical
[2025-09-28 00:27:43] WARN Node4 Disk I/O performance degraded
[2025-09-28 00:28:01] ALARM Node2 Network latency critical
[2025-09-28 00:28:03] INFO Node4 Storage service started
[2025-09-28 00:28:19] ALARM Node1 Disk failed
[2025-09-28 00:28:26] ALARM Node1 Disk failed
[2025-09-28 00:28:29] WARN Node1 Disk I/O performance degraded
[2025-09-28 00:28:40] INFO Node3 Backup completed
[2025-09-28 00:28:51] WARN Node4 Network jitter observed
[2025-09-28 00:29:10] INFO Node4 Replication successful
[2025-09-28 00:29:14] INFO Node3 Backup completed
[2025-09-28 00:29:16] INFO Node2 Storage service started
[2025-09-28 00:29:25] WARN Node4 Disk I/O performance degraded
[2025-09-28 00:29:36] WARN Node2 Memory usage high
[2025-09-28 00:29:43] WARN Node2 High latency detected
[2025-09-28 00:29:52] WARN Node1 CPU usage high
[2025-09-28 00:29:59] ALARM Node4 Disk failed
[2025-09-28 00:30:15] WARN Node1 Network jitter observed
[2025-09-28 00:30:31] INFO Node3 Heartbeat OK
[2025-09-28 00:30:42] ALARM Node4 Critical data loss risk
[2025-09-28 00:30:56] ALARM Node3 Disk failed
[2025-09-28 00:31:15] WARN Node4 Disk I/O performance degraded
[2025-09-28 00:31:20] INFO Node3 Heartbeat OK
[2025-09-28 00:31:36] ALARM Node1 Network timeout
[2025-09-28 00:31:41] ALARM Node2 Network latency critical
[2025-09-28 00:31:59] ALARM Node4 Network timeout
[2025-09-28 00:32:12] ALARM Node1 Network latency critical
[2025-09-28 00:32:29] WARN Node3 High latency detected
[2025-09-28 00:32:44] WARN Node2 Memory usage high
[2025-09-28 00:33:01] WARN Node3 Memory usage high
[2025-09-28 00:33:14] INFO Node2 Heartbeat OK
[2025-09-28 00:33:25] INFO Node2 Backup completed
[2025-09-28 00:33:32] INFO Node2 Connection established
[2025-09-28 00:33:37] ALARM Node4 Disk failed
[2025-09-28 00:33:56] WARN Node2 Network jitter observed
[2025-09-28 00:34:13] WARN Node3 Disk I/O performance degraded
[2025-09-28 00:34:20] ALARM Node2 Node unreachable
[2025-09-28 00:34:22] ALARM Node1 Network timeout
[2025-09-28 00:34:24] INFO Node1 Backup completed
[2025-09-28 00:34:38] ALARM Node4 Disk failed
[2025-09-28 00:34:57] ALARM Node3 Critical data loss risk
[2025-09-28 00:35:05] ALARM Node2 Network latency critical
[2025-09-28 00:35:18] INFO Node3 Heartbeat OK
[2025-09-28 00:35:22] WARN Node4 Memory usage high
[2025-09-28 00:35:40] WARN Node1 CPU usage high
[2025-09-28 00:35:52] ALARM Node2 Critical data loss risk
[2025-09-28 00:36:06] INFO Node1 Connection established
[2025-09-28 00:36:08] WARN Node2 High latency detected
[2025-09-28 00:36:24] INFO Node2 Replication successful
[2025-09-28 00:36:34] INFO Node2 Storage service started
[2025-09-28 00:36:35] WARN Node4 CPU usage high
[2025-09-28 00:36:41] ALARM Node3 Network timeout
[2025-09-28 00:36:43] WARN Node2 CPU usage high
[2025-09-28 00:36:58] INFO Node1 Replication successful
[2025-09-28 00:37:02] WARN Node3 CPU usage high
[2025-09-28 00:37:03] ALARM Node4 Disk failed
[2025-09-28 00:37:21] INFO Node4 Replication successful
[2025-09-28 00:37:33] INFO Node2 Heartbeat OK
[2025-09-28 00:37:51] ALARM Node1 Node unreachable
[2025-09-28 00:37:54] WARN Node1 Network jitter observed
[2025-09-28 00:38:00] WARN Node4 Memory usage high
[2025-09-28 00:38:18] ALARM Node2 Critical data loss risk
[2025-09-28 00:38:29] WARN Node3 Disk I/O performance degraded
[2025-09-28 00:38:49] INFO Node1 Backup completed
[2025-09-28 00:39:05] ALARM Node3 Critical data loss risk
[2025-09-28 00:39:14] WARN Node1 Memory usage high
[2025-09-28 00:39:29] ALARM Node1 Node unreachable
[2025-09-28 00:39:37] ALARM Node3 Network timeout
[2025-09-28 00:39:54] WARN Node3 Memory usage high
[2025-09-28 00:39:56] ALARM Node2 Network timeout
[2025-09-28 00:40:13] INFO Node2 Heartbeat OK
[2025-09-28 00:40:17] WARN Node3 CPU usage high
[2025-09-28 00:40:37] INFO Node3 Replication successful
[2025-09-28 00:40:42] INFO Node1 Heartbeat OK
[2025-09-28 00:40:54] ALARM Node2 Network timeout
[2025-09-28 00:41:13] WARN Node4 Memory usage high
[2025-09-28 00:41:32] ALARM Node1 Disk failed
[2025-09-28 00:41:48] ALARM Node3 Network latency critical
[2025-09-28 00:41:49] INFO Node3 Connection established
[2025-09-28 00:41:55] INFO Node1 Storage service started
[2025-09-28 00:42:08] ALARM Node2 Critical data loss risk
[2025-09-28 00:42:17] WARN Node3 Memory usage high
[2025-09-28 00:42:28] WARN Node2 CPU usage high
[2025-09-28 00:42:46] ALARM Node1 Network timeout
[2025-09-28 00:42:55] WARN Node4 Memory usage high
[2025-09-28 00:43:05] INFO Node1 Storage service started
[2025-09-28 00:43:19] ALARM Node1 Network latency critical
[2025-09-28 00:43:30] INFO Node4 Backup completed
[2025-09-28 00:43:45] INFO Node2 Heartbeat OK
[2025-09-28 00:43:54] ALARM Node4 Node unreachable
[2025-09-28 00:44:09] WARN Node2 High latency detected
[2025-09-28 00:44:15] ALARM Node3 Critical data loss risk
[2025-09-28 00:44:31] ALARM Node2 Critical data loss risk
[2025-09-28 00:44:40] INFO Node4 Storage service started
[2025-09-28 00:44:51] INFO Node1 Connection established
[2025-09-28 00:45:00] WARN Node1 Memory usage high
[2025-09-28 00:45:19] ALARM Node4 Network latency critical
[2025-09-28 00:45:20] WARN Node3 Disk I/O performance degraded
[2025-09-28 00:45:40] INFO Node4 Heartbeat OK
[2025-09-28 00:45:42] WARN Node4 CPU usage high
[2025-09-28 00:45:57] WARN Node2 CPU usage high
[2025-09-28 00:45:59] INFO Node4 Backup completed
[2025-09-28 00:46:17] WARN Node1 CPU usage high
[2025-09-28 00:46:34] INFO Node3 Storage service started
[2025-09-28 00:46:52] WARN Node2 High latency detected
[2025-09-28 00:47:06] ALARM Node4 Network timeout
[2025-09-28 00:47:24] ALARM Node4 Network timeout
[2025-09-28 00:47:31] WARN Node4 Network jitter observed
[2025-09-28 00:47:32] WARN Node2 Memory usage high
[2025-09-28 00:47:49] ALARM Node1 Network latency critical
[2025-09-28 00:48:09] WARN Node2 Memory usage high
[2025-09-28 00:48:24] WARN Node4 Network jitter observed
[2025-09-28 00:48:36] ALARM Node1 Network timeout
[2025-09-28 00:48:47] WARN Node2 High latency detected
[2025-09-28 00:48:56] INFO Node4 Storage service started
[2025-09-28 00:49:08] ALARM Node2 Network latency critical
[2025-09-28 00:49:09] INFO Node1 Backup completed
[2025-09-28 00:49:14] WARN Node3 Network jitter observed
[2025-09-28 00:49:21] ALARM Node3 Network timeout
[2025-09-28 00:49:31] INFO Node2 Storage service started
[2025-09-28 00:49:41] WARN Node1 Memory usage high
[2025-09-28 00:49:51] ALARM Node3 Critical data loss risk
[2025-09-28 00:50:06] ALARM Node1 Network timeout
[2025-09-28 00:50:20] ALARM Node1 Network latency critical
[2025-09-28 00:50:36] ALARM Node1 Network timeout
[2025-09-28 00:50:56] WARN Node1 Disk I/O performance degraded
[2025-09-28 00:51:04] INFO Node1 Backup completed
[2025-09-28 00:51:09] ALARM Node3 Network latency critical
[2025-09-28 00:51:13] ALARM Node4 Node unreachable
[2025-09-28 00:51:32] WARN Node1 Network jitter observed
[2025-09-28 00:51:34] INFO Node2 Replication successful
[2025-09-28 00:51:42] WARN Node3 Memory usage high
[2025-09-28 00:51:43] WARN Node3 High latency detected
[2025-09-28 00:52:00] INFO Node1 Heartbeat OK
[2025-09-28 00:52:03] WARN Node1 Disk I/O performance degraded
[2025-09-28 00:52:20] ALARM Node1 Network timeout
[2025-09-28 00:52:34] INFO Node2 Backup completed
[2025-09-28 00:52:39] INFO Node4 Backup completed
[2025-09-28 00:52:47] ALARM Node1 Network timeout
[2025-09-28 00:52:53] ALARM Node4 Node unreachable
[2025-09-28 00:53:06] INFO Node3 Backup completed
[2025-09-28 00:53:16] WARN Node4 High latency detected
[2025-09-28 00:53:29] WARN Node1 CPU usage high
[2025-09-28 00:53:32] ALARM Node3 Network timeout
[2025-09-28 00:53:42] INFO Node1 Storage service started
[2025-09-28 00:53:49] ALARM Node1 Node unreachable
[2025-09-28 00:53:59] INFO Node4 Storage service started
[2025-09-28 00:54:14] ALARM Node3 Critical data loss risk
[2025-09-28 00:54:17] INFO Node2 Heartbeat OK
[2025-09-28 00:54:21] ALARM Node4 Node unreachable
[2025-09-28 00:54:41] WARN Node1 CPU usage high
[2025-09-28 00:55:01] WARN Node2 Memory usage high
[2025-09-28 00:55:17] INFO Node4 Backup completed
[2025-09-28 00:55:28] ALARM Node3 Network timeout
[2025-09-28 00:55:47] WARN Node1 Network jitter observed
[2025-09-28 00:55:48] WARN Node3 Memory usage high
[2025-09-28 00:55:59] ALARM Node3 Node unreachable
[2025-09-28 00:56:00] WARN Node4 CPU usage high
[2025-09-28 00:56:05] INFO Node2 Connection established
[2025-09-28 00:56:06] ALARM Node4 Critical data loss risk
[2025-09-28 00:56:18] INFO Node3 Heartbeat OK
[2025-09-28 00:56:21] WARN Node3 High latency detected
[2025-09-28 00:56:33] INFO Node4 Connection established
[2025-09-28 00:56:49] WARN Node3 Network jitter observed
[2025-09-28 00:57:08] WARN Node2 Network jitter observed
[2025-09-28 00:57:09] INFO Node1 Connection established
[2025-09-28 00:57:18] WARN Node1 Network jitter observed
[2025-09-28 00:57:34] INFO Node1 Heartbeat OK
[2025-09-28 00:57:46] ALARM Node2 Network timeout
[2025-09-28 00:58:06] INFO Node3 Storage service started
[2025-09-28 00:58:21] ALARM Node1 Critical data loss risk
[2025-09-28 00:58:36] ALARM Node1 Critical data loss risk
[2025-09-28 00:58:46] INFO Node1 Replication successful
[2025-09-28 00:59:02] WARN Node4 Disk I/O performance degraded
[2025-09-28 00:59:12] WARN Node4 Disk I/O performance degraded
[2025-09-28 00:59:21] ALARM Node4 Node unreachable
[2025-09-28 00:59:34] INFO Node1 Connection established
[2025-09-28 00:59:44] ALARM Node1 Node unreachable
[2025-09-28 00:59:49] WARN Node2 High latency detected
[2025-09-28 00:59:55] ALARM Node1 Disk failed
[2025-09-28 00:59:59] ALARM Node1 Critical data loss risk
[2025-09-28 01:00:08] INFO Node4 Connection established
[2025-09-28 01:00:12] INFO Node3 Backup completed
[2025-09-28 01:00:27] INFO Node3 Connection established
[2025-09-28 01:00:39] INFO Node1 Backup completed
[2025-09-28 01:00:52] INFO Node3 Replication successful
[2025-09-28 01:00:54] INFO Node2 Connection established
[2025-09-28 01:01:10] ALARM Node4 Disk failed
[2025-09-28 01:01:23] ALARM Node2 Node unreachable
[2025-09-28 01:01:36] WARN Node1 Memory usage high
[2025-09-28 01:01:39] ALARM Node1 Node unreachable
[2025-09-28 01:01:46] INFO Node2 Heartbeat OK
[2025-09-28 01:01:57] WARN Node3 High latency detected
[2025-09-28 01:02:00] ALARM Node1 Network timeout
[2025-09-28 01:02:17] INFO Node1 Storage service started
[2025-09-28 01:02:19] WARN Node3 Memory usage high
[2025-09-28 01:02:35] WARN Node3 Memory usage high
[2025-09-28 01:02:38] ALARM Node2 Node unreachable
[2025-09-28 01:02:46] INFO Node1 Heartbeat OK
[2025-09-28 01:03:00] ALARM Node2 Disk failed
[2025-09-28 01:03:04] WARN Node2 Network jitter observed
[2025-09-28 01:03:08] WARN Node1 Network jitter observed
[2025-09-28 01:03:14] ALARM Node2 Disk failed
[2025-09-28 01:03:25] INFO Node4 Backup completed
[2025-09-28 01:03:32] ALARM Node3 Network latency critical
[2025-09-28 01:03:35] INFO Node2 Heartbeat OK
[2025-09-28 01:03:54] INFO Node1 Storage service started
[2025-09-28 01:03:59] INFO Node2 Connection established
[2025-09-28 01:04:13] WARN Node4 Memory usage high
[2025-09-28 01:04:24] INFO Node4 Heartbeat OK
[2025-09-28 01:04:36] WARN Node2 Memory usage high
[2025-09-28 01:04:44] INFO Node2 Backup completed
[2025-09-28 01:04:49] WARN Node4 Memory usage high
[2025-09-28 01:04:58] INFO Node2 Replication successful
[2025-09-28 01:05:12] INFO Node3 Replication successful
[2025-09-28 01:05:16] ALARM Node3 Network latency critical
[2025-09-28 01:05:22] WARN Node4 High latency detected
[2025-09-28 01:05:29] WARN Node3 Disk I/O performance degraded
[2025-09-28 01:05:47] WARN Node4 Network jitter observed
[2025-09-28 01:06:07] INFO Node3 Storage service started
[2025-09-28 01:06:23] WARN Node3 CPU usage high
[2025-09-28 01:06:35] ALARM Node2 Network latency critical
[2025-09-28 01:06:53] INFO Node3 Backup completed
[2025-09-28 01:07:07] INFO Node4 Connection established
[2025-09-28 01:07:10] ALARM Node2 Node unreachable
[2025-09-28 01:07:14] WARN Node4 Network jitter observed
[2025-09-28 01:07:23] WARN Node1 Network jitter observed
[2025-09-28 01:07:39] ALARM Node1 Network latency critical
[2025-09-28 01:07:55] ALARM Node3 Critical data loss risk
[2025-09-28 01:07:59] ALARM Node1 Critical data loss risk
[2025-09-28 01:08:11] WARN Node2 Memory usage high
[2025-09-28 01:08:29] INFO Node2 Heartbeat OK
[2025-09-28 01:08:36] ALARM Node3 Network latency critical
[2025-09-28 01:08:39] INFO Node4 Replication successful
[2025-09-28 01:08:44] WARN Node2 Network jitter observed
[2025-09-28 01:08:49] ALARM Node4 Node unreachable
[2025-09-28 01:08:57] WARN Node4 Network jitter observed
[2025-09-28 01:09:11] WARN Node3 Network jitter observed
[2025-09-28 01:09:21] WARN Node1 CPU usage high
[2025-09-28 01:09:34] ALARM Node2 Network latency critical
[2025-09-28 01:09:49] INFO Node3 Storage service started
[2025-09-28 01:09:51] WARN Node3 CPU usage high
[2025-09-28 01:10:01] INFO Node3 Backup completed
[2025-09-28 01:10:12] INFO Node1 Heartbeat OK
[2025-09-28 01:10:29] WARN Node4 Memory usage high
[2025-09-28 01:10:40] ALARM Node1 Network timeout
[2025-09-28 01:10:41] ALARM Node2 Node unreachable
[2025-09-28 01:10:47] INFO Node3 Replication successful
[2025-09-28 01:10:50] ALARM Node1 Critical data loss risk
[2025-09-28 01:10:56] ALARM Node4 Node unreachable
[2025-09-28 01:11:06] WARN Node3 Memory usage high
[2025-09-28 01:11:22] ALARM Node3 Node unreachable
[2025-09-28 01:11:42] WARN Node1 CPU usage high
[2025-09-28 01:11:58] ALARM Node4 Network timeout
[2025-09-28 01:12:03] INFO Node2 Backup completed
[2025-09-28 01:12:22] ALARM Node4 Critical data loss risk
[2025-09-28 01:12:40] INFO Node4 Heartbeat OK
[2025-09-28 01:12:44] ALARM Node2 Network timeout
[2025-09-28 01:13:04] INFO Node2 Connection established
[2025-09-28 01:13:09] INFO Node2 Connection established
[2025-09-28 01:13:27] WARN Node4 CPU usage high
[2025-09-28 01:13:40] INFO Node4 Storage service started
[2025-09-28 01:13:49] ALARM Node1 Network latency critical
[2025-09-28 01:13:53] WARN Node2 High latency detected
[2025-09-28 01:13:58] INFO Node3 Heartbeat OK
[2025-09-28 01:13:59] ALARM Node1 Network timeout
[2025-09-28 01:14:17] INFO Node1 Heartbeat OK
[2025-09-28 01:14:19] INFO Node4 Replication successful
[2025-09-28 01:14:37] INFO Node1 Backup completed
[2025-09-28 01:14:55] INFO Node2 Heartbeat OK
[2025-09-28 01:15:07] ALARM Node2 Node unreachable
[2025-09-28 01:15:08] INFO Node2 Connection established
[2025-09-28 01:15:25] INFO Node4 Storage service started
[2025-09-28 01:15:40] INFO Node3 Connection established
[2025-09-28 01:15:56] WARN Node4 High latency detected
[2025-09-28 01:16:14] INFO Node3 Backup completed
[2025-09-28 01:16:23] INFO Node4 Replication successful
[2025-09-28 01:16:42] INFO Node4 Connection established
[2025-09-28 01:17:01] WARN Node2 Memory usage high
[2025-09-28 01:17:07] ALARM Node1 Critical data loss risk
[2025-09-28 01:17:09] WARN Node3 Network jitter observed
[2025-09-28 01:17:28] ALARM Node3 Disk failed
[2025-09-28 01:17:44] INFO Node4 Replication successful
[2025-09-28 01:17:53] ALARM Node2 Network latency critical
[2025-09-28 01:18:03] ALARM Node1 Disk failed
[2025-09-28 01:18:22] ALARM Node1 Network timeout
[2025-09-28 01:18:34] ALARM Node4 Network timeout
[2025-09-28 01:18:50] INFO Node1 Connection established
[2025-09-28 01:19:00] ALARM Node2 Network timeout
[2025-09-28 01:19:09] WARN Node1 Network jitter observed
[2025-09-28 01:19:29] INFO Node1 Storage service started
[2025-09-28 01:19:47] ALARM Node3 Disk failed
[2025-09-28 01:20:01] ALARM Node4 Network latency critical
[2025-09-28 01:20:04] INFO Node4 Backup completed
[2025-09-28 01:20:11] WARN Node4 Disk I/O performance degraded
[2025-09-28 01:20:19] ALARM Node1 Network latency critical
[2025-09-28 01:20:37] INFO Node2 Replication successful
[2025-09-28 01:20:52] WARN Node4 Network jitter observed
[2025-09-28 01:21:06] ALARM Node4 Network latency critical
[2025-09-28 01:21:16] ALARM Node4 Node unreachable
[2025-09-28 01:21:31] WARN Node2 Network jitter observed
[2025-09-28 01:21:44] INFO Node2 Storage service started
[2025-09-28 01:21:47] ALARM Node2 Network latency critical
[2025-09-28 01:21:51] INFO Node3 Backup completed
[2025-09-28 01:22:10] WARN Node4 High latency detected
[2025-09-28 01:22:11] INFO Node4 Heartbeat OK
[2025-09-28 01:22:24] INFO Node2 Connection established
[2025-09-28 01:22:34] ALARM Node2 Disk failed
[2025-09-28 01:22:43] INFO Node4 Replication successful
[2025-09-28 01:22:54] INFO Node1 Storage service started
[2025-09-28 01:23:09] ALARM Node2 Critical data loss risk
[2025-09-28 01:23:19] ALARM Node2 Node unreachable
[2025-09-28 01:23:34] ALARM Node3 Network timeout
[2025-09-28 01:23:44] INFO Node2 Connection established
[2025-09-28 01:23:58] ALARM Node2 Critical data loss risk
[2025-09-28 01:24:00] WARN Node4 Network jitter observed
[2025-09-28 01:24:08] INFO Node2 Connection established
[2025-09-28 01:24:11] WARN Node4 Memory usage high
[2025-09-28 01:24:17] WARN Node3 Memory usage high
[2025-09-28 01:24:20] WARN Node3 High latency detected
[2025-09-28 01:24:40] INFO Node1 Backup completed
[2025-09-28 01:24:59] ALARM Node1 Disk failed
[2025-09-28 01:25:17] WARN Node2 Network jitter observed
[2025-09-28 01:25:24] ALARM Node4 Network timeout
[2025-09-28 01:25:30] ALARM Node1 Network timeout
[2025-09-28 01:25:49] ALARM Node4 Network timeout
[2025-09-28 01:25:53] WARN Node1 CPU usage high
[2025-09-28 01:25:57] WARN Node3 Memory usage high
[2025-09-28 01:26:11] INFO Node4 Connection established
[2025-09-28 01:26:18] ALARM Node2 Node unreachable
[2025-09-28 01:26:19] ALARM Node1 Critical data loss risk
[2025-09-28 01:26:20] INFO Node4 Heartbeat OK
[2025-09-28 01:26:40] ALARM Node2 Network timeout
[2025-09-28 01:26:50] ALARM Node4 Network timeout
[2025-09-28 01:27:01] INFO Node2 Storage service started
[2025-09-28 01:27:16] ALARM Node3 Node unreachable
[2025-09-28 01:27:31] WARN Node3 High latency detected
[2025-09-28 01:27:48] INFO Node4 Heartbeat OK
[2025-09-28 01:28:00] WARN Node1 Disk I/O performance degraded
[2025-09-28 01:28:08] WARN Node1 High latency detected
[2025-09-28 01:28:24] WARN Node2 Network jitter observed
[2025-09-28 01:28:36] ALARM Node4 Disk failed
[2025-09-28 01:28:41] INFO Node1 Connection established
[2025-09-28 01:29:00] ALARM Node2 Network latency critical
[2025-09-28 01:29:02] ALARM Node4 Network timeout
[2025-09-28 01:29:04] WARN Node4 CPU usage high
[2025-09-28 01:29:17] INFO Node3 Connection established
[2025-09-28 01:29:27] ALARM Node4 Network timeout
[2025-09-28 01:29:31] INFO Node1 Backup completed
[2025-09-28 01:29:51] ALARM Node2 Network timeout
[2025-09-28 01:30:09] ALARM Node1 Network latency critical
[2025-09-28 01:30:13] WARN Node3 Network jitter observed
[2025-09-28 01:30:25] ALARM Node1 Disk failed
[2025-09-28 01:30:34] WARN Node1 Disk I/O performance degraded
[2025-09-28 01:30:36] WARN Node1 High latency detected
[2025-09-28 01:30:37] WARN Node1 Memory usage high
[2025-09-28 01:30:41] WARN Node3 Memory usage high
[2025-09-28 01:30:52] INFO Node4 Connection established
[2025-09-28 01:31:02] ALARM Node1 Disk failed
[2025-09-28 01:31:07] WARN Node2 Network jitter observed
[2025-09-28 01:31:14] ALARM Node3 Network latency critical
[2025-09-28 01:31:17] WARN Node2 Disk I/O performance degraded
[2025-09-28 01:31:36] WARN Node4 High latency detected
[2025-09-28 01:31:47] WARN Node1 High latency detected
[2025-09-28 01:31:51] WARN Node4 Disk I/O performance degraded
[2025-09-28 01:32:02] INFO Node2 Connection established
[2025-09-28 01:32:14] WARN Node1 CPU usage high
[2025-09-28 01:32:32] INFO Node2 Connection established
[2025-09-28 01:32:37] WARN Node2 Memory usage high
[2025-09-28 01:32:53] INFO Node2 Replication successful
[2025-09-28 01:33:08] WARN Node1 Network jitter observed
[2025-09-28 01:33:14] ALARM Node3 Node unreachable
[2025-09-28 01:33:25] INFO Node1 Storage service started
[2025-09-28 01:33:34] ALARM Node2 Critical data loss risk
[2025-09-28 01:33:53] ALARM Node2 Node unreachable
[2025-09-28 01:34:07] ALARM Node3 Critical data loss risk
[2025-09-28 01:34:10] ALARM Node1 Node unreachable
[2025-09-28 01:34:15] INFO Node4 Backup completed
[2025-09-28 01:34:25] INFO Node4 Replication successful
[2025-09-28 01:34:31] ALARM Node4 Critical data loss risk
[2025-09-28 01:34:50] INFO Node4 Heartbeat OK
[2025-09-28 01:35:05] INFO Node2 Backup completed
[2025-09-28 01:35:25] ALARM Node1 Node unreachable
[2025-09-28 01:35:45] WARN Node2 Memory usage high
[2025-09-28 01:35:53] WARN Node4 CPU usage high
[2025-09-28 01:36:04] INFO Node4 Connection established
[2025-09-28 01:36:17] WARN Node1 High latency detected
[2025-09-28 01:36:36] INFO Node4 Storage service started
[2025-09-28 01:36:53] INFO Node3 Backup completed
[2025-09-28 01:36:58] WARN Node3 Network jitter observed
[2025-09-28 01:37:08] WARN Node2 Network jitter observed
[2025-09-28 01:37:18] ALARM Node2 Node unreachable
[2025-09-28 01:37:36] ALARM Node1 Disk failed
[2025-09-28 01:37:45] WARN Node3 CPU usage high
[2025-09-28 01:37:48] ALARM Node3 Network timeout
[2025-09-28 01:38:05] ALARM Node3 Disk failed
[2025-09-28 01:38:06] INFO Node3 Storage service started
[2025-09-28 01:38:23] ALARM Node1 Disk failed
[2025-09-28 01:38:42] INFO Node4 Connection established
[2025-09-28 01:38:56] WARN Node1 CPU usage high
[2025-09-28 01:39:03] WARN Node3 High latency detected
[2025-09-28 01:39:20] ALARM Node3 Network latency critical
[2025-09-28 01:39:29] INFO Node1 Replication successful
[2025-09-28 01:39:48] INFO Node3 Storage service started
[2025-09-28 01:40:07] INFO Node3 Backup completed
[2025-09-28 01:40:13] WARN Node4 CPU usage high
[2025-09-28 01:40:22] WARN Node1 High latency detected
[2025-09-28 01:40:39] WARN Node3 CPU usage high
[2025-09-28 01:40:48] INFO Node1 Backup completed
[2025-09-28 01:41:03] WARN Node4 Disk I/O performance degraded
[2025-09-28 01:41:18] ALARM Node1 Network latency critical
[2025-09-28 01:41:37] INFO Node1 Replication successful
[2025-09-28 01:41:52] INFO Node1 Heartbeat OK
[2025-09-28 01:42:08] WARN Node1 Network jitter observed
[2025-09-28 01:42:09] WARN Node3 CPU usage high
[2025-09-28 01:42:25] ALARM Node3 Node unreachable
[2025-09-28 01:42:26] INFO Node1 Storage service started
[2025-09-28 01:42:27] WARN Node2 Disk I/O performance degraded
[2025-09-28 01:42:34] WARN Node2 CPU usage high
[2025-09-28 01:42:41] INFO Node3 Backup completed
[2025-09-28 01:42:48] INFO Node3 Heartbeat OK
[2025-09-28 01:43:01] ALARM Node4 Critical data loss risk
[2025-09-28 01:43:13] WARN Node2 Memory usage high
[2025-09-28 01:43:16] WARN Node3 Network jitter observed
[2025-09-28 01:43:28] WARN Node4 Network jitter observed
[2025-09-28 01:43:47] WARN Node1 Memory usage high
[2025-09-28 01:44:02] INFO Node3 Backup completed
[2025-09-28 01:44:12] WARN Node3 CPU usage high
[2025-09-28 01:44:21] INFO Node3 Replication successful
[2025-09-28 01:44:31] WARN Node4 Memory usage high
[2025-09-28 01:44:34] ALARM Node3 Network timeout
[2025-09-28 01:44:42] WARN Node3 High latency detected
[2025-09-28 01:44:58] INFO Node2 Backup completed
[2025-09-28 01:45:03] ALARM Node2 Network timeout
[2025-09-28 01:45:12] ALARM Node4 Node unreachable
[2025-09-28 01:45:26] INFO Node2 Backup completed
[2025-09-28 01:45:37] INFO Node4 Storage service started
[2025-09-28 01:45:57] WARN Node4 CPU usage high
[2025-09-28 01:46:10] ALARM Node2 Disk failed
[2025-09-28 01:46:26] ALARM Node4 Network latency critical
[2025-09-28 01:46:35] WARN Node1 Disk I/O performance degraded
[2025-09-28 01:46:52] WARN Node3 CPU usage high
[2025-09-28 01:47:04] ALARM Node2 Network latency critical
[2025-09-28 01:47:06] INFO Node4 Backup completed
[2025-09-28 01:47:07] WARN Node1 Network jitter observed
[2025-09-28 01:47:25] ALARM Node1 Critical data loss risk
[2025-09-28 01:47:41] INFO Node3 Connection established
[2025-09-28 01:47:49] WARN Node3 High latency detected
[2025-09-28 01:47:55] ALARM Node3 Network timeout
[2025-09-28 01:48:15] INFO Node2 Storage service started
[2025-09-28 01:48:34] ALARM Node4 Node unreachable
[2025-09-28 01:48:36] WARN Node3 Memory usage high
[2025-09-28 01:48:55] ALARM Node3 Node unreachable
[2025-09-28 01:48:56] WARN Node1 CPU usage high
[2025-09-28 01:49:00] INFO Node3 Backup completed
[2025-09-28 01:49:12] WARN Node3 CPU usage high
[2025-09-28 01:49:22] INFO Node3 Replication successful
[2025-09-28 01:49:40] WARN Node3 CPU usage high
[2025-09-28 01:49:58] INFO Node1 Backup completed
[2025-09-28 01:50:16] WARN Node1 CPU usage high
[2025-09-28 01:50:33] WARN Node4 Disk I/O performance degraded
[2025-09-28 01:50:47] INFO Node4 Backup completed
[2025-09-28 01:50:52] WARN Node4 Memory usage high
[2025-09-28 01:50:53] ALARM Node1 Critical data loss risk
[2025-09-28 01:51:11] INFO Node2 Backup completed
[2025-09-28 01:51:21] ALARM Node2 Network latency critical
[2025-09-28 01:51:39] WARN Node4 Network jitter observed
[2025-09-28 01:51:44] ALARM Node3 Disk failed
[2025-09-28 01:51:53] WARN Node1 Disk I/O performance degraded
[2025-09-28 01:52:01] WARN Node4 Memory usage high
[2025-09-28 01:52:19] WARN Node3 CPU usage high
[2025-09-28 01:52:35] INFO Node2 Connection established
[2025-09-28 01:52:45] INFO Node2 Backup completed
[2025-09-28 01:52:57] INFO Node3 Backup completed
[2025-09-28 01:53:11] WARN Node4 Network jitter observed
[2025-09-28 01:53:18] INFO Node2 Replication successful
[2025-09-28 01:53:22] INFO Node2 Connection established
[2025-09-28 01:53:28] ALARM Node4 Critical data loss risk
[2025-09-28 01:53:31] INFO Node2 Replication successful
[2025-09-28 01:53:32] ALARM Node3 Critical data loss risk
[2025-09-28 01:53:39] WARN Node4 CPU usage high
[2025-09-28 01:53:52] WARN Node1 High latency detected
[2025-09-28 01:54:01] ALARM Node1 Network latency critical
[2025-09-28 01:54:02] INFO Node4 Replication successful
[2025-09-28 01:54:21] INFO Node2 Storage service started
[2025-09-28 01:54:25] WARN Node4 High latency detected
[2025-09-28 01:54:38] INFO Node4 Heartbeat OK
[2025-09-28 01:54:53] WARN Node3 High latency detected
[2025-09-28 01:54:59] INFO Node2 Storage service started
[2025-09-28 01:55:13] ALARM Node3 Node unreachable
[2025-09-28 01:55:29] INFO Node3 Replication successful
[2025-09-28 01:55:32] WARN Node2 CPU usage high
[2025-09-28 01:55:34] INFO Node3 Storage service started
[2025-09-28 01:55:45] ALARM Node4 Node unreachable
[2025-09-28 01:55:56] WARN Node2 Network jitter observed
[2025-09-28 01:56:12] ALARM Node2 Critical data loss risk
[2025-09-28 01:56:13] INFO Node2 Backup completed
[2025-09-28 01:56:15] ALARM Node4 Disk failed
[2025-09-28 01:56:17] WARN Node4 Disk I/O performance degraded
[2025-09-28 01:56:21] INFO Node4 Heartbeat OK
[2025-09-28 01:56:39] ALARM Node2 Node unreachable
[2025-09-28 01:56:49] INFO Node1 Replication successful
[2025-09-28 01:56:57] WARN Node2 Network jitter observed
[2025-09-28 01:57:16] WARN Node3 Disk I/O performance degraded
[2025-09-28 01:57:35] ALARM Node4 Critical data loss risk
[2025-09-28 01:57:54] INFO Node3 Backup completed
[2025-09-28 01:58:10] INFO Node4 Storage service started
[2025-09-28 01:58:28] WARN Node1 Memory usage high
[2025-09-28 01:58:39] INFO Node2 Connection established
[2025-09-28 01:58:51] ALARM Node1 Network timeout
[2025-09-28 01:58:56] WARN Node2 Network jitter observed
[2025-09-28 01:58:58] ALARM Node1 Network timeout
[2025-09-28 01:59:10] INFO Node3 Backup completed
[2025-09-28 01:59:19] ALARM Node3 Node unreachable
[2025-09-28 01:59:37] WARN Node1 CPU usage high
[2025-09-28 01:59:47] WARN Node1 Memory usage high
[2025-09-28 01:59:50] ALARM Node2 Node unreachable
[2025-09-28 02:00:02] ALARM Node4 Disk failed
[2025-09-28 02:00:13] WARN Node2 High latency detected
[2025-09-28 02:00:29] ALARM Node1 Network latency critical
[2025-09-28 02:00:30] WARN Node2 Memory usage high
[2025-09-28 02:00:32] WARN Node4 CPU usage high
[2025-09-28 02:00:46] WARN Node3 High latency detected
[2025-09-28 02:00:52] INFO Node2 Heartbeat OK
[2025-09-28 02:01:04] WARN Node4 CPU usage high
[2025-09-28 02:01:18] WARN Node2 CPU usage high
[2025-09-28 02:01:34] WARN Node1 CPU usage high
[2025-09-28 02:01:41] ALARM Node1 Node unreachable
[2025-09-28 02:01:53] INFO Node2 Backup completed
[2025-09-28 02:01:54] INFO Node4 Heartbeat OK
[2025-09-28 02:01:56] INFO Node4 Connection established
[2025-09-28 02:02:13] WARN Node3 Network jitter observed
[2025-09-28 02:02:16] ALARM Node2 Network timeout
[2025-09-28 02:02:32] INFO Node1 Replication successful
[2025-09-28 02:02:49] ALARM Node1 Node unreachable
[2025-09-28 02:03:00] WARN Node1 CPU usage high
[2025-09-28 02:03:01] ALARM Node4 Disk failed
[2025-09-28 02:03:13] ALARM Node4 Network timeout
[2025-09-28 02:03:19] INFO Node3 Replication successful
[2025-09-28 02:03:39] ALARM Node1 Critical data loss risk
[2025-09-28 02:03:45] ALARM Node3 Network latency critical
[2025-09-28 02:03:50] WARN Node3 CPU usage high
[2025-09-28 02:04:09] WARN Node2 Disk I/O performance degraded
[2025-09-28 02:04:19] ALARM Node1 Network latency critical
[2025-09-28 02:04:38] WARN Node2 Memory usage high
[2025-09-28 02:04:54] INFO Node1 Backup completed
[2025-09-28 02:05:06] ALARM Node4 Node unreachable
[2025-09-28 02:05:07] INFO Node4 Connection established
[2025-09-28 02:05:08] WARN Node4 Network jitter observed
[2025-09-28 02:05:14] INFO Node4 Connection established
[2025-09-28 02:05:18] WARN Node3 CPU usage high
[2025-09-28 02:05:38] WARN Node2 High latency detected
[2025-09-28 02:05:50] WARN Node2 High latency detected
[2025-09-28 02:06:04] INFO Node4 Replication successful
[2025-09-28 02:06:11] WARN Node3 Network jitter observed
[2025-09-28 02:06:20] WARN Node4 Memory usage high
[2025-09-28 02:06:37] INFO Node4 Connection established
[2025-09-28 02:06:53] WARN Node1 Disk I/O performance degraded
[2025-09-28 02:06:57] WARN Node1 Network jitter observed
[2025-09-28 02:06:59] WARN Node2 Network jitter observed
[2025-09-28 02:07:09] WARN Node3 Disk I/O performance degraded
[2025-09-28 02:07:27] WARN Node3 High latency detected
[2025-09-28 02:07:32] INFO Node3 Heartbeat OK
[2025-09-28 02:07:46] ALARM Node3 Node unreachable
[2025-09-28 02:08:06] WARN Node2 Network jitter observed
[2025-09-28 02:08:23] ALARM Node4 Network latency critical
[2025-09-28 02:08:37] ALARM Node4 Critical data loss risk
[2025-09-28 02:08:40] INFO Node2 Storage service started
[2025-09-28 02:08:44] INFO Node1 Storage service started
[2025-09-28 02:08:50] INFO Node1 Replication successful
[2025-09-28 02:09:09] ALARM Node4 Network latency critical
[2025-09-28 02:09:19] WARN Node2 Memory usage high
[2025-09-28 02:09:27] ALARM Node4 Node unreachable
[2025-09-28 02:09:47] ALARM Node3 Disk failed
[2025-09-28 02:09:58] ALARM Node2 Node unreachable
[2025-09-28 02:10:14] WARN Node4 Memory usage high
[2025-09-28 02:10:21] ALARM Node3 Disk failed
[2025-09-28 02:10:38] INFO Node1 Heartbeat OK
[2025-09-28 02:10:56] INFO Node1 Storage service started
[2025-09-28 02:11:06] WARN Node2 CPU usage high
[2025-09-28 02:11:24] INFO Node2 Backup completed
[2025-09-28 02:11:27] INFO Node1 Connection established
[2025-09-28 02:11:31] ALARM Node1 Node unreachable
[2025-09-28 02:11:49] WARN Node4 Network jitter observed
[2025-09-28 02:12:02] ALARM Node1 Disk failed
[2025-09-28 02:12:13] ALARM Node3 Disk failed
[2025-09-28 02:12:30] INFO Node3 Storage service started
[2025-09-28 02:12:33] WARN Node1 Network jitter observed
[2025-09-28 02:12:37] WARN Node3 Network jitter observed
[2025-09-28 02:12:56] INFO Node4 Storage service started
[2025-09-28 02:12:59] WARN Node4 Disk I/O performance degraded
[2025-09-28 02:13:18] ALARM Node2 Critical data loss risk
[2025-09-28 02:13:28] ALARM Node1 Critical data loss risk
[2025-09-28 02:13:30] WARN Node3 Memory usage high
[2025-09-28 02:13:45] INFO Node3 Storage service started
[2025-09-28 02:13:54] WARN Node2 High latency detected
[2025-09-28 02:14:12] INFO Node4 Replication successful
[2025-09-28 02:14:18] INFO Node1 Replication successful
[2025-09-28 02:14:35] WARN Node2 High latency detected
[2025-09-28 02:14:47] WARN Node1 CPU usage high
[2025-09-28 02:14:48] INFO Node1 Connection established
[2025-09-28 02:15:02] ALARM Node3 Network timeout
[2025-09-28 02:15:17] WARN Node2 Memory usage high
[2025-09-28 02:15:34] INFO Node3 Storage service started
[2025-09-28 02:15:44] WARN Node2 CPU usage high
[2025-09-28 02:15:57] ALARM Node4 Network latency critical
[2025-09-28 02:16:09] INFO Node2 Replication successful
[2025-09-28 02:16:14] INFO Node1 Storage service started
[2025-09-28 02:16:32] ALARM Node2 Critical data loss risk
[2025-09-28 02:16:42] WARN Node2 Memory usage high
[2025-09-28 02:16:45] WARN Node2 Disk I/O performance degraded
[2025-09-28 02:16:55] INFO Node4 Connection established
[2025-09-28 02:17:02] WARN Node3 High latency detected
[2025-09-28 02:17:04] WARN Node1 Disk I/O performance degraded
[2025-09-28 02:17:06] ALARM Node4 Network timeout
[2025-09-28 02:17:13] WARN Node1 High latency detected
[2025-09-28 02:17:28] INFO Node4 Heartbeat OK
[2025-09-28 02:17:48] WARN Node3 Disk I/O performance degraded
[2025-09-28 02:17:53] ALARM Node3 Network latency critical
[2025-09-28 02:18:06] INFO Node2 Backup completed
[2025-09-28 02:18:07] WARN Node2 Memory usage high
[2025-09-28 02:18:19] WARN Node4 Disk I/O performance degraded
[2025-09-28 02:18:34] ALARM Node2 Node unreachable
[2025-09-28 02:18:39] ALARM Node4 Network latency critical
[2025-09-28 02:18:41] INFO Node1 Backup completed
[2025-09-28 02:18:47] INFO Node3 Storage service started
[2025-09-28 02:19:05] WARN Node2 Disk I/O performance degraded
[2025-09-28 02:19:15] ALARM Node2 Node unreachable
[2025-09-28 02:19:17] INFO Node1 Replication successful
[2025-09-28 02:19:21] ALARM Node4 Critical data loss risk
[2025-09-28 02:19:28] INFO Node4 Replication successful
[2025-09-28 02:19:34] ALARM Node3 Network latency critical
[2025-09-28 02:19:41] INFO Node2 Storage service started
[2025-09-28 02:20:01] WARN Node1 Memory usage high
[2025-09-28 02:20:20] INFO Node3 Storage service started
[2025-09-28 02:20:26] ALARM Node1 Network latency critical
[2025-09-28 02:20:38] INFO Node3 Replication successful
[2025-09-28 02:20:57] ALARM Node2 Disk failed
[2025-09-28 02:21:01] INFO Node3 Replication successful
[2025-09-28 02:21:18] ALARM Node1 Critical data loss risk
[2025-09-28 02:21:25] ALARM Node4 Network latency critical
[2025-09-28 02:21:26] ALARM Node2 Network latency critical
[2025-09-28 02:21:28] INFO Node4 Storage service started
[2025-09-28 02:21:37] ALARM Node1 Network timeout
[2025-09-28 02:21:46] ALARM Node3 Network latency critical
[2025-09-28 02:22:05] WARN Node3 Memory usage high
[2025-09-28 02:22:25] ALARM Node3 Network latency critical
[2025-09-28 02:22:43] ALARM Node2 Node unreachable
[2025-09-28 02:22:56] INFO Node3 Backup completed
[2025-09-28 02:23:11] INFO Node3 Replication successful
[2025-09-28 02:23:17] ALARM Node1 Disk failed
[2025-09-28 02:23:23] INFO Node4 Backup completed
[2025-09-28 02:23:38] ALARM Node3 Node unreachable
[2025-09-28 02:23:53] ALARM Node2 Disk failed
[2025-09-28 02:24:03] ALARM Node4 Critical data loss risk
[2025-09-28 02:24:22] WARN Node4 High latency detected
[2025-09-28 02:24:31] WARN Node1 High latency detected
[2025-09-28 02:24:39] WARN Node3 CPU usage high
[2025-09-28 02:24:45] ALARM Node4 Disk failed
[2025-09-28 02:24:54] ALARM Node2 Disk failed
[2025-09-28 02:25:06] ALARM Node2 Critical data loss risk
[2025-09-28 02:25:25] WARN Node3 Network jitter observed
[2025-09-28 02:25:44] INFO Node3 Backup completed
[2025-09-28 02:25:45] WARN Node4 CPU usage high
[2025-09-28 02:25:53] ALARM Node3 Node unreachable
[2025-09-28 02:25:55] INFO Node3 Heartbeat OK
[2025-09-28 02:26:01] INFO Node2 Replication successful
[2025-09-28 02:26:12] ALARM Node3 Critical data loss risk
[2025-09-28 02:26:15] WARN Node3 High latency detected
[2025-09-28 02:26:17] INFO Node2 Backup completed
[2025-09-28 02:26:19] WARN Node1 High latency detected
[2025-09-28 02:26:24] INFO Node2 Storage service started
[2025-09-28 02:26:37] INFO Node3 Backup completed
[2025-09-28 02:26:44] WARN Node3 Memory usage high
[2025-09-28 02:26:57] INFO Node2 Backup completed
[2025-09-28 02:27:04] ALARM Node3 Network latency critical
[2025-09-28 02:27:22] ALARM Node4 Network timeout
[2025-09-28 02:27:28] INFO Node3 Backup completed
[2025-09-28 02:27:39] ALARM Node4 Network timeout
[2025-09-28 02:27:57] INFO Node1 Backup completed
[2025-09-28 02:28:03] WARN Node2 CPU usage high
[2025-09-28 02:28:19] ALARM Node1 Critical data loss risk
[2025-09-28 02:28:25] WARN Node3 Memory usage high
[2025-09-28 02:28:26] ALARM Node4 Node unreachable
[2025-09-28 02:28:30] ALARM Node1 Disk failed
[2025-09-28 02:28:42] WARN Node4 Memory usage high
[2025-09-28 02:28:43] INFO Node3 Storage service started
[2025-09-28 02:29:00] WARN Node1 Memory usage high
[2025-09-28 02:29:18] WARN Node2 Memory usage high
[2025-09-28 02:29:22] ALARM Node3 Disk failed
[2025-09-28 02:29:38] INFO Node2 Backup completed
[2025-09-28 02:29:58] WARN Node4 Memory usage high
[2025-09-28 02:30:12] ALARM Node4 Node unreachable
[2025-09-28 02:30:21] ALARM Node2 Disk failed
[2025-09-28 02:30:36] ALARM Node3 Network latency critical
[2025-09-28 02:30:42] ALARM Node3 Network latency critical
[2025-09-28 02:30:49] WARN Node1 Network jitter observed
[2025-09-28 02:31:05] WARN Node1 Memory usage high
[2025-09-28 02:31:24] INFO Node4 Storage service started
[2025-09-28 02:31:32] ALARM Node4 Node unreachable
[2025-09-28 02:31:50] ALARM Node2 Node unreachable
[2025-09-28 02:31:55] INFO Node1 Replication successful
[2025-09-28 02:32:04] WARN Node2 Network jitter observed
[2025-09-28 02:32:16] WARN Node1 High latency detected
[2025-09-28 02:32:22] INFO Node1 Backup completed
[2025-09-28 02:32:23] WARN Node2 Network jitter observed
[2025-09-28 02:32:33] ALARM Node1 Critical data loss risk
[2025-09-28 02:32:43] INFO Node1 Heartbeat OK
[2025-09-28 02:32:56] INFO Node2 Backup completed
[2025-09-28 02:33:06] WARN Node4 Disk I/O performance degraded
[2025-09-28 02:33:22] ALARM Node3 Network latency critical
[2025-09-28 02:33:25] INFO Node4 Storage service started
[2025-09-28 02:33:42] ALARM Node3 Disk failed
[2025-09-28 02:34:00] WARN Node1 CPU usage high
[2025-09-28 02:34:01] WARN Node4 Memory usage high
[2025-09-28 02:34:02] WARN Node4 Memory usage high
[2025-09-28 02:34:11] WARN Node1 Memory usage high
[2025-09-28 02:34:25] ALARM Node1 Disk failed
[2025-09-28 02:34:38] INFO Node4 Storage service started
[2025-09-28 02:34:58] WARN Node3 High latency detected
[2025-09-28 02:35:15] ALARM Node3 Node unreachable
[2025-09-28 02:35:33] INFO Node1 Heartbeat OK
[2025-09-28 02:35:48] INFO Node1 Backup completed
[2025-09-28 02:35:58] ALARM Node3 Disk failed
[2025-09-28 02:36:15] INFO Node2 Backup completed
[2025-09-28 02:36:26] INFO Node2 Replication successful
[2025-09-28 02:36:32] INFO Node2 Replication successful
[2025-09-28 02:36:45] WARN Node2 High latency detected
[2025-09-28 02:37:00] WARN Node2 Memory usage high
[2025-09-28 02:37:18] ALARM Node3 Network latency critical
[2025-09-28 02:37:24] WARN Node2 Network jitter observed
[2025-09-28 02:37:44] INFO Node2 Storage service started
[2025-09-28 02:37:49] INFO Node2 Replication successful
[2025-09-28 02:38:03] INFO Node4 Replication successful
[2025-09-28 02:38:04] ALARM Node2 Critical data loss risk
[2025-09-28 02:38:13] ALARM Node1 Network latency critical
[2025-09-28 02:38:30] WARN Node2 Network jitter observed
[2025-09-28 02:38:48] ALARM Node4 Network timeout
[2025-09-28 02:39:02] INFO Node3 Replication successful
[2025-09-28 02:39:03] INFO Node4 Backup completed
[2025-09-28 02:39:11] INFO Node1 Connection established
[2025-09-28 02:39:31] ALARM Node4 Node unreachable
[2025-09-28 02:39:42] INFO Node3 Heartbeat OK
[2025-09-28 02:39:44] INFO Node1 Backup completed
[2025-09-28 02:39:48] ALARM Node3 Critical data loss risk
[2025-09-28 02:39:57] ALARM Node3 Network latency critical
[2025-09-28 02:40:00] ALARM Node4 Node unreachable
[2025-09-28 02:40:12] WARN Node4 Disk I/O performance degraded
[2025-09-28 02:40:15] ALARM Node2 Network latency critical
[2025-09-28 02:40:32] WARN Node3 Network jitter observed
[2025-09-28 02:40:40] INFO Node4 Heartbeat OK
[2025-09-28 02:41:00] WARN Node3 Memory usage high
[2025-09-28 02:41:01] INFO Node2 Heartbeat OK
[2025-09-28 02:41:06] ALARM Node4 Critical data loss risk
[2025-09-28 02:41:17] INFO Node1 Connection established
[2025-09-28 02:41:31] ALARM Node2 Disk failed
[2025-09-28 02:41:37] WARN Node4 High latency detected
[2025-09-28 02:41:40] ALARM Node1 Node unreachable
[2025-09-28 02:41:52] ALARM Node3 Critical data loss risk
[2025-09-28 02:41:56] ALARM Node3 Critical data loss risk
[2025-09-28 02:42:04] INFO Node1 Storage service started
[2025-09-28 02:42:17] INFO Node1 Connection established
[2025-09-28 02:42:28] ALARM Node4 Node unreachable
[2025-09-28 02:42:35] ALARM Node4 Disk failed
[2025-09-28 02:42:37] WARN Node2 Network jitter observed
[2025-09-28 02:42:43] INFO Node4 Connection established
[2025-09-28 02:43:03] INFO Node3 Backup completed
[2025-09-28 02:43:10] WARN Node3 Network jitter observed
[2025-09-28 02:43:29] ALARM Node4 Disk failed
[2025-09-28 02:43:33] WARN Node1 Disk I/O performance degraded
[2025-09-28 02:43:37] ALARM Node4 Node unreachable
[2025-09-28 02:43:50] ALARM Node3 Critical data loss risk
[2025-09-28 02:43:56] ALARM Node2 Node unreachable
[2025-09-28 02:44:05] WARN Node1 Network jitter observed
[2025-09-28 02:44:25] INFO Node2 Replication successful
[2025-09-28 02:44:40] ALARM Node1 Network timeout
[2025-09-28 02:44:50] WARN Node3 Disk I/O performance degraded
[2025-09-28 02:45:08] INFO Node2 Backup completed
[2025-09-28 02:45:12] WARN Node1 Disk I/O performance degraded
[2025-09-28 02:45:13] WARN Node1 CPU usage high
[2025-09-28 02:45:26] ALARM Node3 Disk failed
[2025-09-28 02:45:42] INFO Node1 Heartbeat OK
[2025-09-28 02:45:44] INFO Node1 Backup completed
[2025-09-28 02:45:58] INFO Node4 Connection established
[2025-09-28 02:46:12] INFO Node4 Backup completed
[2025-09-28 02:46:30] WARN Node2 Network jitter observed
[2025-09-28 02:46:36] INFO Node3 Storage service started
[2025-09-28 02:46:37] INFO Node3 Connection established
[2025-09-28 02:46:46] ALARM Node3 Disk failed
[2025-09-28 02:47:00] WARN Node1 High latency detected
[2025-09-28 02:47:13] ALARM Node4 Critical data loss risk
[2025-09-28 02:47:32] INFO Node3 Heartbeat OK
[2025-09-28 02:47:46] ALARM Node2 Node unreachable
[2025-09-28 02:47:58] ALARM Node4 Disk failed
[2025-09-28 02:48:07] WARN Node3 High latency detected
[2025-09-28 02:48:18] WARN Node4 Disk I/O performance degraded
[2025-09-28 02:48:28] ALARM Node1 Network timeout
[2025-09-28 02:48:39] WARN Node1 Disk I/O performance degraded
[2025-09-28 02:48:41] INFO Node4 Storage service started
[2025-09-28 02:48:47] WARN Node3 Disk I/O performance degraded
[2025-09-28 02:49:00] INFO Node1 Connection established
[2025-09-28 02:49:17] WARN Node2 Disk I/O performance degraded
[2025-09-28 02:49:27] WARN Node1 Network jitter observed
[2025-09-28 02:49:45] WARN Node2 High latency detected
[2025-09-28 02:49:49] INFO Node4 Heartbeat OK
[2025-09-28 02:49:52] WARN Node4 Network jitter observed
[2025-09-28 02:50:12] WARN Node2 High latency detected
[2025-09-28 02:50:20] INFO Node1 Backup completed
[2025-09-28 02:50:27] WARN Node2 High latency detected
[2025-09-28 02:50:42] WARN Node3 Disk I/O performance degraded
[2025-09-28 02:50:57] INFO Node1 Backup completed
[2025-09-28 02:51:12] INFO Node2 Heartbeat OK
[2025-09-28 02:51:20] WARN Node1 Disk I/O performance degraded
[2025-09-28 02:51:36] ALARM Node4 Node unreachable
[2025-09-28 02:51:46] INFO Node1 Replication successful
[2025-09-28 02:52:00] WARN Node4 High latency detected
[2025-09-28 02:52:18] ALARM Node1 Network timeout
[2025-09-28 02:52:33] ALARM Node4 Critical data loss risk
[2025-09-28 02:52:52] INFO Node1 Heartbeat OK
[2025-09-28 02:53:01] INFO Node3 Storage service started
[2025-09-28 02:53:17] WARN Node4 High latency detected
[2025-09-28 02:53:29] WARN Node4 CPU usage high
[2025-09-28 02:53:35] ALARM Node1 Critical data loss risk
[2025-09-28 02:53:42] INFO Node2 Backup completed
[2025-09-28 02:53:51] INFO Node4 Connection established
[2025-09-28 02:54:02] WARN Node4 Memory usage high
[2025-09-28 02:54:15] WARN Node2 Memory usage high
[2025-09-28 02:54:18] INFO Node2 Heartbeat OK
[2025-09-28 02:54:37] WARN Node3 Network jitter observed
[2025-09-28 02:54:46] INFO Node3 Replication successful
[2025-09-28 02:54:59] INFO Node3 Backup completed
[2025-09-28 02:55:08] ALARM Node2 Disk failed
[2025-09-28 02:55:19] ALARM Node1 Node unreachable
[2025-09-28 02:55:37] WARN Node2 Memory usage high
[2025-09-28 02:55:53] WARN Node2 Network jitter observed
[2025-09-28 02:55:59] WARN Node1 Disk I/O performance degraded
[2025-09-28 02:56:08] INFO Node2 Storage service started
[2025-09-28 02:56:19] ALARM Node2 Node unreachable
[2025-09-28 02:56:38] ALARM Node4 Network latency critical
[2025-09-28 02:56:44] ALARM Node3 Critical data loss risk
[2025-09-28 02:57:03] ALARM Node4 Critical data loss risk
[2025-09-28 02:57:16] WARN Node3 Memory usage high
[2025-09-28 02:57:24] WARN Node1 CPU usage high
[2025-09-28 02:57:31] ALARM Node2 Network timeout
[2025-09-28 02:57:44] WARN Node1 Memory usage high
[2025-09-28 02:57:58] INFO Node2 Connection established
[2025-09-28 02:58:11] ALARM Node2 Critical data loss risk
[2025-09-28 02:58:22] INFO Node3 Storage service started
[2025-09-28 02:58:38] WARN Node4 High latency detected
[2025-09-28 02:58:41] INFO Node1 Connection established
[2025-09-28 02:58:42] INFO Node1 Backup completed
[2025-09-28 02:59:01] ALARM Node2 Critical data loss risk
[2025-09-28 02:59:09] WARN Node1 CPU usage high
[2025-09-28 02:59:10] WARN Node4 Network jitter observed
[2025-09-28 02:59:30] WARN Node4 Disk I/O performance degraded
[2025-09-28 02:59:47] INFO Node4 Replication successful
[2025-09-28 03:00:03] ALARM Node3 Critical data loss risk
[2025-09-28 03:00:07] INFO Node4 Connection established
[2025-09-28 03:00:23] WARN Node1 Memory usage high
[2025-09-28 03:00:29] INFO Node2 Heartbeat OK
[2025-09-28 03:00:39] WARN Node2 Network jitter observed
[2025-09-28 03:00:47] ALARM Node1 Network latency critical
[2025-09-28 03:00:52] ALARM Node3 Critical data loss risk
[2025-09-28 03:01:02] INFO Node4 Backup completed
[2025-09-28 03:01:10] INFO Node3 Replication successful
[2025-09-28 03:01:26] INFO Node4 Heartbeat OK
[2025-09-28 03:01:30] WARN Node4 Disk I/O performance degraded
[2025-09-28 03:01:44] WARN Node1 CPU usage high
[2025-09-28 03:01:49] INFO Node1 Storage service started
[2025-09-28 03:01:55] INFO Node4 Replication successful
[2025-09-28 03:02:03] ALARM Node3 Network timeout
[2025-09-28 03:02:17] ALARM Node1 Disk failed
[2025-09-28 03:02:20] WARN Node4 CPU usage high
[2025-09-28 03:02:31] ALARM Node3 Network timeout
[2025-09-28 03:02:35] ALARM Node3 Critical data loss risk
[2025-09-28 03:02:40] WARN Node4 Network jitter observed
[2025-09-28 03:02:43] ALARM Node4 Critical data loss risk
[2025-09-28 03:02:44] INFO Node4 Storage service started
[2025-09-28 03:02:57] ALARM Node4 Disk failed
[2025-09-28 03:02:59] WARN Node4 CPU usage high
[2025-09-28 03:03:19] ALARM Node1 Disk failed
[2025-09-28 03:03:28] INFO Node1 Storage service started
[2025-09-28 03:03:34] WARN Node2 Disk I/O performance degraded
[2025-09-28 03:03:51] INFO Node1 Heartbeat OK
[2025-09-28 03:04:04] INFO Node4 Connection established
[2025-09-28 03:04:18] INFO Node2 Replication successful
[2025-09-28 03:04:33] INFO Node1 Heartbeat OK
[2025-09-28 03:04:34] INFO Node3 Storage service started
[2025-09-28 03:04:44] WARN Node4 Disk I/O performance degraded
[2025-09-28 03:04:56] INFO Node3 Heartbeat OK
[2025-09-28 03:05:09] ALARM Node3 Node unreachable
[2025-09-28 03:05:19] INFO Node2 Heartbeat OK
[2025-09-28 03:05:26] ALARM Node4 Network timeout
[2025-09-28 03:05:31] WARN Node4 Network jitter observed
[2025-09-28 03:05:42] ALARM Node2 Network latency critical
[2025-09-28 03:05:52] WARN Node4 Network jitter observed
[2025-09-28 03:06:08] WARN Node1 Network jitter observed
[2025-09-28 03:06:09] ALARM Node3 Disk failed
[2025-09-28 03:06:11] ALARM Node1 Network timeout
[2025-09-28 03:06:17] INFO Node1 Replication successful
[2025-09-28 03:06:20] INFO Node2 Backup completed
[2025-09-28 03:06:24] ALARM Node2 Node unreachable
[2025-09-28 03:06:34] INFO Node4 Heartbeat OK
[2025-09-28 03:06:45] INFO Node3 Connection established
[2025-09-28 03:06:54] WARN Node3 Memory usage high
[2025-09-28 03:07:00] INFO Node2 Connection established
[2025-09-28 03:07:15] WARN Node2 Memory usage high
[2025-09-28 03:07:23] ALARM Node4 Disk failed
[2025-09-28 03:07:38] ALARM Node4 Network timeout
[2025-09-28 03:07:49] INFO Node2 Backup completed
[2025-09-28 03:07:56] WARN Node2 High latency detected
[2025-09-28 03:08:01] ALARM Node1 Critical data loss risk
[2025-09-28 03:08:07] ALARM Node2 Disk failed
[2025-09-28 03:08:10] WARN Node3 High latency detected
[2025-09-28 03:08:27] INFO Node1 Storage service started
[2025-09-28 03:08:38] INFO Node3 Backup completed
[2025-09-28 03:08:39] ALARM Node1 Disk failed
[2025-09-28 03:08:47] INFO Node1 Heartbeat OK
[2025-09-28 03:08:52] WARN Node3 Disk I/O performance degraded
[2025-09-28 03:09:11] ALARM Node1 Network timeout
[2025-09-28 03:09:31] ALARM Node4 Network timeout
[2025-09-28 03:09:35] INFO Node1 Storage service started
[2025-09-28 03:09:51] ALARM Node1 Critical data loss risk
[2025-09-28 03:09:54] ALARM Node4 Network timeout
[2025-09-28 03:09:55] INFO Node3 Storage service started
[2025-09-28 03:10:04] ALARM Node2 Network latency critical
[2025-09-28 03:10:18] ALARM Node4 Node unreachable
[2025-09-28 03:10:31] WARN Node4 CPU usage high
[2025-09-28 03:10:43] ALARM Node3 Node unreachable
[2025-09-28 03:10:57] WARN Node1 High latency detected
[2025-09-28 03:11:04] WARN Node3 Memory usage high
[2025-09-28 03:11:05] WARN Node3 Disk I/O performance degraded
[2025-09-28 03:11:07] INFO Node3 Backup completed
[2025-09-28 03:11:23] WARN Node1 High latency detected
[2025-09-28 03:11:25] ALARM Node2 Network latency critical
[2025-09-28 03:11:34] ALARM Node4 Node unreachable
[2025-09-28 03:11:49] WARN Node1 Disk I/O performance degraded
[2025-09-28 03:12:07] INFO Node1 Storage service started
[2025-09-28 03:12:21] WARN Node1 CPU usage high
[2025-09-28 03:12:27] INFO Node3 Backup completed
[2025-09-28 03:12:47] INFO Node1 Replication successful
[2025-09-28 03:13:04] WARN Node2 Network jitter observed
[2025-09-28 03:13:08] WARN Node4 CPU usage high
[2025-09-28 03:13:20] ALARM Node3 Disk failed
[2025-09-28 03:13:25] INFO Node2 Connection established
[2025-09-28 03:13:26] ALARM Node3 Network timeout
[2025-09-28 03:13:38] INFO Node4 Storage service started
[2025-09-28 03:13:52] ALARM Node1 Disk failed
[2025-09-28 03:14:05] ALARM Node4 Node unreachable
[2025-09-28 03:14:24] ALARM Node1 Network timeout
[2025-09-28 03:14:44] ALARM Node4 Network timeout
[2025-09-28 03:14:58] ALARM Node3 Node unreachable
[2025-09-28 03:14:59] WARN Node2 Disk I/O performance degraded
[2025-09-28 03:15:07] ALARM Node3 Critical data loss risk
[2025-09-28 03:15:23] ALARM Node3 Network latency critical
[2025-09-28 03:15:43] INFO Node2 Storage service started
[2025-09-28 03:16:01] ALARM Node2 Critical data loss risk
[2025-09-28 03:16:06] ALARM Node2 Critical data loss risk
[2025-09-28 03:16:19] ALARM Node2 Critical data loss risk
[2025-09-28 03:16:28] ALARM Node4 Critical data loss risk
[2025-09-28 03:16:36] INFO Node2 Storage service started
[2025-09-28 03:16:56] ALARM Node2 Critical data loss risk
[2025-09-28 03:16:59] INFO Node1 Replication successful
[2025-09-28 03:17:16] INFO Node2 Connection established
[2025-09-28 03:17:32] ALARM Node3 Critical data loss risk
[2025-09-28 03:17:37] ALARM Node4 Disk failed
[2025-09-28 03:17:54] WARN Node3 Disk I/O performance degraded
[2025-09-28 03:18:02] ALARM Node3 Network latency critical
[2025-09-28 03:18:12] WARN Node1 Network jitter observed
[2025-09-28 03:18:25] WARN Node2 Network jitter observed
[2025-09-28 03:18:29] ALARM Node2 Network timeout
[2025-09-28 03:18:48] INFO Node3 Replication successful
[2025-09-28 03:18:52] INFO Node3 Backup completed
[2025-09-28 03:19:08] WARN Node1 CPU usage high
[2025-09-28 03:19:28] WARN Node2 Disk I/O performance degraded
[2025-09-28 03:19:40] WARN Node4 Disk I/O performance degraded
[2025-09-28 03:19:51] WARN Node1 High latency detected
[2025-09-28 03:20:05] INFO Node2 Connection established
[2025-09-28 03:20:19] WARN Node4 High latency detected
[2025-09-28 03:20:31] WARN Node3 High latency detected
[2025-09-28 03:20:47] ALARM Node4 Critical data loss risk
[2025-09-28 03:20:54] WARN Node4 Memory usage high
[2025-09-28 03:21:01] WARN Node3 Disk I/O performance degraded
[2025-09-28 03:21:09] WARN Node3 Memory usage high
[2025-09-28 03:21:14] ALARM Node2 Critical data loss risk
[2025-09-28 03:21:34] WARN Node4 High latency detected
[2025-09-28 03:21:46] WARN Node3 CPU usage high
[2025-09-28 03:22:04] INFO Node2 Replication successful
[2025-09-28 03:22:15] ALARM Node1 Disk failed
[2025-09-28 03:22:27] WARN Node2 CPU usage high
[2025-09-28 03:22:31] WARN Node3 Network jitter observed
[2025-09-28 03:22:35] ALARM Node2 Critical data loss risk
[2025-09-28 03:22:52] INFO Node1 Replication successful
[2025-09-28 03:23:05] ALARM Node3 Network latency critical
[2025-09-28 03:23:22] INFO Node1 Connection established
[2025-09-28 03:23:38] ALARM Node3 Network latency critical
[2025-09-28 03:23:42] WARN Node2 Memory usage high
[2025-09-28 03:23:47] INFO Node4 Connection established
[2025-09-28 03:23:55] ALARM Node4 Node unreachable
[2025-09-28 03:24:13] WARN Node3 Network jitter observed
[2025-09-28 03:24:18] INFO Node2 Storage service started
[2025-09-28 03:24:20] ALARM Node3 Critical data loss risk
[2025-09-28 03:24:39] INFO Node4 Replication successful
[2025-09-28 03:24:47] ALARM Node1 Node unreachable
[2025-09-28 03:24:54] INFO Node1 Backup completed
[2025-09-28 03:24:56] WARN Node3 Disk I/O performance degraded
[2025-09-28 03:25:07] WARN Node3 High latency detected
[2025-09-28 03:25:21] WARN Node3 High latency detected
[2025-09-28 03:25:39] WARN Node2 Network jitter observed
[2025-09-28 03:25:45] WARN Node1 Network jitter observed
[2025-09-28 03:25:47] ALARM Node3 Network timeout
[2025-09-28 03:25:49] WARN Node3 Network jitter observed
[2025-09-28 03:26:00] WARN Node2 Memory usage high
[2025-09-28 03:26:15] WARN Node4 Memory usage high
[2025-09-28 03:26:31] ALARM Node1 Disk failed
[2025-09-28 03:26:38] ALARM Node1 Node unreachable
[2025-09-28 03:26:58] INFO Node1 Heartbeat OK
[2025-09-28 03:27:07] INFO Node2 Replication successful
[2025-09-28 03:27:25] INFO Node3 Heartbeat OK
[2025-09-28 03:27:42] INFO Node2 Heartbeat OK
[2025-09-28 03:27:52] WARN Node3 CPU usage high
[2025-09-28 03:28:07] INFO Node2 Heartbeat OK
[2025-09-28 03:28:09] WARN Node3 High latency detected
[2025-09-28 03:28:19] INFO Node3 Replication successful
[2025-09-28 03:28:39] WARN Node4 Disk I/O performance degraded
[2025-09-28 03:28:49] ALARM Node3 Critical data loss risk
[2025-09-28 03:29:09] INFO Node2 Storage service started
[2025-09-28 03:29:27] WARN Node3 Disk I/O performance degraded
[2025-09-28 03:29:32] INFO Node1 Heartbeat OK
[2025-09-28 03:29:50] WARN Node4 CPU usage high
[2025-09-28 03:30:03] INFO Node4 Connection established
[2025-09-28 03:30:05] WARN Node3 Disk I/O performance degraded
[2025-09-28 03:30:06] WARN Node3 High latency detected
[2025-09-28 03:30:23] ALARM Node4 Disk failed
[2025-09-28 03:30:24] WARN Node1 High latency detected
[2025-09-28 03:30:42] WARN Node2 High latency detected
[2025-09-28 03:30:54] ALARM Node2 Network latency critical
[2025-09-28 03:30:57] ALARM Node2 Network latency critical
[2025-09-28 03:31:06] INFO Node3 Storage service started
[2025-09-28 03:31:22] WARN Node2 Memory usage high
[2025-09-28 03:31:31] ALARM Node4 Network timeout
[2025-09-28 03:31:44] WARN Node2 High latency detected
[2025-09-28 03:31:56] INFO Node3 Storage service started
[2025-09-28 03:32:11] INFO Node1 Backup completed
[2025-09-28 03:32:29] INFO Node3 Storage service started
[2025-09-28 03:32:35] INFO Node4 Connection established
[2025-09-28 03:32:43] WARN Node2 CPU usage high
[2025-09-28 03:32:44] INFO Node4 Storage service started
[2025-09-28 03:32:54] INFO Node3 Heartbeat OK
[2025-09-28 03:33:00] INFO Node3 Storage service started
[2025-09-28 03:33:04] INFO Node1 Connection established
[2025-09-28 03:33:13] ALARM Node3 Network latency critical
[2025-09-28 03:33:17] INFO Node1 Connection established
[2025-09-28 03:33:18] INFO Node1 Heartbeat OK
[2025-09-28 03:33:29] WARN Node1 CPU usage high
[2025-09-28 03:33:32] INFO Node2 Storage service started
[2025-09-28 03:33:45] ALARM Node3 Network latency critical
[2025-09-28 03:33:58] ALARM Node2 Network timeout
[2025-09-28 03:34:05] INFO Node2 Replication successful
[2025-09-28 03:34:25] INFO Node4 Replication successful
[2025-09-28 03:34:39] INFO Node2 Replication successful
[2025-09-28 03:34:50] WARN Node2 Disk I/O performance degraded
[2025-09-28 03:34:54] INFO Node2 Backup completed
[2025-09-28 03:35:01] WARN Node1 CPU usage high
[2025-09-28 03:35:15] INFO Node1 Backup completed
[2025-09-28 03:35:21] INFO Node1 Backup completed
[2025-09-28 03:35:38] WARN Node2 Disk I/O performance degraded
[2025-09-28 03:35:39] INFO Node4 Replication successful
[2025-09-28 03:35:55] WARN Node1 Network jitter observed
[2025-09-28 03:36:03] ALARM Node3 Network latency critical
[2025-09-28 03:36:21] WARN Node2 Disk I/O performance degraded
[2025-09-28 03:36:36] WARN Node2 CPU usage high
[2025-09-28 03:36:41] ALARM Node4 Node unreachable
[2025-09-28 03:36:53] WARN Node4 Memory usage high
[2025-09-28 03:37:01] WARN Node1 Disk I/O performance degraded
[2025-09-28 03:37:12] WARN Node2 High latency detected
[2025-09-28 03:37:26] ALARM Node4 Network timeout
[2025-09-28 03:37:37] WARN Node1 High latency detected
[2025-09-28 03:37:53] WARN Node2 High latency detected
[2025-09-28 03:37:56] WARN Node2 Disk I/O performance degraded
[2025-09-28 03:38:00] ALARM Node2 Disk failed
[2025-09-28 03:38:20] WARN Node4 Disk I/O performance degraded
[2025-09-28 03:38:36] INFO Node2 Replication successful
[2025-09-28 03:38:43] WARN Node1 Memory usage high
[2025-09-28 03:39:02] ALARM Node4 Node unreachable
[2025-09-28 03:39:09] WARN Node1 Memory usage high
[2025-09-28 03:39:20] INFO Node4 Replication successful
[2025-09-28 03:39:26] ALARM Node3 Disk failed
[2025-09-28 03:39:43] INFO Node4 Backup completed
[2025-09-28 03:39:53] ALARM Node4 Disk failed
[2025-09-28 03:40:11] ALARM Node2 Network timeout
[2025-09-28 03:40:31] ALARM Node3 Network latency critical
[2025-09-28 03:40:40] ALARM Node2 Critical data loss risk
[2025-09-28 03:41:00] ALARM Node1 Node unreachable
[2025-09-28 03:41:06] INFO Node2 Connection established
[2025-09-28 03:41:26] ALARM Node4 Network latency critical
[2025-09-28 03:41:43] WARN Node2 CPU usage high
[2025-09-28 03:41:49] INFO Node3 Storage service started
[2025-09-28 03:41:58] INFO Node4 Replication successful
[2025-09-28 03:42:15] ALARM Node3 Node unreachable
[2025-09-28 03:42:20] ALARM Node2 Disk failed
[2025-09-28 03:42:28] ALARM Node3 Node unreachable
[2025-09-28 03:42:34] ALARM Node3 Node unreachable
[2025-09-28 03:42:51] WARN Node2 Network jitter observed
[2025-09-28 03:42:54] ALARM Node3 Node unreachable
[2025-09-28 03:43:12] WARN Node4 Network jitter observed
[2025-09-28 03:43:24] INFO Node2 Storage service started
[2025-09-28 03:43:30] ALARM Node4 Network timeout
[2025-09-28 03:43:46] WARN Node3 Memory usage high
[2025-09-28 03:43:58] WARN Node2 Network jitter observed
[2025-09-28 03:44:10] INFO Node1 Backup completed
[2025-09-28 03:44:22] WARN Node4 Memory usage high
[2025-09-28 03:44:23] WARN Node4 Disk I/O performance degraded
[2025-09-28 03:44:35] ALARM Node4 Critical data loss risk
[2025-09-28 03:44:42] ALARM Node2 Disk failed
[2025-09-28 03:44:58] WARN Node3 Memory usage high
[2025-09-28 03:45:14] WARN Node1 High latency detected
[2025-09-28 03:45:32] INFO Node2 Backup completed
[2025-09-28 03:45:36] ALARM Node2 Node unreachable
[2025-09-28 03:45:41] WARN Node3 CPU usage high
[2025-09-28 03:46:00] WARN Node4 Network jitter observed
[2025-09-28 03:46:04] ALARM Node4 Network latency critical
[2025-09-28 03:46:15] ALARM Node2 Network timeout
[2025-09-28 03:46:35] ALARM Node2 Node unreachable
[2025-09-28 03:46:37] ALARM Node4 Disk failed
[2025-09-28 03:46:47] ALARM Node1 Network latency critical
[2025-09-28 03:47:04] ALARM Node1 Disk failed
[2025-09-28 03:47:07] ALARM Node3 Network timeout
[2025-09-28 03:47:17] WARN Node3 Disk I/O performance degraded
[2025-09-28 03:47:34] ALARM Node1 Network latency critical
[2025-09-28 03:47:36] INFO Node1 Connection established
[2025-09-28 03:47:47] WARN Node4 CPU usage high
[2025-09-28 03:47:49] ALARM Node1 Network timeout
[2025-09-28 03:47:59] INFO Node3 Connection established
[2025-09-28 03:48:00] ALARM Node1 Network latency critical
[2025-09-28 03:48:19] INFO Node4 Storage service started
[2025-09-28 03:48:24] ALARM Node3 Network latency critical
[2025-09-28 03:48:37] ALARM Node4 Disk failed
[2025-09-28 03:48:48] INFO Node3 Replication successful
[2025-09-28 03:49:06] INFO Node4 Heartbeat OK
[2025-09-28 03:49:23] INFO Node2 Heartbeat OK
[2025-09-28 03:49:39] INFO Node2 Replication successful
[2025-09-28 03:49:54] INFO Node2 Storage service started
[2025-09-28 03:49:56] WARN Node4 Disk I/O performance degraded
[2025-09-28 03:50:15] WARN Node3 CPU usage high
[2025-09-28 03:50:22] INFO Node1 Connection established
[2025-09-28 03:50:25] WARN Node1 Disk I/O performance degraded
[2025-09-28 03:50:28] WARN Node3 High latency detected
[2025-09-28 03:50:42] ALARM Node2 Node unreachable
[2025-09-28 03:51:02] INFO Node2 Replication successful
[2025-09-28 03:51:18] WARN Node1 High latency detected
[2025-09-28 03:51:23] ALARM Node1 Network latency critical
[2025-09-28 03:51:25] INFO Node3 Storage service started
[2025-09-28 03:51:45] WARN Node2 CPU usage high
[2025-09-28 03:51:53] WARN Node2 High latency detected
[2025-09-28 03:51:55] ALARM Node1 Network latency critical
[2025-09-28 03:52:02] WARN Node1 Memory usage high
[2025-09-28 03:52:11] INFO Node3 Connection established
[2025-09-28 03:52:25] ALARM Node3 Network latency critical
[2025-09-28 03:52:42] WARN Node4 Memory usage high
[2025-09-28 03:52:45] INFO Node1 Heartbeat OK
[2025-09-28 03:53:05] ALARM Node3 Network timeout
[2025-09-28 03:53:10] WARN Node1 Network jitter observed
[2025-09-28 03:53:15] ALARM Node2 Disk failed
[2025-09-28 03:53:31] ALARM Node4 Node unreachable
[2025-09-28 03:53:38] ALARM Node4 Disk failed
[2025-09-28 03:53:56] ALARM Node2 Critical data loss risk
[2025-09-28 03:54:08] INFO Node3 Backup completed
[2025-09-28 03:54:28] INFO Node3 Replication successful
[2025-09-28 03:54:43] INFO Node4 Backup completed
[2025-09-28 03:54:57] ALARM Node4 Network latency critical
[2025-09-28 03:55:07] INFO Node3 Backup completed
[2025-09-28 03:55:12] ALARM Node2 Disk failed
[2025-09-28 03:55:20] INFO Node3 Replication successful
[2025-09-28 03:55:29] ALARM Node1 Network latency critical
[2025-09-28 03:55:42] ALARM Node3 Critical data loss risk
[2025-09-28 03:55:47] ALARM Node4 Network latency critical
[2025-09-28 03:55:50] WARN Node4 CPU usage high
[2025-09-28 03:55:53] INFO Node2 Storage service started
[2025-09-28 03:56:00] INFO Node3 Replication successful
[2025-09-28 03:56:14] INFO Node3 Backup completed
[2025-09-28 03:56:21] INFO Node2 Backup completed
[2025-09-28 03:56:41] INFO Node2 Replication successful
[2025-09-28 03:56:58] WARN Node3 CPU usage high
[2025-09-28 03:57:10] ALARM Node1 Network timeout
[2025-09-28 03:57:29] WARN Node3 Disk I/O performance degraded
[2025-09-28 03:57:39] INFO Node3 Heartbeat OK
[2025-09-28 03:57:53] WARN Node2 Disk I/O performance degraded
[2025-09-28 03:58:02] WARN Node2 High latency detected
[2025-09-28 03:58:16] INFO Node3 Heartbeat OK
[2025-09-28 03:58:33] ALARM Node1 Node unreachable
[2025-09-28 03:58:38] INFO Node4 Backup completed
[2025-09-28 03:58:53] ALARM Node4 Disk failed
[2025-09-28 03:59:10] ALARM Node3 Network latency critical
[2025-09-28 03:59:15] WARN Node2 CPU usage high
[2025-09-28 03:59:28] ALARM Node2 Disk failed
[2025-09-28 03:59:33] WARN Node2 Disk I/O performance degraded
[2025-09-28 03:59:50] ALARM Node3 Critical data loss risk
[2025-09-28 04:00:08] ALARM Node2 Network timeout
[2025-09-28 04:00:24] WARN Node3 Memory usage high
[2025-09-28 04:00:43] WARN Node1 Disk I/O performance degraded
[2025-09-28 04:00:45] INFO Node4 Heartbeat OK
[2025-09-28 04:00:57] WARN Node2 Network jitter observed
[2025-09-28 04:01:09] WARN Node1 Memory usage high
[2025-09-28 04:01:13] INFO Node4 Heartbeat OK
[2025-09-28 04:01:17] ALARM Node2 Disk failed
[2025-09-28 04:01:30] INFO Node1 Heartbeat OK
[2025-09-28 04:01:40] INFO Node3 Storage service started
[2025-09-28 04:01:44] INFO Node4 Storage service started
[2025-09-28 04:01:48] WARN Node2 Network jitter observed
[2025-09-28 04:01:57] INFO Node4 Connection established
[2025-09-28 04:02:17] INFO Node3 Storage service started
[2025-09-28 04:02:37] ALARM Node3 Disk failed
[2025-09-28 04:02:45] INFO Node1 Replication successful
[2025-09-28 04:03:01] ALARM Node3 Critical data loss risk
[2025-09-28 04:03:06] INFO Node3 Replication successful
[2025-09-28 04:03:11] ALARM Node2 Node unreachable
[2025-09-28 04:03:22] INFO Node4 Storage service started
[2025-09-28 04:03:41] WARN Node4 Disk I/O performance degraded
[2025-09-28 04:03:47] ALARM Node1 Critical data loss risk
[2025-09-28 04:03:58] WARN Node1 Disk I/O performance degraded
[2025-09-28 04:04:11] WARN Node1 CPU usage high
[2025-09-28 04:04:29] ALARM Node1 Network timeout
[2025-09-28 04:04:41] WARN Node4 Memory usage high
[2025-09-28 04:04:55] WARN Node4 Disk I/O performance degraded
[2025-09-28 04:05:08] INFO Node4 Heartbeat OK
[2025-09-28 04:05:27] WARN Node1 Network jitter observed
[2025-09-28 04:05:42] WARN Node1 CPU usage high
[2025-09-28 04:05:48] ALARM Node3 Node unreachable
[2025-09-28 04:06:00] INFO Node4 Connection established
[2025-09-28 04:06:02] ALARM Node4 Network timeout
[2025-09-28 04:06:19] INFO Node3 Heartbeat OK
[2025-09-28 04:06:34] WARN Node1 Network jitter observed
[2025-09-28 04:06:39] ALARM Node4 Network timeout
[2025-09-28 04:06:41] ALARM Node1 Node unreachable
[2025-09-28 04:06:44] INFO Node2 Heartbeat OK
[2025-09-28 04:06:48] WARN Node2 CPU usage high
[2025-09-28 04:06:53] WARN Node2 Disk I/O performance degraded
[2025-09-28 04:07:09] ALARM Node3 Node unreachable
[2025-09-28 04:07:15] INFO Node3 Backup completed
[2025-09-28 04:07:33] INFO Node4 Heartbeat OK
[2025-09-28 04:07:41] INFO Node2 Connection established
[2025-09-28 04:07:49] INFO Node1 Heartbeat OK
[2025-09-28 04:07:50] INFO Node4 Backup completed
[2025-09-28 04:08:02] INFO Node1 Storage service started
[2025-09-28 04:08:04] WARN Node4 CPU usage high
[2025-09-28 04:08:20] WARN Node2 Disk I/O performance degraded
[2025-09-28 04:08:39] INFO Node3 Storage service started
[2025-09-28 04:08:50] ALARM Node1 Node unreachable
[2025-09-28 04:09:00] WARN Node1 High latency detected
[2025-09-28 04:09:13] ALARM Node3 Network timeout
[2025-09-28 04:09:23] WARN Node3 Disk I/O performance degraded
[2025-09-28 04:09:39] WARN Node4 Disk I/O performance degraded
[2025-09-28 04:09:47] INFO Node4 Replication successful
[2025-09-28 04:09:59] WARN Node2 Network jitter observed
[2025-09-28 04:10:00] WARN Node2 CPU usage high
[2025-09-28 04:10:20] WARN Node3 Memory usage high
[2025-09-28 04:10:35] ALARM Node4 Critical data loss risk
[2025-09-28 04:10:36] WARN Node3 CPU usage high
[2025-09-28 04:10:49] WARN Node3 Network jitter observed
[2025-09-28 04:11:02] ALARM Node2 Critical data loss risk
[2025-09-28 04:11:06] WARN Node4 CPU usage high
[2025-09-28 04:11:19] INFO Node4 Backup completed
[2025-09-28 04:11:36] INFO Node4 Heartbeat OK
[2025-09-28 04:11:53] WARN Node2 Disk I/O performance degraded
[2025-09-28 04:12:12] ALARM Node4 Network latency critical
[2025-09-28 04:12:26] WARN Node2 Network jitter observed
[2025-09-28 04:12:27] WARN Node1 Memory usage high
[2025-09-28 04:12:38] WARN Node4 CPU usage high
[2025-09-28 04:12:46] ALARM Node4 Network latency critical
[2025-09-28 04:12:48] WARN Node2 CPU usage high
[2025-09-28 04:13:04] INFO Node2 Replication successful
[2025-09-28 04:13:21] INFO Node3 Heartbeat OK
[2025-09-28 04:13:23] WARN Node1 High latency detected
[2025-09-28 04:13:39] WARN Node4 Network jitter observed
[2025-09-28 04:13:48] WARN Node3 High latency detected
[2025-09-28 04:14:00] WARN Node4 High latency detected
[2025-09-28 04:14:17] INFO Node2 Heartbeat OK
[2025-09-28 04:14:35] WARN Node4 Network jitter observed
[2025-09-28 04:14:44] ALARM Node2 Network timeout
[2025-09-28 04:14:59] ALARM Node2 Critical data loss risk
[2025-09-28 04:15:02] WARN Node3 CPU usage high
[2025-09-28 04:15:11] WARN Node3 Network jitter observed
[2025-09-28 04:15:18] WARN Node4 High latency detected
[2025-09-28 04:15:23] INFO Node1 Storage service started
[2025-09-28 04:15:40] INFO Node1 Backup completed
[2025-09-28 04:15:51] INFO Node3 Storage service started
[2025-09-28 04:16:06] ALARM Node2 Network timeout
[2025-09-28 04:16:17] ALARM Node2 Critical data loss risk
[2025-09-28 04:16:21] WARN Node4 High latency detected
[2025-09-28 04:16:37] ALARM Node3 Critical data loss risk
[2025-09-28 04:16:50] WARN Node2 CPU usage high
[2025-09-28 04:16:58] WARN Node4 Memory usage high
[2025-09-28 04:17:17] INFO Node4 Storage service started
[2025-09-28 04:17:18] WARN Node3 Disk I/O performance degraded
[2025-09-28 04:17:31] INFO Node2 Backup completed
[2025-09-28 04:17:32] INFO Node3 Backup completed
[2025-09-28 04:17:49] WARN Node3 Disk I/O performance degraded
[2025-09-28 04:17:56] ALARM Node2 Network latency critical
[2025-09-28 04:18:00] WARN Node1 Disk I/O performance degraded
[2025-09-28 04:18:04] WARN Node2 Network jitter observed
[2025-09-28 04:18:08] ALARM Node3 Critical data loss risk
[2025-09-28 04:18:11] WARN Node4 Memory usage high
[2025-09-28 04:18:27] ALARM Node1 Network timeout
[2025-09-28 04:18:45] ALARM Node1 Network timeout
[2025-09-28 04:18:58] INFO Node4 Backup completed
[2025-09-28 04:19:18] ALARM Node3 Network latency critical
[2025-09-28 04:19:24] ALARM Node2 Critical data loss risk
[2025-09-28 04:19:43] ALARM Node1 Disk failed
[2025-09-28 04:20:02] INFO Node2 Heartbeat OK
[2025-09-28 04:20:06] ALARM Node1 Network latency critical
[2025-09-28 04:20:08] INFO Node1 Backup completed
[2025-09-28 04:20:10] INFO Node2 Heartbeat OK
[2025-09-28 04:20:15] WARN Node4 Memory usage high
[2025-09-28 04:20:30] INFO Node1 Backup completed
[2025-09-28 04:20:42] WARN Node3 CPU usage high
[2025-09-28 04:20:45] WARN Node1 Memory usage high
[2025-09-28 04:20:59] WARN Node4 Memory usage high
[2025-09-28 04:21:15] WARN Node2 CPU usage high
[2025-09-28 04:21:21] INFO Node4 Replication successful
[2025-09-28 04:21:41] ALARM Node4 Critical data loss risk
[2025-09-28 04:21:47] INFO Node1 Replication successful
[2025-09-28 04:22:03] INFO Node3 Storage service started
[2025-09-28 04:22:22] ALARM Node3 Network timeout
[2025-09-28 04:22:26] WARN Node3 Disk I/O performance degraded
[2025-09-28 04:22:37] ALARM Node3 Network latency critical
[2025-09-28 04:22:43] WARN Node2 Memory usage high
[2025-09-28 04:22:51] ALARM Node4 Network latency critical
[2025-09-28 04:23:07] INFO Node3 Connection established
[2025-09-28 04:23:27] INFO Node3 Replication successful
[2025-09-28 04:23:37] WARN Node1 CPU usage high
[2025-09-28 04:23:48] ALARM Node4 Network latency critical
[2025-09-28 04:24:01] WARN Node1 High latency detected
[2025-09-28 04:24:08] ALARM Node2 Network latency critical
[2025-09-28 04:24:27] ALARM Node4 Disk failed
[2025-09-28 04:24:46] WARN Node1 Network jitter observed
[2025-09-28 04:24:58] WARN Node2 High latency detected
[2025-09-28 04:24:59] ALARM Node1 Network latency critical
[2025-09-28 04:25:04] INFO Node3 Backup completed
[2025-09-28 04:25:10] WARN Node4 Memory usage high
[2025-09-28 04:25:11] WARN Node4 CPU usage high
[2025-09-28 04:25:25] WARN Node3 CPU usage high
[2025-09-28 04:25:26] INFO Node2 Connection established
[2025-09-28 04:25:42] INFO Node4 Heartbeat OK
[2025-09-28 04:25:47] ALARM Node2 Network latency critical
[2025-09-28 04:25:56] WARN Node4 CPU usage high
[2025-09-28 04:26:13] INFO Node4 Storage service started
[2025-09-28 04:26:32] WARN Node1 High latency detected
[2025-09-28 04:26:48] WARN Node1 High latency detected
[2025-09-28 04:26:57] ALARM Node4 Network timeout
[2025-09-28 04:27:14] INFO Node2 Heartbeat OK
[2025-09-28 04:27:15] ALARM Node3 Node unreachable
[2025-09-28 04:27:35] ALARM Node1 Node unreachable
[2025-09-28 04:27:43] WARN Node1 Disk I/O performance degraded
[2025-09-28 04:27:57] INFO Node3 Backup completed
[2025-09-28 04:27:59] WARN Node4 High latency detected
[2025-09-28 04:28:05] ALARM Node1 Node unreachable
[2025-09-28 04:28:18] INFO Node1 Connection established
[2025-09-28 04:28:30] INFO Node3 Heartbeat OK
[2025-09-28 04:28:35] ALARM Node1 Node unreachable
[2025-09-28 04:28:37] WARN Node3 CPU usage high
[2025-09-28 04:28:46] INFO Node3 Connection established
[2025-09-28 04:28:52] WARN Node2 CPU usage high
[2025-09-28 04:28:53] INFO Node1 Connection established
[2025-09-28 04:28:59] ALARM Node3 Network timeout
[2025-09-28 04:29:13] ALARM Node1 Network latency critical
[2025-09-28 04:29:33] ALARM Node4 Node unreachable
[2025-09-28 04:29:37] ALARM Node1 Critical data loss risk
[2025-09-28 04:29:44] INFO Node4 Connection established
[2025-09-28 04:29:55] INFO Node3 Backup completed
[2025-09-28 04:29:58] ALARM Node4 Network latency critical
[2025-09-28 04:30:16] INFO Node2 Replication successful
[2025-09-28 04:30:20] INFO Node4 Replication successful
[2025-09-28 04:30:37] INFO Node4 Replication successful
[2025-09-28 04:30:57] ALARM Node1 Network latency critical
[2025-09-28 04:31:05] ALARM Node4 Disk failed
[2025-09-28 04:31:07] INFO Node4 Storage service started
[2025-09-28 04:31:15] INFO Node1 Storage service started
[2025-09-28 04:31:25] ALARM Node1 Node unreachable
[2025-09-28 04:31:44] INFO Node2 Replication successful
[2025-09-28 04:31:47] WARN Node3 CPU usage high
[2025-09-28 04:32:05] INFO Node4 Heartbeat OK
[2025-09-28 04:32:18] WARN Node2 CPU usage high
[2025-09-28 04:32:31] INFO Node3 Backup completed
[2025-09-28 04:32:36] INFO Node4 Backup completed
[2025-09-28 04:32:50] ALARM Node2 Network latency critical
[2025-09-28 04:33:05] WARN Node4 High latency detected
[2025-09-28 04:33:14] ALARM Node4 Critical data loss risk
[2025-09-28 04:33:20] WARN Node1 High latency detected
[2025-09-28 04:33:38] INFO Node2 Connection established
[2025-09-28 04:33:57] WARN Node1 Network jitter observed
[2025-09-28 04:34:09] INFO Node2 Backup completed
[2025-09-28 04:34:20] ALARM Node1 Critical data loss risk
[2025-09-28 04:34:37] INFO Node2 Heartbeat OK
[2025-09-28 04:34:48] ALARM Node4 Disk failed
[2025-09-28 04:34:51] INFO Node1 Connection established
[2025-09-28 04:34:57] WARN Node1 Disk I/O performance degraded
[2025-09-28 04:35:10] ALARM Node1 Critical data loss risk
[2025-09-28 04:35:25] ALARM Node3 Node unreachable
[2025-09-28 04:35:35] WARN Node3 Network jitter observed
[2025-09-28 04:35:40] INFO Node4 Storage service started
[2025-09-28 04:35:56] ALARM Node2 Critical data loss risk
[2025-09-28 04:35:57] INFO Node1 Storage service started
[2025-09-28 04:35:59] ALARM Node2 Disk failed
[2025-09-28 04:36:13] WARN Node1 CPU usage high
[2025-09-28 04:36:22] WARN Node1 CPU usage high
[2025-09-28 04:36:31] INFO Node4 Heartbeat OK
[2025-09-28 04:36:32] WARN Node4 Disk I/O performance degraded
[2025-09-28 04:36:47] INFO Node4 Replication successful
[2025-09-28 04:37:02] ALARM Node2 Critical data loss risk
[2025-09-28 04:37:11] WARN Node3 Disk I/O performance degraded
[2025-09-28 04:37:28] ALARM Node4 Node unreachable
[2025-09-28 04:37:36] ALARM Node2 Node unreachable
[2025-09-28 04:37:47] WARN Node2 Disk I/O performance degraded
[2025-09-28 04:37:54] ALARM Node3 Network latency critical
[2025-09-28 04:38:08] INFO Node2 Backup completed
[2025-09-28 04:38:27] INFO Node4 Replication successful
[2025-09-28 04:38:42] WARN Node4 High latency detected
[2025-09-28 04:38:53] INFO Node4 Heartbeat OK
[2025-09-28 04:38:55] ALARM Node2 Network latency critical
[2025-09-28 04:39:14] WARN Node1 Network jitter observed
[2025-09-28 04:39:19] INFO Node3 Connection established
[2025-09-28 04:39:27] WARN Node3 Disk I/O performance degraded
[2025-09-28 04:39:28] INFO Node3 Backup completed
[2025-09-28 04:39:34] INFO Node4 Heartbeat OK
[2025-09-28 04:39:51] ALARM Node4 Network latency critical
[2025-09-28 04:39:58] ALARM Node1 Network timeout
[2025-09-28 04:40:12] ALARM Node3 Critical data loss risk
[2025-09-28 04:40:21] WARN Node1 Network jitter observed
[2025-09-28 04:40:23] ALARM Node4 Critical data loss risk
[2025-09-28 04:40:33] ALARM Node3 Network latency critical
[2025-09-28 04:40:34] INFO Node3 Storage service started
[2025-09-28 04:40:46] ALARM Node2 Node unreachable
[2025-09-28 04:40:53] WARN Node1 Network jitter observed
[2025-09-28 04:41:10] WARN Node3 Network jitter observed
[2025-09-28 04:41:25] ALARM Node1 Disk failed
[2025-09-28 04:41:28] INFO Node1 Backup completed
[2025-09-28 04:41:36] ALARM Node2 Disk failed
[2025-09-28 04:41:50] INFO Node4 Storage service started
[2025-09-28 04:41:56] INFO Node4 Replication successful
[2025-09-28 04:42:00] ALARM Node4 Critical data loss risk
[2025-09-28 04:42:15] ALARM Node1 Network timeout
[2025-09-28 04:42:16] WARN Node4 High latency detected
[2025-09-28 04:42:26] WARN Node1 Memory usage high
[2025-09-28 04:42:35] WARN Node1 Disk I/O performance degraded
[2025-09-28 04:42:54] INFO Node1 Replication successful
[2025-09-28 04:43:11] ALARM Node2 Network timeout
[2025-09-28 04:43:26] INFO Node4 Heartbeat OK
[2025-09-28 04:43:34] INFO Node2 Connection established
[2025-09-28 04:43:47] WARN Node2 Disk I/O performance degraded
[2025-09-28 04:44:05] INFO Node3 Connection established
[2025-09-28 04:44:22] WARN Node2 CPU usage high
[2025-09-28 04:44:25] WARN Node1 Memory usage high
[2025-09-28 04:44:37] INFO Node4 Heartbeat OK
[2025-09-28 04:44:42] WARN Node4 Memory usage high
[2025-09-28 04:44:51] ALARM Node2 Critical data loss risk
[2025-09-28 04:45:06] ALARM Node2 Critical data loss risk
[2025-09-28 04:45:20] WARN Node3 Network jitter observed
[2025-09-28 04:45:23] INFO Node1 Connection established
[2025-09-28 04:45:33] INFO Node1 Heartbeat OK
[2025-09-28 04:45:36] INFO Node2 Replication successful
[2025-09-28 04:45:56] WARN Node4 Disk I/O performance degraded
[2025-09-28 04:46:05] ALARM Node2 Disk failed
[2025-09-28 04:46:24] WARN Node4 Disk I/O performance degraded
[2025-09-28 04:46:25] ALARM Node2 Network timeout
[2025-09-28 04:46:41] ALARM Node2 Network timeout
[2025-09-28 04:46:57] ALARM Node4 Network timeout
[2025-09-28 04:47:02] INFO Node4 Connection established
[2025-09-28 04:47:03] INFO Node2 Heartbeat OK
[2025-09-28 04:47:14] ALARM Node4 Critical data loss risk
[2025-09-28 04:47:18] ALARM Node2 Network timeout
[2025-09-28 04:47:34] WARN Node1 High latency detected
[2025-09-28 04:47:52] INFO Node3 Replication successful
[2025-09-28 04:47:59] WARN Node1 High latency detected
[2025-09-28 04:48:18] WARN Node1 Network jitter observed
[2025-09-28 04:48:37] WARN Node2 CPU usage high
[2025-09-28 04:48:50] ALARM Node3 Critical data loss risk
[2025-09-28 04:49:01] WARN Node4 High latency detected
[2025-09-28 04:49:15] WARN Node3 CPU usage high
[2025-09-28 04:49:32] ALARM Node4 Node unreachable
[2025-09-28 04:49:49] WARN Node3 Memory usage high
[2025-09-28 04:49:53] ALARM Node3 Node unreachable
[2025-09-28 04:50:12] WARN Node4 Network jitter observed
[2025-09-28 04:50:13] ALARM Node1 Network latency critical
[2025-09-28 04:50:19] ALARM Node3 Critical data loss risk
[2025-09-28 04:50:21] ALARM Node3 Network latency critical
[2025-09-28 04:50:31] INFO Node1 Heartbeat OK
[2025-09-28 04:50:43] WARN Node1 Network jitter observed
[2025-09-28 04:50:46] WARN Node1 Disk I/O performance degraded
[2025-09-28 04:50:53] WARN Node1 Disk I/O performance degraded
[2025-09-28 04:51:11] ALARM Node2 Disk failed
[2025-09-28 04:51:28] INFO Node2 Storage service started
[2025-09-28 04:51:48] WARN Node2 High latency detected
[2025-09-28 04:51:51] INFO Node3 Heartbeat OK
[2025-09-28 04:51:57] ALARM Node1 Disk failed
[2025-09-28 04:52:13] WARN Node4 Network jitter observed
[2025-09-28 04:52:14] ALARM Node4 Network timeout
[2025-09-28 04:52:30] INFO Node1 Storage service started
[2025-09-28 04:52:37] WARN Node2 Disk I/O performance degraded
[2025-09-28 04:52:54] ALARM Node2 Network timeout
[2025-09-28 04:52:56] WARN Node2 CPU usage high
[2025-09-28 04:53:08] WARN Node3 Disk I/O performance degraded
[2025-09-28 04:53:12] ALARM Node4 Disk failed
[2025-09-28 04:53:30] WARN Node2 Network jitter observed
[2025-09-28 04:53:34] ALARM Node2 Network latency critical
[2025-09-28 04:53:38] ALARM Node3 Disk failed
[2025-09-28 04:53:51] INFO Node4 Connection established
[2025-09-28 04:54:01] INFO Node2 Replication successful
[2025-09-28 04:54:07] ALARM Node2 Network timeout
[2025-09-28 04:54:24] WARN Node1 Memory usage high
[2025-09-28 04:54:26] ALARM Node2 Network timeout
[2025-09-28 04:54:41] INFO Node2 Storage service started
[2025-09-28 04:54:50] ALARM Node4 Network timeout
[2025-09-28 04:54:54] INFO Node4 Heartbeat OK
[2025-09-28 04:55:00] ALARM Node3 Network latency critical
[2025-09-28 04:55:10] WARN Node1 High latency detected
[2025-09-28 04:55:26] ALARM Node3 Network latency critical
[2025-09-28 04:55:31] ALARM Node4 Network timeout
[2025-09-28 04:55:32] ALARM Node1 Network latency critical
[2025-09-28 04:55:43] WARN Node1 Network jitter observed
[2025-09-28 04:55:53] ALARM Node3 Disk failed
[2025-09-28 04:55:58] WARN Node2 Memory usage high
[2025-09-28 04:56:02] WARN Node1 High latency detected
[2025-09-28 04:56:07] ALARM Node1 Critical data loss risk
[2025-09-28 04:56:12] WARN Node1 Memory usage high
[2025-09-28 04:56:25] ALARM Node2 Critical data loss risk
[2025-09-28 04:56:43] INFO Node1 Backup completed
[2025-09-28 04:56:52] WARN Node4 Network jitter observed
[2025-09-28 04:57:07] ALARM Node1 Network timeout
[2025-09-28 04:57:13] INFO Node3 Replication successful
[2025-09-28 04:57:25] ALARM Node3 Disk failed
[2025-09-28 04:57:35] INFO Node2 Heartbeat OK
[2025-09-28 04:57:52] WARN Node3 High latency detected
[2025-09-28 04:58:08] WARN Node1 High latency detected
[2025-09-28 04:58:15] ALARM Node3 Node unreachable
[2025-09-28 04:58:19] WARN Node2 Network jitter observed
[2025-09-28 04:58:33] ALARM Node1 Network timeout
[2025-09-28 04:58:53] WARN Node3 Disk I/O performance degraded
[2025-09-28 04:59:00] ALARM Node3 Critical data loss risk
[2025-09-28 04:59:09] ALARM Node1 Network timeout
[2025-09-28 04:59:22] INFO Node4 Heartbeat OK
[2025-09-28 04:59:24] WARN Node2 CPU usage high
[2025-09-28 04:59:32] ALARM Node2 Network timeout
[2025-09-28 04:59:39] WARN Node2 Disk I/O performance degraded
[2025-09-28 04:59:48] INFO Node2 Connection established
[2025-09-28 04:59:55] INFO Node4 Replication successful
[2025-09-28 05:00:05] ALARM Node3 Node unreachable
[2025-09-28 05:00:25] ALARM Node2 Disk failed
[2025-09-28 05:00:43] INFO Node3 Replication successful
[2025-09-28 05:00:52] INFO Node3 Backup completed
[2025-09-28 05:01:10] ALARM Node4 Critical data loss risk
[2025-09-28 05:01:28] ALARM Node4 Disk failed
[2025-09-28 05:01:47] INFO Node4 Heartbeat OK
[2025-09-28 05:02:01] WARN Node4 Disk I/O performance degraded
[2025-09-28 05:02:14] ALARM Node4 Network latency critical
[2025-09-28 05:02:22] INFO Node2 Storage service started
[2025-09-28 05:02:35] ALARM Node1 Critical data loss risk
[2025-09-28 05:02:55] WARN Node4 CPU usage high
[2025-09-28 05:03:05] WARN Node1 Network jitter observed
[2025-09-28 05:03:12] ALARM Node3 Critical data loss risk
[2025-09-28 05:03:25] WARN Node4 Disk I/O performance degraded
[2025-09-28 05:03:35] ALARM Node4 Critical data loss risk
[2025-09-28 05:03:36] ALARM Node1 Network timeout
[2025-09-28 05:03:54] WARN Node3 High latency detected
[2025-09-28 05:04:02] WARN Node2 Memory usage high
[2025-09-28 05:04:11] INFO Node4 Heartbeat OK
[2025-09-28 05:04:28] ALARM Node3 Network timeout
[2025-09-28 05:04:44] INFO Node1 Replication successful
[2025-09-28 05:04:56] WARN Node1 Network jitter observed
[2025-09-28 05:05:04] INFO Node3 Connection established
[2025-09-28 05:05:10] WARN Node2 CPU usage high
[2025-09-28 05:05:13] ALARM Node1 Disk failed
[2025-09-28 05:05:24] ALARM Node4 Critical data loss risk
[2025-09-28 05:05:36] WARN Node2 Memory usage high
[2025-09-28 05:05:50] INFO Node2 Backup completed
[2025-09-28 05:05:51] ALARM Node2 Node unreachable
[2025-09-28 05:06:08] INFO Node3 Storage service started
[2025-09-28 05:06:14] INFO Node4 Connection established
[2025-09-28 05:06:30] WARN Node2 High latency detected
[2025-09-28 05:06:32] INFO Node2 Replication successful
[2025-09-28 05:06:35] ALARM Node3 Network timeout
[2025-09-28 05:06:54] WARN Node3 CPU usage high
[2025-09-28 05:07:13] INFO Node3 Storage service started
[2025-09-28 05:07:25] ALARM Node4 Node unreachable
[2025-09-28 05:07:40] ALARM Node3 Network latency critical
[2025-09-28 05:07:45] INFO Node3 Heartbeat OK
[2025-09-28 05:08:03] ALARM Node3 Critical data loss risk
[2025-09-28 05:08:19] ALARM Node4 Critical data loss risk
[2025-09-28 05:08:27] ALARM Node4 Critical data loss risk
[2025-09-28 05:08:42] WARN Node2 Memory usage high
[2025-09-28 05:08:57] INFO Node1 Heartbeat OK
[2025-09-28 05:09:02] WARN Node4 CPU usage high
[2025-09-28 05:09:11] INFO Node2 Replication successful
[2025-09-28 05:09:29] ALARM Node4 Node unreachable
[2025-09-28 05:09:30] INFO Node4 Connection established
[2025-09-28 05:09:34] ALARM Node3 Network latency critical
[2025-09-28 05:09:40] INFO Node3 Connection established
[2025-09-28 05:09:52] INFO Node3 Heartbeat OK
[2025-09-28 05:10:01] INFO Node4 Backup completed
[2025-09-28 05:10:05] ALARM Node2 Network timeout
[2025-09-28 05:10:09] INFO Node3 Connection established
[2025-09-28 05:10:26] INFO Node1 Connection established
[2025-09-28 05:10:36] WARN Node4 Disk I/O performance degraded
[2025-09-28 05:10:53] INFO Node2 Storage service started
[2025-09-28 05:11:08] ALARM Node2 Critical data loss risk
[2025-09-28 05:11:26] WARN Node1 Memory usage high
[2025-09-28 05:11:43] WARN Node2 CPU usage high
[2025-09-28 05:11:51] ALARM Node2 Critical data loss risk
[2025-09-28 05:11:53] ALARM Node1 Network latency critical
[2025-09-28 05:12:02] INFO Node2 Connection established
[2025-09-28 05:12:13] ALARM Node4 Network timeout
[2025-09-28 05:12:21] ALARM Node4 Network latency critical
[2025-09-28 05:12:24] ALARM Node3 Node unreachable
[2025-09-28 05:12:38] INFO Node2 Replication successful
[2025-09-28 05:12:54] INFO Node1 Storage service started
[2025-09-28 05:12:59] INFO Node4 Storage service started
[2025-09-28 05:13:08] ALARM Node3 Critical data loss risk
[2025-09-28 05:13:27] ALARM Node4 Network latency critical
[2025-09-28 05:13:35] WARN Node3 High latency detected
[2025-09-28 05:13:46] INFO Node3 Heartbeat OK
[2025-09-28 05:13:53] ALARM Node1 Network latency critical
[2025-09-28 05:14:10] INFO Node4 Connection established
[2025-09-28 05:14:18] INFO Node1 Heartbeat OK
[2025-09-28 05:14:26] ALARM Node2 Node unreachable
[2025-09-28 05:14:33] INFO Node1 Storage service started
[2025-09-28 05:14:49] WARN Node1 CPU usage high
[2025-09-28 05:14:55] INFO Node4 Backup completed
[2025-09-28 05:15:15] ALARM Node3 Disk failed
[2025-09-28 05:15:18] WARN Node3 CPU usage high
[2025-09-28 05:15:38] INFO Node2 Heartbeat OK
[2025-09-28 05:15:42] INFO Node4 Connection established
[2025-09-28 05:16:00] INFO Node2 Heartbeat OK
[2025-09-28 05:16:05] WARN Node3 High latency detected
[2025-09-28 05:16:18] WARN Node1 CPU usage high
[2025-09-28 05:16:37] ALARM Node3 Node unreachable
[2025-09-28 05:16:49] WARN Node3 CPU usage high
[2025-09-28 05:16:57] WARN Node3 Memory usage high
[2025-09-28 05:17:09] ALARM Node2 Critical data loss risk
[2025-09-28 05:17:14] INFO Node4 Replication successful
[2025-09-28 05:17:26] INFO Node1 Backup completed
[2025-09-28 05:17:30] INFO Node4 Connection established
[2025-09-28 05:17:41] WARN Node4 High latency detected
[2025-09-28 05:17:44] ALARM Node1 Disk failed
[2025-09-28 05:17:51] WARN Node1 Disk I/O performance degraded
[2025-09-28 05:17:57] ALARM Node2 Node unreachable
[2025-09-28 05:18:17] WARN Node3 Network jitter observed
[2025-09-28 05:18:30] ALARM Node3 Critical data loss risk
[2025-09-28 05:18:40] INFO Node4 Connection established
[2025-09-28 05:19:00] INFO Node4 Storage service started
[2025-09-28 05:19:02] WARN Node3 Network jitter observed
[2025-09-28 05:19:07] WARN Node1 Disk I/O performance degraded
[2025-09-28 05:19:22] INFO Node4 Backup completed
[2025-09-28 05:19:26] INFO Node4 Replication successful
[2025-09-28 05:19:32] WARN Node2 Disk I/O performance degraded
[2025-09-28 05:19:52] ALARM Node2 Network latency critical
[2025-09-28 05:19:55] WARN Node4 CPU usage high
[2025-09-28 05:20:01] INFO Node3 Heartbeat OK
[2025-09-28 05:20:14] WARN Node4 Disk I/O performance degraded
[2025-09-28 05:20:15] ALARM Node4 Disk failed
[2025-09-28 05:20:17] ALARM Node2 Node unreachable
[2025-09-28 05:20:26] WARN Node4 Memory usage high
[2025-09-28 05:20:44] ALARM Node3 Network timeout
[2025-09-28 05:20:51] WARN Node4 CPU usage high
[2025-09-28 05:21:06] WARN Node2 Memory usage high
[2025-09-28 05:21:18] WARN Node4 Disk I/O performance degraded
[2025-09-28 05:21:35] INFO Node4 Storage service started
[2025-09-28 05:21:39] WARN Node3 Memory usage high
[2025-09-28 05:21:49] ALARM Node1 Node unreachable
[2025-09-28 05:21:52] ALARM Node3 Network timeout
[2025-09-28 05:22:01] ALARM Node4 Network timeout
[2025-09-28 05:22:07] ALARM Node3 Network latency critical
[2025-09-28 05:22:20] WARN Node1 High latency detected
[2025-09-28 05:22:39] ALARM Node2 Disk failed
[2025-09-28 05:22:52] WARN Node4 CPU usage high
[2025-09-28 05:22:59] WARN Node3 Network jitter observed
[2025-09-28 05:23:07] WARN Node2 Memory usage high
[2025-09-28 05:23:26] INFO Node1 Storage service started
[2025-09-28 05:23:37] WARN Node3 Network jitter observed
[2025-09-28 05:23:48] WARN Node4 Disk I/O performance degraded
[2025-09-28 05:23:50] INFO Node4 Heartbeat OK
[2025-09-28 05:23:59] WARN Node1 Disk I/O performance degraded
[2025-09-28 05:24:17] ALARM Node1 Network timeout
[2025-09-28 05:24:21] WARN Node3 CPU usage high
[2025-09-28 05:24:34] WARN Node3 Network jitter observed
[2025-09-28 05:24:53] WARN Node4 Disk I/O performance degraded
[2025-09-28 05:25:11] INFO Node3 Heartbeat OK
[2025-09-28 05:25:28] WARN Node2 CPU usage high
[2025-09-28 05:25:48] WARN Node2 Network jitter observed
[2025-09-28 05:25:52] ALARM Node1 Network timeout
[2025-09-28 05:26:10] WARN Node4 CPU usage high
[2025-09-28 05:26:16] ALARM Node4 Network timeout
[2025-09-28 05:26:30] INFO Node2 Heartbeat OK
[2025-09-28 05:26:31] INFO Node4 Replication successful
[2025-09-28 05:26:45] WARN Node1 Network jitter observed
[2025-09-28 05:26:57] WARN Node2 Memory usage high
[2025-09-28 05:27:17] INFO Node1 Connection established
[2025-09-28 05:27:26] ALARM Node2 Network timeout
[2025-09-28 05:27:30] INFO Node4 Storage service started
[2025-09-28 05:27:31] WARN Node4 High latency detected
[2025-09-28 05:27:45] WARN Node4 High latency detected
[2025-09-28 05:28:04] ALARM Node4 Disk failed
[2025-09-28 05:28:06] ALARM Node1 Critical data loss risk
[2025-09-28 05:28:26] WARN Node2 Disk I/O performance degraded
[2025-09-28 05:28:32] INFO Node3 Connection established
[2025-09-28 05:28:46] ALARM Node2 Network latency critical
[2025-09-28 05:28:52] INFO Node3 Replication successful
[2025-09-28 05:28:55] WARN Node3 CPU usage high
[2025-09-28 05:29:11] INFO Node4 Storage service started
[2025-09-28 05:29:31] ALARM Node2 Critical data loss risk
[2025-09-28 05:29:36] ALARM Node4 Node unreachable
[2025-09-28 05:29:45] ALARM Node3 Node unreachable
[2025-09-28 05:30:00] WARN Node3 Network jitter observed
[2025-09-28 05:30:08] ALARM Node4 Disk failed
[2025-09-28 05:30:19] INFO Node2 Replication successful
[2025-09-28 05:30:31] INFO Node2 Storage service started
[2025-09-28 05:30:43] WARN Node2 High latency detected
[2025-09-28 05:30:46] WARN Node2 High latency detected
[2025-09-28 05:30:50] INFO Node4 Replication successful
[2025-09-28 05:30:53] INFO Node3 Storage service started
[2025-09-28 05:30:57] INFO Node1 Replication successful
[2025-09-28 05:31:04] ALARM Node3 Node unreachable
[2025-09-28 05:31:05] INFO Node2 Heartbeat OK
[2025-09-28 05:31:20] ALARM Node3 Network timeout
[2025-09-28 05:31:34] INFO Node2 Storage service started
[2025-09-28 05:31:36] WARN Node3 High latency detected
[2025-09-28 05:31:51] ALARM Node3 Node unreachable
[2025-09-28 05:32:09] INFO Node4 Connection established
[2025-09-28 05:32:25] WARN Node2 CPU usage high
[2025-09-28 05:32:42] ALARM Node4 Critical data loss risk
[2025-09-28 05:32:44] ALARM Node3 Node unreachable
[2025-09-28 05:32:57] INFO Node2 Storage service started
[2025-09-28 05:33:05] WARN Node4 Network jitter observed
[2025-09-28 05:33:13] INFO Node4 Storage service started
[2025-09-28 05:33:14] ALARM Node2 Node unreachable
[2025-09-28 05:33:15] INFO Node3 Heartbeat OK
[2025-09-28 05:33:23] ALARM Node2 Network latency critical
[2025-09-28 05:33:33] WARN Node4 High latency detected
[2025-09-28 05:33:52] INFO Node1 Heartbeat OK
[2025-09-28 05:34:11] ALARM Node1 Network timeout
[2025-09-28 05:34:19] INFO Node1 Storage service started
[2025-09-28 05:34:38] INFO Node1 Connection established
[2025-09-28 05:34:52] ALARM Node3 Network timeout
[2025-09-28 05:35:11] ALARM Node2 Disk failed
[2025-09-28 05:35:25] INFO Node1 Replication successful
[2025-09-28 05:35:30] ALARM Node4 Network latency critical
[2025-09-28 05:35:46] ALARM Node1 Network latency critical
[2025-09-28 05:36:01] ALARM Node1 Critical data loss risk
[2025-09-28 05:36:19] INFO Node2 Connection established
[2025-09-28 05:36:30] WARN Node4 High latency detected
[2025-09-28 05:36:44] WARN Node4 Memory usage high
[2025-09-28 05:36:46] WARN Node2 Network jitter observed
[2025-09-28 05:36:54] ALARM Node1 Disk failed
[2025-09-28 05:37:10] ALARM Node1 Critical data loss risk
[2025-09-28 05:37:14] WARN Node1 CPU usage high
[2025-09-28 05:37:30] ALARM Node1 Node unreachable
[2025-09-28 05:37:33] WARN Node4 Network jitter observed
[2025-09-28 05:37:35] WARN Node1 High latency detected
[2025-09-28 05:37:45] WARN Node4 Memory usage high
[2025-09-28 05:37:51] WARN Node4 Disk I/O performance degraded
[2025-09-28 05:37:57] INFO Node4 Heartbeat OK
[2025-09-28 05:38:13] WARN Node3 Network jitter observed
[2025-09-28 05:38:24] ALARM Node2 Critical data loss risk
[2025-09-28 05:38:43] ALARM Node1 Node unreachable
[2025-09-28 05:38:59] WARN Node3 CPU usage high
[2025-09-28 05:39:04] WARN Node1 Network jitter observed
[2025-09-28 05:39:07] WARN Node3 Network jitter observed
[2025-09-28 05:39:13] WARN Node1 Disk I/O performance degraded
[2025-09-28 05:39:31] ALARM Node4 Disk failed
[2025-09-28 05:39:34] INFO Node4 Storage service started
[2025-09-28 05:39:48] INFO Node1 Connection established
[2025-09-28 05:39:59] WARN Node2 High latency detected
[2025-09-28 05:40:15] ALARM Node1 Disk failed
[2025-09-28 05:40:27] ALARM Node3 Critical data loss risk
[2025-09-28 05:40:28] ALARM Node2 Network timeout
[2025-09-28 05:40:36] ALARM Node3 Node unreachable
[2025-09-28 05:40:49] INFO Node3 Replication successful
[2025-09-28 05:41:09] ALARM Node3 Network timeout
[2025-09-28 05:41:21] ALARM Node4 Node unreachable
[2025-09-28 05:41:35] ALARM Node4 Network timeout
[2025-09-28 05:41:37] ALARM Node4 Critical data loss risk
[2025-09-28 05:41:51] WARN Node4 CPU usage high
[2025-09-28 05:42:04] INFO Node3 Heartbeat OK
[2025-09-28 05:42:05] WARN Node2 High latency detected
[2025-09-28 05:42:21] WARN Node4 High latency detected
[2025-09-28 05:42:23] INFO Node1 Heartbeat OK
[2025-09-28 05:42:37] ALARM Node3 Disk failed
[2025-09-28 05:42:52] INFO Node3 Replication successful
[2025-09-28 05:42:53] ALARM Node1 Network timeout
[2025-09-28 05:42:57] WARN Node3 High latency detected
[2025-09-28 05:43:08] INFO Node3 Replication successful
[2025-09-28 05:43:11] WARN Node1 High latency detected
[2025-09-28 05:43:15] ALARM Node3 Network timeout
[2025-09-28 05:43:16] ALARM Node2 Node unreachable
[2025-09-28 05:43:21] INFO Node2 Replication successful
[2025-09-28 05:43:30] ALARM Node4 Critical data loss risk
[2025-09-28 05:43:48] INFO Node3 Heartbeat OK
[2025-09-28 05:43:49] WARN Node3 Disk I/O performance degraded
[2025-09-28 05:44:03] WARN Node3 CPU usage high
[2025-09-28 05:44:10] INFO Node1 Backup completed
[2025-09-28 05:44:25] WARN Node4 High latency detected
[2025-09-28 05:44:43] ALARM Node4 Network latency critical
[2025-09-28 05:44:46] INFO Node1 Connection established
[2025-09-28 05:45:05] INFO Node3 Backup completed
[2025-09-28 05:45:19] INFO Node4 Replication successful
[2025-09-28 05:45:25] ALARM Node3 Critical data loss risk
[2025-09-28 05:45:35] WARN Node4 High latency detected
[2025-09-28 05:45:50] WARN Node1 Network jitter observed
[2025-09-28 05:46:04] ALARM Node3 Network timeout
[2025-09-28 05:46:13] INFO Node1 Replication successful
[2025-09-28 05:46:31] WARN Node2 High latency detected
[2025-09-28 05:46:40] ALARM Node1 Node unreachable
[2025-09-28 05:46:44] WARN Node2 Disk I/O performance degraded
[2025-09-28 05:47:04] WARN Node3 Network jitter observed
[2025-09-28 05:47:14] ALARM Node1 Critical data loss risk
[2025-09-28 05:47:17] WARN Node2 Memory usage high
[2025-09-28 05:47:24] WARN Node3 CPU usage high
[2025-09-28 05:47:44] ALARM Node2 Disk failed
[2025-09-28 05:47:46] WARN Node4 Network jitter observed
[2025-09-28 05:47:50] ALARM Node3 Node unreachable
[2025-09-28 05:48:03] ALARM Node4 Network timeout
[2025-09-28 05:48:14] INFO Node4 Replication successful
[2025-09-28 05:48:32] ALARM Node2 Node unreachable
[2025-09-28 05:48:37] ALARM Node1 Disk failed
[2025-09-28 05:48:40] WARN Node1 CPU usage high
[2025-09-28 05:48:58] ALARM Node4 Network timeout
[2025-09-28 05:49:04] INFO Node3 Connection established
[2025-09-28 05:49:21] ALARM Node4 Network timeout
[2025-09-28 05:49:40] WARN Node3 Network jitter observed
[2025-09-28 05:49:43] ALARM Node3 Network latency critical
[2025-09-28 05:49:59] WARN Node1 Network jitter observed
[2025-09-28 05:50:06] INFO Node1 Heartbeat OK
[2025-09-28 05:50:25] WARN Node1 Disk I/O performance degraded
[2025-09-28 05:50:30] ALARM Node4 Critical data loss risk
[2025-09-28 05:50:42] INFO Node2 Storage service started
[2025-09-28 05:50:48] INFO Node2 Connection established
[2025-09-28 05:51:04] ALARM Node4 Disk failed
[2025-09-28 05:51:09] ALARM Node1 Network latency critical
[2025-09-28 05:51:24] WARN Node2 High latency detected
[2025-09-28 05:51:43] ALARM Node4 Disk failed
[2025-09-28 05:51:44] WARN Node2 CPU usage high
[2025-09-28 05:51:55] WARN Node1 Disk I/O performance degraded
[2025-09-28 05:52:00] INFO Node4 Storage service started
[2025-09-28 05:52:19] WARN Node1 Network jitter observed
[2025-09-28 05:52:28] WARN Node1 Network jitter observed
[2025-09-28 05:52:31] ALARM Node2 Disk failed
[2025-09-28 05:52:49] WARN Node3 Network jitter observed
[2025-09-28 05:52:57] INFO Node4 Storage service started
[2025-09-28 05:53:08] INFO Node1 Connection established
[2025-09-28 05:53:26] INFO Node1 Connection established
[2025-09-28 05:53:45] WARN Node3 CPU usage high
[2025-09-28 05:53:52] INFO Node2 Heartbeat OK
[2025-09-28 05:54:02] ALARM Node2 Critical data loss risk
[2025-09-28 05:54:16] INFO Node4 Heartbeat OK
[2025-09-28 05:54:28] INFO Node3 Backup completed
[2025-09-28 05:54:47] INFO Node3 Storage service started
[2025-09-28 05:54:51] ALARM Node2 Disk failed
[2025-09-28 05:54:57] WARN Node4 Network jitter observed
[2025-09-28 05:55:09] ALARM Node1 Network timeout
[2025-09-28 05:55:20] ALARM Node1 Disk failed
[2025-09-28 05:55:23] WARN Node4 CPU usage high
[2025-09-28 05:55:42] ALARM Node4 Disk failed
[2025-09-28 05:55:47] ALARM Node3 Disk failed
[2025-09-28 05:56:01] ALARM Node2 Disk failed
[2025-09-28 05:56:08] WARN Node4 Disk I/O performance degraded
[2025-09-28 05:56:26] WARN Node1 Network jitter observed
[2025-09-28 05:56:36] ALARM Node1 Network timeout
[2025-09-28 05:56:56] INFO Node2 Storage service started
[2025-09-28 05:57:09] WARN Node3 Disk I/O performance degraded
[2025-09-28 05:57:10] INFO Node4 Storage service started
[2025-09-28 05:57:25] INFO Node4 Storage service started
[2025-09-28 05:57:31] ALARM Node1 Node unreachable
[2025-09-28 05:57:47] ALARM Node3 Node unreachable
[2025-09-28 05:58:07] INFO Node1 Connection established
[2025-09-28 05:58:10] ALARM Node4 Network timeout
[2025-09-28 05:58:30] ALARM Node3 Critical data loss risk
[2025-09-28 05:58:36] WARN Node1 Memory usage high
[2025-09-28 05:58:46] ALARM Node3 Network latency critical
[2025-09-28 05:58:54] ALARM Node4 Critical data loss risk
[2025-09-28 05:59:00] WARN Node3 CPU usage high
[2025-09-28 05:59:01] WARN Node2 Memory usage high
[2025-09-28 05:59:19] ALARM Node4 Node unreachable
[2025-09-28 05:59:33] WARN Node2 Memory usage high
[2025-09-28 05:59:45] ALARM Node3 Node unreachable
[2025-09-28 05:59:56] ALARM Node1 Network latency critical
[2025-09-28 06:00:01] WARN Node2 Network jitter observed
[2025-09-28 06:00:02] WARN Node2 Network jitter observed
[2025-09-28 06:00:11] WARN Node4 CPU usage high
[2025-09-28 06:00:29] INFO Node3 Backup completed
[2025-09-28 06:00:32] INFO Node2 Replication successful
[2025-09-28 06:00:39] INFO Node1 Replication successful
[2025-09-28 06:00:55] ALARM Node3 Node unreachable
[2025-09-28 06:00:57] ALARM Node1 Disk failed
[2025-09-28 06:01:13] ALARM Node4 Network latency critical
[2025-09-28 06:01:29] ALARM Node4 Critical data loss risk
[2025-09-28 06:01:35] ALARM Node3 Critical data loss risk
[2025-09-28 06:01:55] WARN Node2 CPU usage high
[2025-09-28 06:02:07] INFO Node1 Backup completed
[2025-09-28 06:02:18] ALARM Node3 Network latency critical
[2025-09-28 06:02:25] ALARM Node3 Network timeout
[2025-09-28 06:02:45] WARN Node4 Network jitter observed
[2025-09-28 06:02:51] INFO Node1 Storage service started
[2025-09-28 06:02:53] WARN Node3 High latency detected
[2025-09-28 06:03:08] ALARM Node4 Network timeout
[2025-09-28 06:03:18] WARN Node3 Disk I/O performance degraded
[2025-09-28 06:03:32] WARN Node3 High latency detected
[2025-09-28 06:03:52] INFO Node2 Storage service started
[2025-09-28 06:04:07] WARN Node3 Network jitter observed
[2025-09-28 06:04:27] WARN Node2 High latency detected
[2025-09-28 06:04:42] ALARM Node4 Network timeout
[2025-09-28 06:04:52] ALARM Node2 Network latency critical
[2025-09-28 06:05:11] WARN Node2 Disk I/O performance degraded
[2025-09-28 06:05:15] WARN Node1 High latency detected
[2025-09-28 06:05:33] INFO Node2 Connection established
[2025-09-28 06:05:36] INFO Node3 Backup completed
[2025-09-28 06:05:56] INFO Node1 Replication successful
[2025-09-28 06:06:14] WARN Node3 Network jitter observed
[2025-09-28 06:06:15] INFO Node2 Backup completed
[2025-09-28 06:06:27] INFO Node1 Replication successful
[2025-09-28 06:06:44] INFO Node3 Connection established
[2025-09-28 06:06:46] INFO Node2 Replication successful
[2025-09-28 06:06:52] WARN Node4 Memory usage high
[2025-09-28 06:07:01] WARN Node4 High latency detected
[2025-09-28 06:07:11] WARN Node3 CPU usage high
[2025-09-28 06:07:26] WARN Node1 Disk I/O performance degraded
[2025-09-28 06:07:45] ALARM Node2 Network latency critical
[2025-09-28 06:07:50] ALARM Node4 Network timeout
[2025-09-28 06:07:54] ALARM Node1 Disk failed
[2025-09-28 06:08:00] ALARM Node2 Network timeout
[2025-09-28 06:08:13] INFO Node3 Connection established
[2025-09-28 06:08:32] ALARM Node4 Network latency critical
[2025-09-28 06:08:46] WARN Node1 Network jitter observed
[2025-09-28 06:08:52] INFO Node1 Connection established
[2025-09-28 06:09:08] WARN Node2 Network jitter observed
[2025-09-28 06:09:11] INFO Node1 Backup completed
[2025-09-28 06:09:30] ALARM Node2 Network latency critical
[2025-09-28 06:09:38] INFO Node4 Connection established
[2025-09-28 06:09:47] WARN Node1 Memory usage high
[2025-09-28 06:09:52] ALARM Node3 Network timeout
[2025-09-28 06:09:56] INFO Node4 Replication successful
[2025-09-28 06:09:58] INFO Node3 Replication successful
[2025-09-28 06:10:04] ALARM Node2 Network latency critical
[2025-09-28 06:10:20] WARN Node2 Disk I/O performance degraded
[2025-09-28 06:10:26] ALARM Node2 Node unreachable
[2025-09-28 06:10:39] WARN Node2 High latency detected
[2025-09-28 06:10:41] WARN Node2 CPU usage high
[2025-09-28 06:10:53] INFO Node4 Heartbeat OK
[2025-09-28 06:11:04] ALARM Node3 Network timeout
[2025-09-28 06:11:16] INFO Node4 Heartbeat OK
[2025-09-28 06:11:22] WARN Node3 Disk I/O performance degraded
[2025-09-28 06:11:32] ALARM Node2 Critical data loss risk
[2025-09-28 06:11:34] ALARM Node3 Critical data loss risk
[2025-09-28 06:11:38] ALARM Node4 Node unreachable
[2025-09-28 06:11:40] INFO Node1 Replication successful
[2025-09-28 06:11:49] INFO Node1 Connection established
[2025-09-28 06:11:54] INFO Node4 Backup completed
[2025-09-28 06:12:08] ALARM Node1 Critical data loss risk
[2025-09-28 06:12:23] INFO Node3 Heartbeat OK
[2025-09-28 06:12:34] WARN Node4 High latency detected
[2025-09-28 06:12:51] WARN Node2 Disk I/O performance degraded
[2025-09-28 06:12:59] WARN Node1 Network jitter observed
[2025-09-28 06:13:19] INFO Node3 Backup completed
[2025-09-28 06:13:38] ALARM Node1 Network latency critical
[2025-09-28 06:13:56] WARN Node3 Disk I/O performance degraded
[2025-09-28 06:14:00] WARN Node1 High latency detected
[2025-09-28 06:14:07] INFO Node2 Backup completed
[2025-09-28 06:14:13] INFO Node4 Backup completed
[2025-09-28 06:14:21] WARN Node4 High latency detected
[2025-09-28 06:14:34] ALARM Node2 Disk failed
[2025-09-28 06:14:40] INFO Node2 Connection established
[2025-09-28 06:14:42] ALARM Node2 Critical data loss risk
[2025-09-28 06:14:57] ALARM Node3 Disk failed
[2025-09-28 06:15:08] ALARM Node3 Network timeout
[2025-09-28 06:15:17] INFO Node3 Replication successful
[2025-09-28 06:15:32] INFO Node3 Replication successful
[2025-09-28 06:15:51] INFO Node3 Heartbeat OK
[2025-09-28 06:16:07] WARN Node3 Disk I/O performance degraded
[2025-09-28 06:16:12] INFO Node1 Connection established
[2025-09-28 06:16:20] WARN Node1 Memory usage high
[2025-09-28 06:16:24] INFO Node1 Heartbeat OK
[2025-09-28 06:16:42] ALARM Node1 Disk failed
[2025-09-28 06:16:51] INFO Node2 Backup completed
[2025-09-28 06:17:01] ALARM Node3 Network timeout
[2025-09-28 06:17:15] INFO Node1 Heartbeat OK
[2025-09-28 06:17:25] ALARM Node1 Network timeout
[2025-09-28 06:17:34] WARN Node3 Memory usage high
[2025-09-28 06:17:49] WARN Node4 CPU usage high
[2025-09-28 06:18:05] WARN Node3 Disk I/O performance degraded
[2025-09-28 06:18:22] WARN Node2 Disk I/O performance degraded
[2025-09-28 06:18:25] INFO Node2 Connection established
[2025-09-28 06:18:41] INFO Node1 Connection established
[2025-09-28 06:18:51] INFO Node1 Heartbeat OK
[2025-09-28 06:18:54] INFO Node2 Storage service started
[2025-09-28 06:19:06] WARN Node1 CPU usage high
[2025-09-28 06:19:23] ALARM Node4 Disk failed
[2025-09-28 06:19:27] WARN Node3 High latency detected
[2025-09-28 06:19:32] WARN Node1 CPU usage high
[2025-09-28 06:19:35] WARN Node4 Disk I/O performance degraded
[2025-09-28 06:19:39] ALARM Node2 Network latency critical
[2025-09-28 06:19:45] WARN Node4 Network jitter observed
[2025-09-28 06:20:00] INFO Node2 Backup completed
[2025-09-28 06:20:03] WARN Node1 High latency detected
[2025-09-28 06:20:05] ALARM Node4 Network latency critical
[2025-09-28 06:20:15] WARN Node3 Network jitter observed
[2025-09-28 06:20:30] ALARM Node4 Disk failed
[2025-09-28 06:20:48] WARN Node4 CPU usage high
[2025-09-28 06:20:55] ALARM Node1 Network latency critical
[2025-09-28 06:21:06] WARN Node4 High latency detected
[2025-09-28 06:21:09] INFO Node2 Connection established
[2025-09-28 06:21:23] WARN Node4 Memory usage high
[2025-09-28 06:21:36] ALARM Node3 Disk failed
[2025-09-28 06:21:42] INFO Node3 Storage service started
[2025-09-28 06:21:59] WARN Node3 Memory usage high
[2025-09-28 06:22:17] ALARM Node3 Node unreachable
[2025-09-28 06:22:25] ALARM Node4 Network latency critical
[2025-09-28 06:22:28] ALARM Node4 Critical data loss risk
[2025-09-28 06:22:41] ALARM Node1 Network latency critical
[2025-09-28 06:22:58] WARN Node4 CPU usage high
[2025-09-28 06:23:02] INFO Node4 Backup completed
[2025-09-28 06:23:06] INFO Node4 Storage service started
[2025-09-28 06:23:16] ALARM Node1 Network latency critical
[2025-09-28 06:23:32] WARN Node2 CPU usage high
[2025-09-28 06:23:33] ALARM Node3 Disk failed
[2025-09-28 06:23:35] ALARM Node3 Critical data loss risk
[2025-09-28 06:23:46] WARN Node4 CPU usage high
[2025-09-28 06:24:05] ALARM Node4 Network latency critical
[2025-09-28 06:24:14] WARN Node3 Memory usage high
[2025-09-28 06:24:34] INFO Node1 Storage service started
[2025-09-28 06:24:41] INFO Node4 Connection established
[2025-09-28 06:24:58] ALARM Node3 Critical data loss risk
[2025-09-28 06:25:04] INFO Node4 Heartbeat OK
[2025-09-28 06:25:11] INFO Node4 Backup completed
[2025-09-28 06:25:13] WARN Node3 High latency detected
[2025-09-28 06:25:21] WARN Node2 Memory usage high
[2025-09-28 06:25:25] INFO Node4 Storage service started
[2025-09-28 06:25:27] ALARM Node1 Critical data loss risk
[2025-09-28 06:25:44] ALARM Node3 Critical data loss risk
[2025-09-28 06:26:02] WARN Node2 Disk I/O performance degraded
[2025-09-28 06:26:03] WARN Node1 Network jitter observed
[2025-09-28 06:26:21] ALARM Node1 Network timeout
[2025-09-28 06:26:29] WARN Node1 Memory usage high
[2025-09-28 06:26:37] ALARM Node4 Network timeout
[2025-09-28 06:26:47] INFO Node4 Heartbeat OK
[2025-09-28 06:27:03] WARN Node1 CPU usage high
[2025-09-28 06:27:21] INFO Node3 Storage service started
[2025-09-28 06:27:24] ALARM Node3 Critical data loss risk
[2025-09-28 06:27:31] WARN Node3 Memory usage high
[2025-09-28 06:27:50] ALARM Node4 Network timeout
[2025-09-28 06:28:04] INFO Node4 Heartbeat OK
[2025-09-28 06:28:24] INFO Node1 Heartbeat OK
[2025-09-28 06:28:40] ALARM Node2 Network latency critical
[2025-09-28 06:28:47] ALARM Node1 Network timeout
[2025-09-28 06:28:53] ALARM Node3 Network timeout
[2025-09-28 06:28:58] WARN Node1 Disk I/O performance degraded
[2025-09-28 06:28:59] ALARM Node2 Network timeout
[2025-09-28 06:29:00] ALARM Node3 Node unreachable
[2025-09-28 06:29:18] INFO Node2 Storage service started
[2025-09-28 06:29:35] WARN Node3 High latency detected
[2025-09-28 06:29:43] INFO Node2 Backup completed
[2025-09-28 06:29:52] ALARM Node3 Critical data loss risk
[2025-09-28 06:29:59] INFO Node4 Storage service started
[2025-09-28 06:30:02] INFO Node3 Heartbeat OK
[2025-09-28 06:30:16] INFO Node3 Replication successful
[2025-09-28 06:30:21] ALARM Node1 Critical data loss risk
[2025-09-28 06:30:22] WARN Node1 Memory usage high
[2025-09-28 06:30:42] INFO Node3 Connection established
[2025-09-28 06:30:44] INFO Node1 Backup completed
[2025-09-28 06:31:04] ALARM Node3 Node unreachable
[2025-09-28 06:31:14] ALARM Node3 Network timeout
[2025-09-28 06:31:19] WARN Node2 Memory usage high
[2025-09-28 06:31:26] WARN Node3 High latency detected
[2025-09-28 06:31:33] ALARM Node1 Critical data loss risk
[2025-09-28 06:31:42] WARN Node1 CPU usage high
[2025-09-28 06:31:58] INFO Node4 Connection established
[2025-09-28 06:32:14] INFO Node1 Storage service started
[2025-09-28 06:32:17] ALARM Node1 Network latency critical
[2025-09-28 06:32:35] INFO Node2 Storage service started
[2025-09-28 06:32:52] ALARM Node2 Network timeout
[2025-09-28 06:33:08] ALARM Node4 Node unreachable
[2025-09-28 06:33:24] WARN Node4 Memory usage high
[2025-09-28 06:33:41] INFO Node3 Replication successful
[2025-09-28 06:34:01] WARN Node4 Memory usage high
[2025-09-28 06:34:20] WARN Node3 Disk I/O performance degraded
[2025-09-28 06:34:33] ALARM Node4 Network timeout
[2025-09-28 06:34:36] ALARM Node2 Disk failed
[2025-09-28 06:34:41] INFO Node4 Heartbeat OK
[2025-09-28 06:35:00] ALARM Node2 Network timeout
[2025-09-28 06:35:07] ALARM Node3 Critical data loss risk
[2025-09-28 06:35:18] WARN Node3 Network jitter observed
[2025-09-28 06:35:26] ALARM Node3 Critical data loss risk
[2025-09-28 06:35:34] INFO Node1 Heartbeat OK
[2025-09-28 06:35:47] INFO Node3 Heartbeat OK
[2025-09-28 06:35:52] ALARM Node4 Network latency critical
[2025-09-28 06:35:57] WARN Node2 CPU usage high
[2025-09-28 06:35:59] WARN Node1 Disk I/O performance degraded
[2025-09-28 06:36:06] WARN Node2 High latency detected
[2025-09-28 06:36:15] WARN Node3 Disk I/O performance degraded
[2025-09-28 06:36:27] ALARM Node4 Node unreachable
[2025-09-28 06:36:32] ALARM Node3 Network latency critical
[2025-09-28 06:36:44] ALARM Node4 Disk failed
[2025-09-28 06:36:55] WARN Node1 Disk I/O performance degraded
[2025-09-28 06:37:08] ALARM Node4 Network latency critical
[2025-09-28 06:37:14] WARN Node4 Network jitter observed
[2025-09-28 06:37:17] WARN Node2 Memory usage high
[2025-09-28 06:37:34] WARN Node3 Memory usage high
[2025-09-28 06:37:37] WARN Node4 High latency detected
[2025-09-28 06:37:57] ALARM Node4 Network latency critical
[2025-09-28 06:38:00] ALARM Node1 Network latency critical
[2025-09-28 06:38:01] ALARM Node1 Disk failed
[2025-09-28 06:38:08] WARN Node1 CPU usage high
[2025-09-28 06:38:28] WARN Node4 High latency detected
[2025-09-28 06:38:39] ALARM Node3 Critical data loss risk
[2025-09-28 06:38:50] INFO Node2 Heartbeat OK
[2025-09-28 06:38:58] WARN Node2 Disk I/O performance degraded
[2025-09-28 06:39:06] INFO Node2 Backup completed
[2025-09-28 06:39:09] WARN Node1 Memory usage high
[2025-09-28 06:39:15] ALARM Node1 Network latency critical
[2025-09-28 06:39:35] ALARM Node3 Node unreachable
[2025-09-28 06:39:52] WARN Node2 Network jitter observed
[2025-09-28 06:40:09] WARN Node1 High latency detected
[2025-09-28 06:40:27] INFO Node4 Heartbeat OK
[2025-09-28 06:40:45] ALARM Node2 Disk failed
[2025-09-28 06:40:47] ALARM Node1 Network latency critical
[2025-09-28 06:40:48] INFO Node1 Backup completed
[2025-09-28 06:41:06] ALARM Node2 Node unreachable
[2025-09-28 06:41:10] WARN Node3 Disk I/O performance degraded
[2025-09-28 06:41:15] INFO Node2 Heartbeat OK
[2025-09-28 06:41:24] ALARM Node1 Network latency critical
[2025-09-28 06:41:44] INFO Node4 Heartbeat OK
[2025-09-28 06:41:46] WARN Node1 CPU usage high
[2025-09-28 06:41:53] WARN Node4 Memory usage high
[2025-09-28 06:42:04] WARN Node4 Network jitter observed
[2025-09-28 06:42:11] WARN Node2 Disk I/O performance degraded
[2025-09-28 06:42:31] INFO Node1 Connection established
[2025-09-28 06:42:42] INFO Node1 Backup completed
[2025-09-28 06:42:51] INFO Node3 Heartbeat OK
[2025-09-28 06:43:08] WARN Node4 Network jitter observed
[2025-09-28 06:43:25] INFO Node1 Storage service started
[2025-09-28 06:43:41] WARN Node2 High latency detected
[2025-09-28 06:43:50] WARN Node4 CPU usage high
[2025-09-28 06:43:54] INFO Node1 Heartbeat OK
[2025-09-28 06:43:59] INFO Node1 Storage service started
[2025-09-28 06:44:04] WARN Node4 CPU usage high
[2025-09-28 06:44:16] INFO Node4 Replication successful
[2025-09-28 06:44:29] WARN Node2 Memory usage high
[2025-09-28 06:44:36] WARN Node1 CPU usage high
[2025-09-28 06:44:38] ALARM Node3 Disk failed
[2025-09-28 06:44:44] ALARM Node2 Node unreachable
[2025-09-28 06:44:54] WARN Node2 Network jitter observed
[2025-09-28 06:45:07] WARN Node1 Disk I/O performance degraded
[2025-09-28 06:45:19] ALARM Node4 Disk failed
[2025-09-28 06:45:24] ALARM Node4 Network latency critical
[2025-09-28 06:45:30] ALARM Node4 Network timeout
[2025-09-28 06:45:40] ALARM Node1 Node unreachable
[2025-09-28 06:45:56] WARN Node3 CPU usage high
[2025-09-28 06:46:03] ALARM Node3 Network timeout
[2025-09-28 06:46:19] INFO Node2 Storage service started
[2025-09-28 06:46:37] WARN Node3 High latency detected
[2025-09-28 06:46:40] WARN Node2 High latency detected
[2025-09-28 06:46:49] ALARM Node1 Network latency critical
[2025-09-28 06:47:06] WARN Node1 Disk I/O performance degraded
[2025-09-28 06:47:15] INFO Node1 Backup completed
[2025-09-28 06:47:24] INFO Node3 Heartbeat OK
[2025-09-28 06:47:35] ALARM Node1 Disk failed
[2025-09-28 06:47:54] ALARM Node4 Network latency critical
[2025-09-28 06:48:03] ALARM Node1 Disk failed
[2025-09-28 06:48:12] WARN Node4 CPU usage high
[2025-09-28 06:48:26] INFO Node4 Storage service started
[2025-09-28 06:48:28] ALARM Node2 Network latency critical
[2025-09-28 06:48:38] WARN Node1 Memory usage high
[2025-09-28 06:48:46] ALARM Node1 Critical data loss risk
[2025-09-28 06:48:51] WARN Node2 Memory usage high
[2025-09-28 06:48:54] WARN Node1 CPU usage high
[2025-09-28 06:49:03] INFO Node3 Storage service started
[2025-09-28 06:49:04] INFO Node1 Backup completed
[2025-09-28 06:49:15] WARN Node1 High latency detected
[2025-09-28 06:49:21] ALARM Node1 Network latency critical
[2025-09-28 06:49:28] ALARM Node1 Network timeout
[2025-09-28 06:49:44] ALARM Node1 Critical data loss risk
[2025-09-28 06:49:51] ALARM Node1 Network latency critical
[2025-09-28 06:50:08] INFO Node2 Backup completed
[2025-09-28 06:50:10] WARN Node3 Memory usage high
[2025-09-28 06:50:20] WARN Node2 Network jitter observed
[2025-09-28 06:50:38] WARN Node1 Memory usage high
[2025-09-28 06:50:53] ALARM Node4 Node unreachable
[2025-09-28 06:51:10] INFO Node3 Storage service started
[2025-09-28 06:51:30] INFO Node1 Storage service started
[2025-09-28 06:51:42] INFO Node1 Storage service started
[2025-09-28 06:52:02] INFO Node3 Connection established
[2025-09-28 06:52:09] INFO Node4 Backup completed
[2025-09-28 06:52:25] WARN Node1 Disk I/O performance degraded
[2025-09-28 06:52:28] WARN Node3 CPU usage high
[2025-09-28 06:52:48] ALARM Node1 Network timeout
[2025-09-28 06:52:59] INFO Node4 Storage service started
[2025-09-28 06:53:03] ALARM Node2 Disk failed
[2025-09-28 06:53:13] INFO Node4 Storage service started
[2025-09-28 06:53:26] WARN Node2 High latency detected
[2025-09-28 06:53:45] WARN Node1 Memory usage high
[2025-09-28 06:54:02] WARN Node1 High latency detected
[2025-09-28 06:54:13] WARN Node1 Disk I/O performance degraded
[2025-09-28 06:54:19] ALARM Node2 Critical data loss risk
[2025-09-28 06:54:39] INFO Node2 Replication successful
[2025-09-28 06:54:54] INFO Node3 Heartbeat OK
[2025-09-28 06:55:07] INFO Node4 Heartbeat OK
[2025-09-28 06:55:25] WARN Node3 Network jitter observed
[2025-09-28 06:55:33] ALARM Node4 Disk failed
[2025-09-28 06:55:51] ALARM Node2 Network timeout
[2025-09-28 06:56:09] ALARM Node1 Node unreachable
[2025-09-28 06:56:18] ALARM Node3 Network timeout
[2025-09-28 06:56:20] WARN Node3 Memory usage high
[2025-09-28 06:56:36] WARN Node4 Network jitter observed
[2025-09-28 06:56:38] INFO Node4 Heartbeat OK
[2025-09-28 06:56:52] WARN Node4 High latency detected
[2025-09-28 06:57:07] INFO Node2 Storage service started
[2025-09-28 06:57:25] WARN Node1 Network jitter observed
[2025-09-28 06:57:29] WARN Node2 High latency detected
[2025-09-28 06:57:35] ALARM Node1 Node unreachable
[2025-09-28 06:57:52] WARN Node4 Memory usage high
[2025-09-28 06:58:05] WARN Node2 Memory usage high
[2025-09-28 06:58:10] INFO Node4 Replication successful
[2025-09-28 06:58:27] WARN Node1 Disk I/O performance degraded
[2025-09-28 06:58:39] ALARM Node1 Node unreachable
[2025-09-28 06:58:40] ALARM Node4 Node unreachable
[2025-09-28 06:58:49] WARN Node4 Disk I/O performance degraded
[2025-09-28 06:58:57] INFO Node1 Storage service started
[2025-09-28 06:59:08] INFO Node1 Backup completed
[2025-09-28 06:59:21] INFO Node4 Storage service started
[2025-09-28 06:59:34] INFO Node1 Backup completed
[2025-09-28 06:59:51] INFO Node2 Backup completed
[2025-09-28 07:00:05] INFO Node3 Backup completed
[2025-09-28 07:00:16] ALARM Node3 Disk failed
[2025-09-28 07:00:21] ALARM Node2 Disk failed
[2025-09-28 07:00:37] WARN Node3 CPU usage high
[2025-09-28 07:00:57] WARN Node2 Memory usage high
[2025-09-28 07:01:11] INFO Node3 Heartbeat OK
[2025-09-28 07:01:22] WARN Node2 High latency detected
[2025-09-28 07:01:37] WARN Node1 High latency detected
[2025-09-28 07:01:53] INFO Node4 Storage service started
[2025-09-28 07:02:08] WARN Node4 High latency detected
[2025-09-28 07:02:21] WARN Node1 High latency detected
[2025-09-28 07:02:34] INFO Node3 Storage service started
[2025-09-28 07:02:41] WARN Node1 High latency detected
[2025-09-28 07:02:43] WARN Node4 Disk I/O performance degraded
[2025-09-28 07:02:54] WARN Node2 Disk I/O performance degraded
[2025-09-28 07:02:57] WARN Node3 Memory usage high
[2025-09-28 07:02:58] INFO Node2 Backup completed
[2025-09-28 07:03:08] WARN Node3 High latency detected
[2025-09-28 07:03:23] ALARM Node3 Critical data loss risk
[2025-09-28 07:03:39] WARN Node3 CPU usage high
[2025-09-28 07:03:40] INFO Node3 Replication successful
[2025-09-28 07:03:52] ALARM Node1 Network latency critical
[2025-09-28 07:04:12] INFO Node4 Replication successful
[2025-09-28 07:04:22] WARN Node3 High latency detected
[2025-09-28 07:04:34] ALARM Node3 Node unreachable
[2025-09-28 07:04:48] WARN Node4 Memory usage high
[2025-09-28 07:05:03] WARN Node4 High latency detected
[2025-09-28 07:05:16] INFO Node3 Backup completed
[2025-09-28 07:05:28] ALARM Node2 Critical data loss risk
[2025-09-28 07:05:33] ALARM Node4 Network latency critical
[2025-09-28 07:05:53] ALARM Node4 Network timeout
[2025-09-28 07:06:10] WARN Node1 High latency detected
[2025-09-28 07:06:21] WARN Node1 CPU usage high
[2025-09-28 07:06:25] INFO Node2 Storage service started
[2025-09-28 07:06:30] WARN Node4 Disk I/O performance degraded
[2025-09-28 07:06:33] WARN Node2 CPU usage high
[2025-09-28 07:06:43] INFO Node2 Storage service started
[2025-09-28 07:06:57] INFO Node1 Connection established
[2025-09-28 07:07:04] ALARM Node3 Node unreachable
[2025-09-28 07:07:13] ALARM Node2 Disk failed
[2025-09-28 07:07:20] WARN Node4 High latency detected
[2025-09-28 07:07:34] INFO Node1 Storage service started
[2025-09-28 07:07:50] WARN Node1 High latency detected
[2025-09-28 07:07:52] ALARM Node1 Network timeout
[2025-09-28 07:07:56] WARN Node3 Disk I/O performance degraded
[2025-09-28 07:08:03] WARN Node2 Disk I/O performance degraded
[2025-09-28 07:08:09] ALARM Node3 Network latency critical
[2025-09-28 07:08:17] ALARM Node3 Network timeout
[2025-09-28 07:08:22] WARN Node4 Network jitter observed
[2025-09-28 07:08:36] ALARM Node4 Node unreachable
[2025-09-28 07:08:40] ALARM Node1 Network timeout
[2025-09-28 07:08:46] ALARM Node2 Network timeout
[2025-09-28 07:09:03] INFO Node4 Connection established
[2025-09-28 07:09:23] INFO Node1 Heartbeat OK
[2025-09-28 07:09:35] WARN Node1 Disk I/O performance degraded
[2025-09-28 07:09:36] ALARM Node3 Node unreachable
[2025-09-28 07:09:56] ALARM Node2 Critical data loss risk
[2025-09-28 07:10:03] WARN Node3 Memory usage high
[2025-09-28 07:10:19] INFO Node1 Heartbeat OK
[2025-09-28 07:10:24] INFO Node4 Connection established
[2025-09-28 07:10:34] INFO Node1 Heartbeat OK
[2025-09-28 07:10:41] ALARM Node4 Node unreachable
[2025-09-28 07:11:01] WARN Node4 Memory usage high
[2025-09-28 07:11:06] INFO Node4 Storage service started
[2025-09-28 07:11:16] ALARM Node1 Network timeout
[2025-09-28 07:11:25] INFO Node2 Heartbeat OK
[2025-09-28 07:11:40] ALARM Node2 Node unreachable
[2025-09-28 07:11:49] WARN Node4 High latency detected
[2025-09-28 07:12:07] WARN Node1 Network jitter observed
[2025-09-28 07:12:26] ALARM Node1 Disk failed
[2025-09-28 07:12:28] ALARM Node3 Disk failed
[2025-09-28 07:12:31] WARN Node4 Network jitter observed
[2025-09-28 07:12:34] INFO Node2 Storage service started
[2025-09-28 07:12:37] INFO Node2 Backup completed
[2025-09-28 07:12:40] INFO Node1 Replication successful
[2025-09-28 07:13:00] ALARM Node1 Critical data loss risk
[2025-09-28 07:13:09] ALARM Node2 Critical data loss risk
[2025-09-28 07:13:29] INFO Node2 Backup completed
[2025-09-28 07:13:38] WARN Node3 High latency detected
[2025-09-28 07:13:53] WARN Node1 Memory usage high
[2025-09-28 07:13:55] ALARM Node4 Critical data loss risk
[2025-09-28 07:14:12] ALARM Node1 Critical data loss risk
[2025-09-28 07:14:23] ALARM Node2 Network timeout
[2025-09-28 07:14:35] ALARM Node2 Disk failed
[2025-09-28 07:14:39] ALARM Node3 Node unreachable
[2025-09-28 07:14:57] ALARM Node3 Node unreachable
[2025-09-28 07:15:15] ALARM Node2 Network timeout
[2025-09-28 07:15:23] WARN Node2 High latency detected
[2025-09-28 07:15:37] INFO Node1 Connection established
[2025-09-28 07:15:57] WARN Node4 CPU usage high
[2025-09-28 07:16:05] WARN Node4 High latency detected
[2025-09-28 07:16:22] WARN Node2 CPU usage high
[2025-09-28 07:16:30] ALARM Node2 Network timeout
[2025-09-28 07:16:47] ALARM Node2 Network latency critical
[2025-09-28 07:16:55] WARN Node1 High latency detected
[2025-09-28 07:17:02] INFO Node4 Connection established
[2025-09-28 07:17:11] WARN Node3 High latency detected
[2025-09-28 07:17:25] ALARM Node1 Network timeout
[2025-09-28 07:17:32] ALARM Node2 Network latency critical
[2025-09-28 07:17:42] INFO Node2 Heartbeat OK
[2025-09-28 07:17:53] WARN Node4 High latency detected
[2025-09-28 07:17:57] INFO Node4 Replication successful
[2025-09-28 07:18:03] INFO Node3 Storage service started
[2025-09-28 07:18:08] WARN Node2 High latency detected
[2025-09-28 07:18:25] WARN Node2 CPU usage high
[2025-09-28 07:18:41] INFO Node3 Heartbeat OK
[2025-09-28 07:18:53] INFO Node1 Storage service started
[2025-09-28 07:19:10] INFO Node1 Replication successful
[2025-09-28 07:19:30] WARN Node4 Disk I/O performance degraded
[2025-09-28 07:19:39] INFO Node4 Connection established
[2025-09-28 07:19:44] INFO Node3 Replication successful
[2025-09-28 07:19:48] WARN Node3 Memory usage high
[2025-09-28 07:19:54] INFO Node4 Replication successful
[2025-09-28 07:19:56] ALARM Node4 Disk failed
[2025-09-28 07:20:00] WARN Node4 Memory usage high
[2025-09-28 07:20:06] ALARM Node2 Network latency critical
[2025-09-28 07:20:22] INFO Node2 Replication successful
[2025-09-28 07:20:36] INFO Node3 Connection established
[2025-09-28 07:20:48] ALARM Node2 Node unreachable
[2025-09-28 07:20:50] ALARM Node4 Critical data loss risk
[2025-09-28 07:20:58] WARN Node3 Network jitter observed
[2025-09-28 07:21:02] INFO Node1 Replication successful
[2025-09-28 07:21:05] ALARM Node4 Network latency critical
[2025-09-28 07:21:06] WARN Node1 Disk I/O performance degraded
[2025-09-28 07:21:18] WARN Node1 Disk I/O performance degraded
[2025-09-28 07:21:27] WARN Node4 Disk I/O performance degraded
[2025-09-28 07:21:46] INFO Node2 Connection established
[2025-09-28 07:21:57] WARN Node3 Disk I/O performance degraded
[2025-09-28 07:22:17] ALARM Node4 Critical data loss risk
[2025-09-28 07:22:33] INFO Node1 Connection established
[2025-09-28 07:22:53] WARN Node2 High latency detected
[2025-09-28 07:23:12] INFO Node1 Connection established
[2025-09-28 07:23:17] WARN Node2 Network jitter observed
[2025-09-28 07:23:21] INFO Node1 Storage service started
[2025-09-28 07:23:41] INFO Node2 Backup completed
[2025-09-28 07:23:51] ALARM Node4 Network timeout
[2025-09-28 07:24:05] WARN Node4 Disk I/O performance degraded
[2025-09-28 07:24:13] WARN Node4 High latency detected
[2025-09-28 07:24:21] ALARM Node3 Network timeout
[2025-09-28 07:24:28] WARN Node3 Memory usage high
[2025-09-28 07:24:35] INFO Node2 Replication successful
[2025-09-28 07:24:49] ALARM Node4 Network latency critical
[2025-09-28 07:24:58] INFO Node3 Heartbeat OK
[2025-09-28 07:25:17] INFO Node1 Replication successful
[2025-09-28 07:25:29] ALARM Node2 Disk failed
[2025-09-28 07:25:31] WARN Node1 Disk I/O performance degraded
[2025-09-28 07:25:47] WARN Node4 CPU usage high
[2025-09-28 07:25:51] ALARM Node2 Disk failed
[2025-09-28 07:26:00] ALARM Node2 Network latency critical
[2025-09-28 07:26:02] INFO Node4 Connection established
[2025-09-28 07:26:11] WARN Node3 High latency detected
[2025-09-28 07:26:28] ALARM Node3 Network timeout
[2025-09-28 07:26:44] ALARM Node3 Network timeout
[2025-09-28 07:27:00] ALARM Node3 Network latency critical
[2025-09-28 07:27:16] ALARM Node2 Disk failed
[2025-09-28 07:27:18] INFO Node2 Storage service started
[2025-09-28 07:27:21] WARN Node2 Disk I/O performance degraded
[2025-09-28 07:27:40] WARN Node3 High latency detected
[2025-09-28 07:27:52] INFO Node1 Connection established
[2025-09-28 07:28:05] ALARM Node1 Critical data loss risk
[2025-09-28 07:28:11] ALARM Node4 Network latency critical
[2025-09-28 07:28:24] WARN Node2 CPU usage high
[2025-09-28 07:28:42] WARN Node1 Network jitter observed
[2025-09-28 07:28:55] WARN Node3 CPU usage high
[2025-09-28 07:29:06] ALARM Node4 Network latency critical
[2025-09-28 07:29:11] INFO Node2 Heartbeat OK
[2025-09-28 07:29:28] WARN Node3 Disk I/O performance degraded
[2025-09-28 07:29:29] INFO Node2 Replication successful
[2025-09-28 07:29:46] WARN Node4 CPU usage high
[2025-09-28 07:29:47] WARN Node3 Disk I/O performance degraded
[2025-09-28 07:29:50] ALARM Node1 Node unreachable
[2025-09-28 07:29:52] ALARM Node2 Node unreachable
[2025-09-28 07:30:06] ALARM Node4 Disk failed
[2025-09-28 07:30:12] ALARM Node4 Disk failed
[2025-09-28 07:30:25] INFO Node2 Heartbeat OK
[2025-09-28 07:30:27] ALARM Node2 Disk failed
[2025-09-28 07:30:32] WARN Node1 High latency detected
[2025-09-28 07:30:47] INFO Node1 Connection established
[2025-09-28 07:31:02] ALARM Node3 Network latency critical
[2025-09-28 07:31:17] INFO Node3 Heartbeat OK
[2025-09-28 07:31:18] ALARM Node3 Critical data loss risk
[2025-09-28 07:31:20] INFO Node2 Backup completed
[2025-09-28 07:31:30] INFO Node3 Connection established
[2025-09-28 07:31:40] WARN Node4 Memory usage high
[2025-09-28 07:31:43] INFO Node4 Replication successful
[2025-09-28 07:31:52] ALARM Node3 Network latency critical
[2025-09-28 07:32:04] WARN Node4 High latency detected
[2025-09-28 07:32:13] WARN Node4 Network jitter observed
[2025-09-28 07:32:20] WARN Node3 Memory usage high
[2025-09-28 07:32:32] ALARM Node3 Network latency critical
[2025-09-28 07:32:35] INFO Node4 Storage service started
[2025-09-28 07:32:44] INFO Node2 Connection established
[2025-09-28 07:32:48] WARN Node1 High latency detected
[2025-09-28 07:32:54] ALARM Node3 Network latency critical
[2025-09-28 07:33:10] INFO Node1 Replication successful
[2025-09-28 07:33:26] ALARM Node2 Network latency critical
[2025-09-28 07:33:44] WARN Node3 Memory usage high
[2025-09-28 07:33:49] INFO Node2 Storage service started
[2025-09-28 07:34:07] WARN Node2 Memory usage high
[2025-09-28 07:34:25] INFO Node1 Backup completed
[2025-09-28 07:34:40] ALARM Node2 Network timeout
[2025-09-28 07:34:55] WARN Node4 Network jitter observed
[2025-09-28 07:35:14] INFO Node3 Heartbeat OK
[2025-09-28 07:35:22] INFO Node4 Replication successful
[2025-09-28 07:35:34] WARN Node3 CPU usage high
[2025-09-28 07:35:52] ALARM Node4 Node unreachable
[2025-09-28 07:36:08] INFO Node1 Backup completed
[2025-09-28 07:36:19] WARN Node3 High latency detected
[2025-09-28 07:36:34] WARN Node3 CPU usage high
[2025-09-28 07:36:47] INFO Node1 Heartbeat OK
[2025-09-28 07:36:49] ALARM Node2 Network latency critical
[2025-09-28 07:36:56] ALARM Node1 Disk failed
[2025-09-28 07:37:00] WARN Node3 CPU usage high
[2025-09-28 07:37:02] ALARM Node2 Node unreachable
[2025-09-28 07:37:16] ALARM Node3 Network timeout
[2025-09-28 07:37:34] INFO Node3 Backup completed
[2025-09-28 07:37:47] ALARM Node1 Critical data loss risk
[2025-09-28 07:37:57] ALARM Node3 Network latency critical
[2025-09-28 07:38:06] WARN Node2 Disk I/O performance degraded
[2025-09-28 07:38:17] ALARM Node2 Disk failed
[2025-09-28 07:38:34] ALARM Node3 Node unreachable
[2025-09-28 07:38:52] INFO Node2 Backup completed
[2025-09-28 07:39:05] WARN Node3 High latency detected
[2025-09-28 07:39:21] INFO Node3 Backup completed
[2025-09-28 07:39:32] ALARM Node2 Node unreachable
[2025-09-28 07:39:43] ALARM Node2 Disk failed
[2025-09-28 07:39:57] WARN Node3 High latency detected
[2025-09-28 07:39:59] INFO Node2 Backup completed
[2025-09-28 07:40:14] ALARM Node3 Network latency critical
[2025-09-28 07:40:16] WARN Node3 Disk I/O performance degraded
[2025-09-28 07:40:25] ALARM Node2 Network timeout
[2025-09-28 07:40:27] ALARM Node4 Network latency critical
[2025-09-28 07:40:28] WARN Node4 Network jitter observed
[2025-09-28 07:40:37] WARN Node4 CPU usage high
[2025-09-28 07:40:41] WARN Node1 Memory usage high
[2025-09-28 07:40:54] ALARM Node1 Network timeout
[2025-09-28 07:40:57] ALARM Node1 Node unreachable
[2025-09-28 07:41:06] WARN Node1 CPU usage high
[2025-09-28 07:41:14] ALARM Node2 Network latency critical
[2025-09-28 07:41:25] ALARM Node2 Disk failed
[2025-09-28 07:41:41] INFO Node4 Storage service started
[2025-09-28 07:41:59] INFO Node1 Connection established
[2025-09-28 07:42:05] INFO Node2 Backup completed
[2025-09-28 07:42:22] ALARM Node3 Node unreachable
[2025-09-28 07:42:31] WARN Node1 CPU usage high
[2025-09-28 07:42:43] WARN Node2 Disk I/O performance degraded
[2025-09-28 07:42:47] INFO Node1 Heartbeat OK
[2025-09-28 07:42:58] ALARM Node2 Network timeout
[2025-09-28 07:43:05] ALARM Node3 Network latency critical
[2025-09-28 07:43:06] WARN Node3 CPU usage high
[2025-09-28 07:43:26] INFO Node1 Backup completed
[2025-09-28 07:43:30] INFO Node4 Backup completed
[2025-09-28 07:43:35] INFO Node1 Replication successful
[2025-09-28 07:43:44] WARN Node4 CPU usage high
[2025-09-28 07:43:59] ALARM Node3 Network timeout
[2025-09-28 07:44:06] ALARM Node3 Disk failed
[2025-09-28 07:44:07] INFO Node4 Backup completed
[2025-09-28 07:44:27] WARN Node4 Memory usage high
[2025-09-28 07:44:42] INFO Node4 Heartbeat OK
[2025-09-28 07:45:01] ALARM Node3 Network latency critical
[2025-09-28 07:45:19] INFO Node1 Replication successful
[2025-09-28 07:45:34] INFO Node1 Backup completed
[2025-09-28 07:45:45] WARN Node4 Memory usage high
[2025-09-28 07:45:53] WARN Node1 Network jitter observed
[2025-09-28 07:45:58] WARN Node1 CPU usage high
[2025-09-28 07:46:07] WARN Node4 High latency detected
[2025-09-28 07:46:13] WARN Node4 CPU usage high
[2025-09-28 07:46:26] INFO Node3 Heartbeat OK
[2025-09-28 07:46:38] INFO Node2 Storage service started
[2025-09-28 07:46:52] INFO Node3 Replication successful
[2025-09-28 07:47:02] WARN Node1 Network jitter observed
[2025-09-28 07:47:09] INFO Node3 Storage service started
[2025-09-28 07:47:16] WARN Node2 Network jitter observed
[2025-09-28 07:47:34] INFO Node2 Storage service started
[2025-09-28 07:47:41] INFO Node2 Replication successful
[2025-09-28 07:47:58] WARN Node3 CPU usage high
[2025-09-28 07:48:07] WARN Node1 High latency detected
[2025-09-28 07:48:20] INFO Node4 Connection established
[2025-09-28 07:48:23] INFO Node4 Storage service started
[2025-09-28 07:48:35] INFO Node4 Replication successful
[2025-09-28 07:48:51] WARN Node3 Network jitter observed
[2025-09-28 07:49:01] INFO Node2 Storage service started
[2025-09-28 07:49:06] WARN Node1 Memory usage high
[2025-09-28 07:49:25] WARN Node4 Disk I/O performance degraded
[2025-09-28 07:49:37] ALARM Node2 Node unreachable
[2025-09-28 07:49:48] WARN Node1 Network jitter observed
[2025-09-28 07:49:52] ALARM Node1 Network timeout
[2025-09-28 07:50:07] INFO Node3 Storage service started
[2025-09-28 07:50:15] WARN Node4 Disk I/O performance degraded
[2025-09-28 07:50:29] ALARM Node3 Disk failed
[2025-09-28 07:50:33] ALARM Node4 Node unreachable
[2025-09-28 07:50:46] WARN Node2 Network jitter observed
[2025-09-28 07:51:02] WARN Node1 Memory usage high
[2025-09-28 07:51:11] WARN Node2 High latency detected
[2025-09-28 07:51:29] ALARM Node1 Node unreachable
[2025-09-28 07:51:49] INFO Node1 Storage service started
[2025-09-28 07:52:06] WARN Node2 Disk I/O performance degraded
[2025-09-28 07:52:23] ALARM Node2 Critical data loss risk
[2025-09-28 07:52:42] WARN Node2 Memory usage high
[2025-09-28 07:52:43] ALARM Node4 Network latency critical
[2025-09-28 07:53:02] INFO Node2 Replication successful
[2025-09-28 07:53:03] WARN Node3 Network jitter observed
[2025-09-28 07:53:13] INFO Node3 Storage service started
[2025-09-28 07:53:20] ALARM Node3 Node unreachable
[2025-09-28 07:53:24] INFO Node4 Heartbeat OK
[2025-09-28 07:53:27] WARN Node2 Network jitter observed
[2025-09-28 07:53:36] ALARM Node1 Network latency critical
[2025-09-28 07:53:51] ALARM Node1 Node unreachable
[2025-09-28 07:53:56] INFO Node4 Heartbeat OK
[2025-09-28 07:54:14] INFO Node4 Backup completed
[2025-09-28 07:54:28] ALARM Node3 Disk failed
[2025-09-28 07:54:44] INFO Node3 Connection established
[2025-09-28 07:54:57] INFO Node3 Connection established
[2025-09-28 07:55:16] ALARM Node2 Network timeout
[2025-09-28 07:55:34] WARN Node4 Network jitter observed
[2025-09-28 07:55:46] ALARM Node4 Node unreachable
[2025-09-28 07:55:55] ALARM Node4 Critical data loss risk
[2025-09-28 07:56:06] INFO Node2 Backup completed
[2025-09-28 07:56:23] WARN Node2 CPU usage high
[2025-09-28 07:56:37] INFO Node4 Backup completed
[2025-09-28 07:56:38] INFO Node2 Replication successful
[2025-09-28 07:56:58] WARN Node1 Network jitter observed
[2025-09-28 07:57:01] INFO Node4 Storage service started
[2025-09-28 07:57:10] WARN Node4 Disk I/O performance degraded
[2025-09-28 07:57:18] WARN Node2 Disk I/O performance degraded
[2025-09-28 07:57:22] ALARM Node1 Network latency critical
[2025-09-28 07:57:26] ALARM Node3 Network latency critical
[2025-09-28 07:57:46] INFO Node4 Connection established
[2025-09-28 07:58:06] ALARM Node4 Network latency critical
[2025-09-28 07:58:08] WARN Node3 Memory usage high
[2025-09-28 07:58:28] INFO Node3 Backup completed
[2025-09-28 07:58:46] INFO Node4 Connection established
[2025-09-28 07:58:51] INFO Node1 Heartbeat OK
[2025-09-28 07:59:05] WARN Node1 Memory usage high
[2025-09-28 07:59:07] INFO Node4 Connection established
[2025-09-28 07:59:27] ALARM Node1 Disk failed
[2025-09-28 07:59:36] ALARM Node4 Network timeout
[2025-09-28 07:59:37] ALARM Node4 Node unreachable
[2025-09-28 07:59:42] ALARM Node3 Network timeout
[2025-09-28 07:59:58] INFO Node1 Backup completed
[2025-09-28 08:00:03] WARN Node1 High latency detected
[2025-09-28 08:00:17] INFO Node3 Storage service started
[2025-09-28 08:00:33] INFO Node4 Heartbeat OK
[2025-09-28 08:00:39] WARN Node1 Network jitter observed
[2025-09-28 08:00:49] WARN Node3 Memory usage high
[2025-09-28 08:00:59] WARN Node4 Memory usage high
[2025-09-28 08:01:18] INFO Node1 Storage service started
[2025-09-28 08:01:19] ALARM Node3 Node unreachable
[2025-09-28 08:01:25] WARN Node2 High latency detected
[2025-09-28 08:01:34] INFO Node4 Backup completed
[2025-09-28 08:01:54] INFO Node2 Storage service started
[2025-09-28 08:02:10] WARN Node3 CPU usage high
[2025-09-28 08:02:15] WARN Node4 Memory usage high
[2025-09-28 08:02:33] INFO Node1 Storage service started
[2025-09-28 08:02:44] WARN Node4 Memory usage high
[2025-09-28 08:02:57] ALARM Node1 Network timeout
[2025-09-28 08:03:08] WARN Node3 CPU usage high
[2025-09-28 08:03:28] WARN Node4 Network jitter observed
[2025-09-28 08:03:32] WARN Node1 Network jitter observed
[2025-09-28 08:03:38] ALARM Node1 Disk failed
[2025-09-28 08:03:45] WARN Node3 CPU usage high
[2025-09-28 08:03:47] ALARM Node4 Disk failed
[2025-09-28 08:03:57] ALARM Node1 Disk failed
[2025-09-28 08:04:04] ALARM Node1 Network latency critical
[2025-09-28 08:04:21] ALARM Node3 Network latency critical
[2025-09-28 08:04:41] WARN Node4 Disk I/O performance degraded
[2025-09-28 08:05:01] INFO Node4 Connection established
[2025-09-28 08:05:21] WARN Node3 Disk I/O performance degraded
[2025-09-28 08:05:34] ALARM Node4 Disk failed
[2025-09-28 08:05:38] INFO Node1 Backup completed
[2025-09-28 08:05:43] WARN Node1 Network jitter observed
[2025-09-28 08:05:55] INFO Node4 Connection established
[2025-09-28 08:05:59] WARN Node1 CPU usage high
[2025-09-28 08:06:08] ALARM Node1 Network latency critical
[2025-09-28 08:06:28] ALARM Node2 Network latency critical
[2025-09-28 08:06:37] WARN Node2 Disk I/O performance degraded
[2025-09-28 08:06:44] INFO Node1 Storage service started
[2025-09-28 08:06:59] INFO Node3 Backup completed
[2025-09-28 08:07:10] WARN Node2 High latency detected
[2025-09-28 08:07:22] INFO Node4 Backup completed
[2025-09-28 08:07:42] WARN Node4 High latency detected
[2025-09-28 08:07:45] WARN Node1 Memory usage high
[2025-09-28 08:08:01] ALARM Node4 Disk failed
[2025-09-28 08:08:04] INFO Node2 Backup completed
[2025-09-28 08:08:20] WARN Node4 Disk I/O performance degraded
[2025-09-28 08:08:21] INFO Node1 Backup completed
[2025-09-28 08:08:27] ALARM Node1 Critical data loss risk
[2025-09-28 08:08:38] INFO Node1 Connection established
[2025-09-28 08:08:53] ALARM Node4 Network latency critical
[2025-09-28 08:09:08] ALARM Node1 Network latency critical
[2025-09-28 08:09:21] ALARM Node4 Node unreachable
[2025-09-28 08:09:25] ALARM Node3 Network timeout
[2025-09-28 08:09:42] ALARM Node2 Network timeout
[2025-09-28 08:09:58] ALARM Node3 Node unreachable
[2025-09-28 08:10:10] ALARM Node2 Critical data loss risk
[2025-09-28 08:10:19] WARN Node3 High latency detected
[2025-09-28 08:10:20] WARN Node4 CPU usage high
[2025-09-28 08:10:21] WARN Node4 Network jitter observed
[2025-09-28 08:10:30] WARN Node1 CPU usage high
[2025-09-28 08:10:47] ALARM Node4 Node unreachable
[2025-09-28 08:10:52] ALARM Node1 Network timeout
[2025-09-28 08:11:11] WARN Node3 High latency detected
[2025-09-28 08:11:29] INFO Node2 Heartbeat OK
[2025-09-28 08:11:49] WARN Node1 Network jitter observed
[2025-09-28 08:12:05] ALARM Node3 Disk failed
[2025-09-28 08:12:17] WARN Node3 CPU usage high
[2025-09-28 08:12:24] WARN Node4 CPU usage high
[2025-09-28 08:12:26] ALARM Node1 Node unreachable
[2025-09-28 08:12:39] WARN Node4 Network jitter observed
[2025-09-28 08:12:56] ALARM Node4 Network timeout
[2025-09-28 08:13:12] WARN Node2 Memory usage high
[2025-09-28 08:13:19] INFO Node3 Replication successful
[2025-09-28 08:13:37] INFO Node2 Storage service started
[2025-09-28 08:13:50] WARN Node1 CPU usage high
[2025-09-28 08:13:55] WARN Node1 Network jitter observed
[2025-09-28 08:13:59] INFO Node2 Storage service started
[2025-09-28 08:14:00] INFO Node3 Replication successful
[2025-09-28 08:14:17] WARN Node4 Disk I/O performance degraded
[2025-09-28 08:14:22] ALARM Node1 Disk failed
[2025-09-28 08:14:38] INFO Node4 Storage service started
[2025-09-28 08:14:46] ALARM Node3 Node unreachable
[2025-09-28 08:15:00] WARN Node1 Disk I/O performance degraded
[2025-09-28 08:15:04] INFO Node1 Heartbeat OK
[2025-09-28 08:15:06] WARN Node4 High latency detected
[2025-09-28 08:15:18] ALARM Node1 Critical data loss risk
[2025-09-28 08:15:31] ALARM Node2 Critical data loss risk
[2025-09-28 08:15:48] INFO Node1 Storage service started
[2025-09-28 08:15:56] INFO Node1 Storage service started
[2025-09-28 08:16:03] INFO Node4 Backup completed
[2025-09-28 08:16:14] INFO Node4 Replication successful
[2025-09-28 08:16:23] ALARM Node1 Network latency critical
[2025-09-28 08:16:33] INFO Node2 Replication successful
[2025-09-28 08:16:43] WARN Node4 CPU usage high
[2025-09-28 08:16:48] ALARM Node3 Network latency critical
[2025-09-28 08:16:54] WARN Node1 Disk I/O performance degraded
[2025-09-28 08:17:00] INFO Node3 Heartbeat OK
[2025-09-28 08:17:06] ALARM Node4 Network latency critical
[2025-09-28 08:17:22] INFO Node4 Storage service started
[2025-09-28 08:17:24] ALARM Node1 Node unreachable
[2025-09-28 08:17:34] ALARM Node4 Disk failed
[2025-09-28 08:17:36] ALARM Node1 Network timeout
[2025-09-28 08:17:45] ALARM Node2 Critical data loss risk
[2025-09-28 08:17:55] INFO Node2 Heartbeat OK
[2025-09-28 08:18:06] WARN Node3 CPU usage high
[2025-09-28 08:18:19] WARN Node3 High latency detected
[2025-09-28 08:18:20] INFO Node3 Heartbeat OK
[2025-09-28 08:18:35] WARN Node4 Disk I/O performance degraded
[2025-09-28 08:18:37] INFO Node4 Replication successful
[2025-09-28 08:18:42] INFO Node4 Heartbeat OK
[2025-09-28 08:18:44] ALARM Node2 Network timeout
[2025-09-28 08:18:59] ALARM Node4 Critical data loss risk
[2025-09-28 08:19:17] WARN Node4 CPU usage high
[2025-09-28 08:19:23] ALARM Node1 Node unreachable
[2025-09-28 08:19:34] INFO Node4 Backup completed
[2025-09-28 08:19:50] WARN Node3 CPU usage high
[2025-09-28 08:19:53] INFO Node2 Storage service started
[2025-09-28 08:19:59] INFO Node3 Storage service started
[2025-09-28 08:20:17] WARN Node3 Network jitter observed
[2025-09-28 08:20:19] ALARM Node4 Disk failed
[2025-09-28 08:20:29] WARN Node1 Network jitter observed
[2025-09-28 08:20:46] INFO Node4 Replication successful
[2025-09-28 08:21:02] ALARM Node1 Node unreachable
[2025-09-28 08:21:15] ALARM Node2 Network latency critical
[2025-09-28 08:21:25] ALARM Node2 Network timeout
[2025-09-28 08:21:42] WARN Node4 High latency detected
[2025-09-28 08:21:45] INFO Node4 Storage service started
[2025-09-28 08:21:54] WARN Node3 Disk I/O performance degraded
[2025-09-28 08:22:13] INFO Node2 Connection established
[2025-09-28 08:22:25] WARN Node4 High latency detected
[2025-09-28 08:22:38] ALARM Node2 Network latency critical
[2025-09-28 08:22:58] WARN Node1 Disk I/O performance degraded
[2025-09-28 08:23:05] INFO Node2 Connection established
[2025-09-28 08:23:19] INFO Node1 Replication successful
[2025-09-28 08:23:27] ALARM Node3 Critical data loss risk
[2025-09-28 08:23:40] WARN Node1 High latency detected
[2025-09-28 08:23:51] ALARM Node4 Node unreachable
[2025-09-28 08:23:58] ALARM Node2 Network timeout
[2025-09-28 08:24:02] INFO Node2 Backup completed
[2025-09-28 08:24:20] WARN Node3 High latency detected
[2025-09-28 08:24:28] ALARM Node2 Network latency critical
[2025-09-28 08:24:34] WARN Node3 Disk I/O performance degraded
[2025-09-28 08:24:38] WARN Node1 Network jitter observed
[2025-09-28 08:24:53] INFO Node2 Heartbeat OK
[2025-09-28 08:25:03] ALARM Node2 Network timeout
[2025-09-28 08:25:11] INFO Node2 Backup completed
[2025-09-28 08:25:31] ALARM Node1 Critical data loss risk
[2025-09-28 08:25:38] ALARM Node3 Network latency critical
[2025-09-28 08:25:51] ALARM Node3 Disk failed
[2025-09-28 08:26:10] ALARM Node3 Node unreachable
[2025-09-28 08:26:18] ALARM Node3 Network latency critical
[2025-09-28 08:26:28] ALARM Node3 Disk failed
[2025-09-28 08:26:40] WARN Node3 CPU usage high
[2025-09-28 08:26:47] ALARM Node1 Disk failed
[2025-09-28 08:26:49] WARN Node2 Network jitter observed
[2025-09-28 08:27:00] INFO Node1 Heartbeat OK
[2025-09-28 08:27:10] ALARM Node3 Network timeout
[2025-09-28 08:27:23] ALARM Node1 Disk failed
[2025-09-28 08:27:31] WARN Node2 Disk I/O performance degraded
[2025-09-28 08:27:33] ALARM Node4 Network latency critical
[2025-09-28 08:27:51] WARN Node3 High latency detected
[2025-09-28 08:28:11] WARN Node3 High latency detected
[2025-09-28 08:28:19] WARN Node3 Memory usage high
[2025-09-28 08:28:30] WARN Node3 CPU usage high
[2025-09-28 08:28:46] ALARM Node1 Network timeout
[2025-09-28 08:29:05] ALARM Node2 Node unreachable
[2025-09-28 08:29:13] INFO Node4 Backup completed
[2025-09-28 08:29:23] ALARM Node3 Network timeout
[2025-09-28 08:29:36] ALARM Node1 Network latency critical
[2025-09-28 08:29:37] WARN Node1 High latency detected
[2025-09-28 08:29:50] WARN Node2 Network jitter observed
[2025-09-28 08:29:58] WARN Node3 High latency detected
[2025-09-28 08:30:11] INFO Node4 Heartbeat OK
[2025-09-28 08:30:25] INFO Node4 Replication successful
[2025-09-28 08:30:39] INFO Node3 Storage service started
[2025-09-28 08:30:47] WARN Node2 High latency detected
[2025-09-28 08:30:51] ALARM Node1 Critical data loss risk
[2025-09-28 08:30:54] INFO Node2 Connection established
[2025-09-28 08:30:56] ALARM Node1 Network timeout
[2025-09-28 08:31:15] WARN Node4 CPU usage high
[2025-09-28 08:31:30] WARN Node1 Network jitter observed
[2025-09-28 08:31:46] WARN Node2 Memory usage high
[2025-09-28 08:31:57] WARN Node1 Disk I/O performance degraded
[2025-09-28 08:32:08] ALARM Node1 Disk failed
[2025-09-28 08:32:23] ALARM Node3 Network latency critical
[2025-09-28 08:32:25] WARN Node1 CPU usage high
[2025-09-28 08:32:42] INFO Node2 Heartbeat OK
[2025-09-28 08:32:58] WARN Node1 Memory usage high
[2025-09-28 08:33:14] ALARM Node1 Node unreachable
[2025-09-28 08:33:22] ALARM Node2 Critical data loss risk
[2025-09-28 08:33:41] INFO Node4 Replication successful
[2025-09-28 08:33:51] WARN Node4 CPU usage high
[2025-09-28 08:34:01] INFO Node3 Replication successful
[2025-09-28 08:34:19] ALARM Node1 Network timeout
[2025-09-28 08:34:37] WARN Node2 Network jitter observed
[2025-09-28 08:34:54] INFO Node2 Heartbeat OK
[2025-09-28 08:35:08] ALARM Node4 Node unreachable
[2025-09-28 08:35:09] WARN Node4 CPU usage high
[2025-09-28 08:35:13] ALARM Node1 Network latency critical
[2025-09-28 08:35:28] INFO Node4 Storage service started
[2025-09-28 08:35:39] WARN Node1 CPU usage high
[2025-09-28 08:35:40] ALARM Node2 Critical data loss risk
[2025-09-28 08:35:41] ALARM Node4 Disk failed
[2025-09-28 08:35:43] ALARM Node1 Network latency critical
[2025-09-28 08:35:46] ALARM Node1 Node unreachable
[2025-09-28 08:35:52] INFO Node4 Storage service started
[2025-09-28 08:35:55] ALARM Node2 Node unreachable
[2025-09-28 08:35:57] WARN Node2 Disk I/O performance degraded
[2025-09-28 08:36:16] ALARM Node2 Network latency critical
[2025-09-28 08:36:22] ALARM Node1 Critical data loss risk
[2025-09-28 08:36:39] WARN Node1 Memory usage high
[2025-09-28 08:36:44] INFO Node1 Heartbeat OK
[2025-09-28 08:37:04] ALARM Node2 Network timeout
[2025-09-28 08:37:15] ALARM Node3 Disk failed
[2025-09-28 08:37:25] INFO Node3 Replication successful
[2025-09-28 08:37:38] ALARM Node2 Disk failed
[2025-09-28 08:37:53] WARN Node3 Memory usage high
[2025-09-28 08:37:54] INFO Node2 Connection established
[2025-09-28 08:38:04] INFO Node2 Connection established
[2025-09-28 08:38:19] INFO Node1 Storage service started
[2025-09-28 08:38:39] ALARM Node1 Network timeout
[2025-09-28 08:38:51] WARN Node1 Memory usage high
[2025-09-28 08:39:02] WARN Node3 Memory usage high
[2025-09-28 08:39:04] WARN Node1 Network jitter observed
[2025-09-28 08:39:21] WARN Node1 Memory usage high
[2025-09-28 08:39:39] INFO Node4 Backup completed
[2025-09-28 08:39:42] ALARM Node4 Network latency critical
[2025-09-28 08:39:54] ALARM Node2 Disk failed
[2025-09-28 08:40:13] WARN Node3 Network jitter observed
[2025-09-28 08:40:29] ALARM Node1 Node unreachable
[2025-09-28 08:40:40] ALARM Node4 Network latency critical
[2025-09-28 08:40:46] INFO Node1 Connection established
[2025-09-28 08:41:02] INFO Node2 Connection established
[2025-09-28 08:41:03] ALARM Node4 Disk failed
[2025-09-28 08:41:17] ALARM Node4 Disk failed
[2025-09-28 08:41:35] INFO Node2 Backup completed
[2025-09-28 08:41:39] INFO Node4 Replication successful
[2025-09-28 08:41:59] INFO Node4 Connection established
[2025-09-28 08:42:14] ALARM Node1 Network timeout
[2025-09-28 08:42:15] ALARM Node2 Network latency critical
[2025-09-28 08:42:32] WARN Node3 Disk I/O performance degraded
[2025-09-28 08:42:45] WARN Node2 High latency detected
[2025-09-28 08:42:48] INFO Node3 Storage service started
[2025-09-28 08:42:59] WARN Node1 Memory usage high
[2025-09-28 08:43:02] ALARM Node1 Critical data loss risk
[2025-09-28 08:43:19] INFO Node2 Backup completed
[2025-09-28 08:43:26] INFO Node2 Backup completed
[2025-09-28 08:43:34] INFO Node4 Backup completed
[2025-09-28 08:43:41] ALARM Node3 Network timeout
[2025-09-28 08:43:46] INFO Node1 Backup completed
[2025-09-28 08:43:52] WARN Node2 Disk I/O performance degraded
[2025-09-28 08:44:09] ALARM Node4 Network timeout
[2025-09-28 08:44:24] INFO Node1 Connection established
[2025-09-28 08:44:37] WARN Node1 High latency detected
[2025-09-28 08:44:45] INFO Node2 Storage service started
[2025-09-28 08:44:46] ALARM Node2 Network latency critical
[2025-09-28 08:45:05] ALARM Node3 Network timeout
[2025-09-28 08:45:12] ALARM Node1 Network latency critical
[2025-09-28 08:45:24] INFO Node1 Storage service started
[2025-09-28 08:45:43] ALARM Node3 Disk failed
[2025-09-28 08:45:50] ALARM Node4 Node unreachable
[2025-09-28 08:46:01] WARN Node1 CPU usage high
[2025-09-28 08:46:04] WARN Node3 CPU usage high
[2025-09-28 08:46:18] INFO Node1 Heartbeat OK
[2025-09-28 08:46:30] INFO Node2 Heartbeat OK
[2025-09-28 08:46:49] WARN Node4 CPU usage high
[2025-09-28 08:47:02] INFO Node1 Connection established
[2025-09-28 08:47:22] WARN Node3 CPU usage high
[2025-09-28 08:47:26] WARN Node3 High latency detected
[2025-09-28 08:47:31] ALARM Node1 Node unreachable
[2025-09-28 08:47:45] WARN Node4 Network jitter observed
[2025-09-28 08:47:57] ALARM Node1 Network latency critical
[2025-09-28 08:48:08] INFO Node2 Heartbeat OK
[2025-09-28 08:48:21] INFO Node3 Backup completed
[2025-09-28 08:48:22] INFO Node3 Backup completed
[2025-09-28 08:48:30] WARN Node1 Disk I/O performance degraded
[2025-09-28 08:48:41] ALARM Node4 Network timeout
[2025-09-28 08:48:57] ALARM Node1 Node unreachable
[2025-09-28 08:49:06] ALARM Node4 Critical data loss risk
[2025-09-28 08:49:18] INFO Node1 Connection established
[2025-09-28 08:49:26] ALARM Node2 Network latency critical
[2025-09-28 08:49:31] ALARM Node2 Node unreachable
[2025-09-28 08:49:41] INFO Node1 Replication successful
[2025-09-28 08:49:46] INFO Node2 Backup completed
[2025-09-28 08:49:58] INFO Node3 Connection established
[2025-09-28 08:50:04] INFO Node4 Heartbeat OK
[2025-09-28 08:50:10] INFO Node3 Backup completed
[2025-09-28 08:50:19] WARN Node3 High latency detected
[2025-09-28 08:50:33] ALARM Node4 Network timeout
[2025-09-28 08:50:49] ALARM Node2 Network timeout
[2025-09-28 08:51:07] ALARM Node1 Disk failed
[2025-09-28 08:51:16] WARN Node2 Disk I/O performance degraded
[2025-09-28 08:51:29] ALARM Node4 Node unreachable
[2025-09-28 08:51:37] WARN Node4 CPU usage high
[2025-09-28 08:51:56] WARN Node3 High latency detected
[2025-09-28 08:52:12] ALARM Node1 Network latency critical
[2025-09-28 08:52:18] INFO Node2 Backup completed
[2025-09-28 08:52:24] WARN Node3 Disk I/O performance degraded
[2025-09-28 08:52:25] ALARM Node4 Network latency critical
[2025-09-28 08:52:44] ALARM Node1 Node unreachable
[2025-09-28 08:52:58] WARN Node3 High latency detected
[2025-09-28 08:53:06] ALARM Node3 Network timeout
[2025-09-28 08:53:14] INFO Node1 Storage service started
[2025-09-28 08:53:31] ALARM Node4 Network timeout
[2025-09-28 08:53:46] WARN Node1 CPU usage high
[2025-09-28 08:53:47] ALARM Node2 Node unreachable
[2025-09-28 08:54:03] WARN Node4 High latency detected
[2025-09-28 08:54:11] ALARM Node3 Network timeout
[2025-09-28 08:54:13] WARN Node4 High latency detected
[2025-09-28 08:54:19] INFO Node1 Storage service started
[2025-09-28 08:54:20] WARN Node3 Memory usage high
[2025-09-28 08:54:36] INFO Node2 Connection established
[2025-09-28 08:54:48] WARN Node4 Memory usage high
[2025-09-28 08:55:06] ALARM Node3 Network latency critical
[2025-09-28 08:55:21] INFO Node1 Connection established
[2025-09-28 08:55:35] WARN Node1 Memory usage high
[2025-09-28 08:55:50] ALARM Node1 Critical data loss risk
[2025-09-28 08:55:57] WARN Node3 Disk I/O performance degraded
[2025-09-28 08:56:17] ALARM Node3 Network timeout
[2025-09-28 08:56:18] ALARM Node2 Node unreachable
[2025-09-28 08:56:25] WARN Node1 Memory usage high
[2025-09-28 08:56:43] INFO Node1 Connection established
[2025-09-28 08:56:44] WARN Node2 Network jitter observed
[2025-09-28 08:56:47] ALARM Node1 Critical data loss risk
[2025-09-28 08:56:59] INFO Node4 Replication successful
[2025-09-28 08:57:14] ALARM Node3 Node unreachable
[2025-09-28 08:57:27] ALARM Node1 Network timeout
[2025-09-28 08:57:45] ALARM Node4 Network timeout
[2025-09-28 08:57:49] ALARM Node4 Network timeout
[2025-09-28 08:58:06] INFO Node1 Connection established
[2025-09-28 08:58:09] ALARM Node2 Disk failed
[2025-09-28 08:58:25] ALARM Node1 Node unreachable
[2025-09-28 08:58:35] WARN Node3 Memory usage high
[2025-09-28 08:58:38] INFO Node2 Replication successful
[2025-09-28 08:58:40] ALARM Node4 Network latency critical
[2025-09-28 08:58:46] INFO Node3 Backup completed
[2025-09-28 08:58:47] INFO Node2 Replication successful
[2025-09-28 08:58:50] WARN Node3 Memory usage high
[2025-09-28 08:58:52] INFO Node3 Heartbeat OK
[2025-09-28 08:59:05] WARN Node2 Memory usage high
[2025-09-28 08:59:08] ALARM Node2 Node unreachable
[2025-09-28 08:59:09] ALARM Node2 Critical data loss risk
[2025-09-28 08:59:27] INFO Node3 Replication successful
[2025-09-28 08:59:38] ALARM Node3 Critical data loss risk
[2025-09-28 08:59:51] ALARM Node3 Critical data loss risk
[2025-09-28 08:59:52] INFO Node2 Backup completed
[2025-09-28 09:00:01] INFO Node4 Storage service started
[2025-09-28 09:00:11] ALARM Node3 Node unreachable
[2025-09-28 09:00:14] INFO Node3 Heartbeat OK
[2025-09-28 09:00:22] INFO Node4 Replication successful
[2025-09-28 09:00:28] INFO Node1 Heartbeat OK
[2025-09-28 09:00:47] INFO Node2 Replication successful
[2025-09-28 09:01:07] WARN Node3 Disk I/O performance degraded
[2025-09-28 09:01:14] ALARM Node1 Network latency critical
[2025-09-28 09:01:16] INFO Node3 Connection established
[2025-09-28 09:01:27] INFO Node1 Connection established
[2025-09-28 09:01:28] ALARM Node1 Disk failed
[2025-09-28 09:01:47] ALARM Node2 Critical data loss risk
[2025-09-28 09:01:50] INFO Node3 Connection established
[2025-09-28 09:01:59] WARN Node2 Memory usage high
[2025-09-28 09:02:15] INFO Node1 Storage service started
[2025-09-28 09:02:18] WARN Node2 CPU usage high
[2025-09-28 09:02:21] WARN Node3 CPU usage high
[2025-09-28 09:02:38] INFO Node2 Backup completed
[2025-09-28 09:02:45] WARN Node3 Memory usage high
[2025-09-28 09:03:01] WARN Node1 Memory usage high
[2025-09-28 09:03:21] WARN Node2 Memory usage high
[2025-09-28 09:03:23] WARN Node4 CPU usage high
[2025-09-28 09:03:33] INFO Node1 Backup completed
[2025-09-28 09:03:45] INFO Node4 Backup completed
[2025-09-28 09:03:50] ALARM Node3 Critical data loss risk
[2025-09-28 09:04:03] ALARM Node4 Critical data loss risk
[2025-09-28 09:04:07] WARN Node2 Memory usage high
[2025-09-28 09:04:19] WARN Node1 Disk I/O performance degraded
[2025-09-28 09:04:24] WARN Node2 Memory usage high
[2025-09-28 09:04:44] WARN Node2 CPU usage high
[2025-09-28 09:04:51] INFO Node2 Replication successful
[2025-09-28 09:05:10] INFO Node4 Backup completed
[2025-09-28 09:05:21] INFO Node4 Storage service started
[2025-09-28 09:05:26] ALARM Node1 Network latency critical
[2025-09-28 09:05:44] WARN Node4 High latency detected
[2025-09-28 09:05:45] ALARM Node2 Disk failed
[2025-09-28 09:06:03] WARN Node3 CPU usage high
[2025-09-28 09:06:06] WARN Node2 Network jitter observed
[2025-09-28 09:06:13] INFO Node3 Replication successful
[2025-09-28 09:06:25] ALARM Node4 Disk failed
[2025-09-28 09:06:35] INFO Node4 Backup completed
[2025-09-28 09:06:37] WARN Node3 CPU usage high
[2025-09-28 09:06:48] ALARM Node1 Disk failed
[2025-09-28 09:06:49] WARN Node2 Network jitter observed
[2025-09-28 09:06:56] WARN Node3 Memory usage high
[2025-09-28 09:07:06] INFO Node4 Replication successful
[2025-09-28 09:07:19] WARN Node2 Disk I/O performance degraded
[2025-09-28 09:07:38] WARN Node1 Disk I/O performance degraded
[2025-09-28 09:07:43] ALARM Node3 Node unreachable
[2025-09-28 09:07:50] ALARM Node1 Critical data loss risk
[2025-09-28 09:08:03] WARN Node1 Disk I/O performance degraded
[2025-09-28 09:08:10] WARN Node2 Memory usage high
[2025-09-28 09:08:28] INFO Node4 Connection established
[2025-09-28 09:08:38] WARN Node2 Network jitter observed
[2025-09-28 09:08:55] WARN Node1 High latency detected
[2025-09-28 09:08:56] WARN Node2 Disk I/O performance degraded
[2025-09-28 09:09:08] WARN Node3 Disk I/O performance degraded
[2025-09-28 09:09:16] ALARM Node2 Critical data loss risk
[2025-09-28 09:09:35] INFO Node1 Backup completed
[2025-09-28 09:09:41] ALARM Node1 Critical data loss risk
[2025-09-28 09:10:01] WARN Node3 Disk I/O performance degraded
[2025-09-28 09:10:18] ALARM Node2 Critical data loss risk
[2025-09-28 09:10:27] INFO Node4 Connection established
[2025-09-28 09:10:40] INFO Node4 Storage service started
[2025-09-28 09:10:56] ALARM Node3 Network latency critical
[2025-09-28 09:10:58] WARN Node2 CPU usage high
[2025-09-28 09:11:11] ALARM Node1 Critical data loss risk
[2025-09-28 09:11:16] WARN Node3 High latency detected
[2025-09-28 09:11:35] WARN Node2 Disk I/O performance degraded
[2025-09-28 09:11:46] WARN Node4 Network jitter observed
[2025-09-28 09:11:58] ALARM Node2 Disk failed
[2025-09-28 09:12:11] WARN Node1 CPU usage high
[2025-09-28 09:12:21] WARN Node4 Memory usage high
[2025-09-28 09:12:23] WARN Node3 Memory usage high
[2025-09-28 09:12:38] WARN Node3 Memory usage high
[2025-09-28 09:12:49] INFO Node4 Connection established
[2025-09-28 09:12:54] ALARM Node3 Critical data loss risk
[2025-09-28 09:13:14] WARN Node3 High latency detected
[2025-09-28 09:13:15] INFO Node1 Storage service started
[2025-09-28 09:13:26] WARN Node4 High latency detected
[2025-09-28 09:13:42] ALARM Node3 Network timeout
[2025-09-28 09:13:44] WARN Node1 Disk I/O performance degraded
[2025-09-28 09:14:02] ALARM Node2 Network timeout
[2025-09-28 09:14:15] INFO Node1 Storage service started
[2025-09-28 09:14:30] WARN Node4 Memory usage high
[2025-09-28 09:14:41] INFO Node4 Storage service started
[2025-09-28 09:14:43] WARN Node4 Network jitter observed
[2025-09-28 09:14:55] INFO Node4 Storage service started
[2025-09-28 09:15:02] INFO Node1 Connection established
[2025-09-28 09:15:12] INFO Node3 Replication successful
[2025-09-28 09:15:25] WARN Node2 High latency detected
[2025-09-28 09:15:33] WARN Node3 Disk I/O performance degraded
[2025-09-28 09:15:35] WARN Node4 CPU usage high
[2025-09-28 09:15:48] INFO Node3 Replication successful
[2025-09-28 09:15:56] ALARM Node4 Disk failed
[2025-09-28 09:16:07] WARN Node4 High latency detected
[2025-09-28 09:16:11] ALARM Node2 Network timeout
[2025-09-28 09:16:28] WARN Node3 Network jitter observed
[2025-09-28 09:16:46] ALARM Node4 Node unreachable
[2025-09-28 09:16:48] WARN Node4 High latency detected
[2025-09-28 09:16:59] INFO Node3 Heartbeat OK
[2025-09-28 09:17:12] INFO Node3 Heartbeat OK
[2025-09-28 09:17:13] WARN Node4 Network jitter observed
[2025-09-28 09:17:16] ALARM Node4 Network latency critical
[2025-09-28 09:17:24] WARN Node2 Network jitter observed
[2025-09-28 09:17:44] WARN Node4 Network jitter observed
[2025-09-28 09:17:49] ALARM Node4 Critical data loss risk
[2025-09-28 09:18:05] WARN Node1 Memory usage high
[2025-09-28 09:18:25] INFO Node3 Replication successful
[2025-09-28 09:18:32] ALARM Node4 Disk failed
[2025-09-28 09:18:52] WARN Node3 Network jitter observed
[2025-09-28 09:19:10] ALARM Node3 Critical data loss risk
[2025-09-28 09:19:28] ALARM Node4 Node unreachable
[2025-09-28 09:19:35] WARN Node2 Disk I/O performance degraded
[2025-09-28 09:19:53] WARN Node1 High latency detected
[2025-09-28 09:20:04] WARN Node3 Disk I/O performance degraded
[2025-09-28 09:20:18] INFO Node3 Replication successful
[2025-09-28 09:20:27] WARN Node4 Network jitter observed
[2025-09-28 09:20:36] ALARM Node3 Critical data loss risk
[2025-09-28 09:20:54] INFO Node4 Heartbeat OK
[2025-09-28 09:21:10] INFO Node2 Heartbeat OK
[2025-09-28 09:21:23] INFO Node2 Connection established
[2025-09-28 09:21:25] WARN Node3 CPU usage high
[2025-09-28 09:21:43] INFO Node3 Connection established
[2025-09-28 09:22:00] ALARM Node3 Disk failed
[2025-09-28 09:22:07] INFO Node3 Backup completed
[2025-09-28 09:22:20] ALARM Node4 Disk failed
[2025-09-28 09:22:37] INFO Node4 Storage service started
[2025-09-28 09:22:48] WARN Node3 Memory usage high
[2025-09-28 09:22:55] ALARM Node1 Critical data loss risk
[2025-09-28 09:23:02] WARN Node1 Memory usage high
[2025-09-28 09:23:08] ALARM Node3 Critical data loss risk
[2025-09-28 09:23:23] INFO Node2 Backup completed
[2025-09-28 09:23:37] WARN Node2 Memory usage high
[2025-09-28 09:23:46] ALARM Node1 Critical data loss risk
[2025-09-28 09:23:56] INFO Node4 Storage service started
[2025-09-28 09:24:15] WARN Node4 Memory usage high
[2025-09-28 09:24:29] ALARM Node3 Disk failed
[2025-09-28 09:24:49] INFO Node2 Storage service started
[2025-09-28 09:25:05] WARN Node2 Disk I/O performance degraded
[2025-09-28 09:25:21] ALARM Node2 Node unreachable
[2025-09-28 09:25:39] ALARM Node4 Critical data loss risk
[2025-09-28 09:25:57] ALARM Node2 Critical data loss risk
[2025-09-28 09:26:07] ALARM Node2 Node unreachable
[2025-09-28 09:26:11] INFO Node1 Connection established
[2025-09-28 09:26:25] ALARM Node4 Node unreachable
[2025-09-28 09:26:32] INFO Node4 Storage service started
[2025-09-28 09:26:36] WARN Node3 Memory usage high
[2025-09-28 09:26:50] ALARM Node3 Critical data loss risk
[2025-09-28 09:27:04] WARN Node1 Network jitter observed
[2025-09-28 09:27:21] ALARM Node2 Disk failed
[2025-09-28 09:27:35] ALARM Node1 Disk failed
[2025-09-28 09:27:37] WARN Node4 Disk I/O performance degraded
[2025-09-28 09:27:57] WARN Node2 Disk I/O performance degraded
[2025-09-28 09:27:59] INFO Node4 Backup completed
[2025-09-28 09:28:11] INFO Node1 Connection established
[2025-09-28 09:28:31] ALARM Node3 Disk failed
[2025-09-28 09:28:49] ALARM Node2 Node unreachable
[2025-09-28 09:28:56] ALARM Node4 Network latency critical
[2025-09-28 09:29:15] ALARM Node4 Node unreachable
[2025-09-28 09:29:21] INFO Node4 Connection established
[2025-09-28 09:29:31] ALARM Node3 Network timeout
[2025-09-28 09:29:35] ALARM Node4 Critical data loss risk
[2025-09-28 09:29:48] INFO Node1 Storage service started
[2025-09-28 09:29:57] WARN Node2 Memory usage high
[2025-09-28 09:30:06] ALARM Node3 Critical data loss risk
[2025-09-28 09:30:10] ALARM Node2 Network latency critical
[2025-09-28 09:30:21] ALARM Node4 Disk failed
[2025-09-28 09:30:30] WARN Node2 CPU usage high
[2025-09-28 09:30:34] WARN Node3 Memory usage high
[2025-09-28 09:30:54] INFO Node2 Heartbeat OK
[2025-09-28 09:31:09] INFO Node2 Backup completed
[2025-09-28 09:31:25] ALARM Node3 Critical data loss risk
[2025-09-28 09:31:43] WARN Node3 Disk I/O performance degraded
[2025-09-28 09:31:44] INFO Node4 Backup completed
[2025-09-28 09:31:46] INFO Node3 Storage service started
[2025-09-28 09:32:02] WARN Node1 CPU usage high
[2025-09-28 09:32:04] INFO Node4 Connection established
[2025-09-28 09:32:22] INFO Node3 Heartbeat OK
[2025-09-28 09:32:29] ALARM Node2 Network latency critical
[2025-09-28 09:32:47] WARN Node3 CPU usage high
[2025-09-28 09:32:49] INFO Node4 Storage service started
[2025-09-28 09:32:57] INFO Node1 Connection established
[2025-09-28 09:33:15] WARN Node1 Memory usage high
[2025-09-28 09:33:19] WARN Node3 Network jitter observed
[2025-09-28 09:33:32] INFO Node1 Backup completed
[2025-09-28 09:33:51] ALARM Node4 Disk failed
[2025-09-28 09:33:52] ALARM Node4 Node unreachable
[2025-09-28 09:34:08] ALARM Node2 Network timeout
[2025-09-28 09:34:12] WARN Node2 High latency detected
[2025-09-28 09:34:13] WARN Node4 CPU usage high
[2025-09-28 09:34:31] ALARM Node2 Network timeout
[2025-09-28 09:34:47] WARN Node4 Disk I/O performance degraded
[2025-09-28 09:34:55] ALARM Node3 Node unreachable
[2025-09-28 09:35:04] WARN Node1 Memory usage high
[2025-09-28 09:35:13] ALARM Node4 Network latency critical
[2025-09-28 09:35:32] WARN Node1 High latency detected
[2025-09-28 09:35:50] ALARM Node3 Node unreachable
[2025-09-28 09:36:08] ALARM Node2 Critical data loss risk
[2025-09-28 09:36:19] WARN Node4 CPU usage high
[2025-09-28 09:36:37] WARN Node2 CPU usage high
[2025-09-28 09:36:57] WARN Node4 Memory usage high
[2025-09-28 09:37:06] WARN Node1 Memory usage high
[2025-09-28 09:37:25] ALARM Node1 Disk failed
[2025-09-28 09:37:43] WARN Node4 Disk I/O performance degraded
[2025-09-28 09:38:00] WARN Node4 Disk I/O performance degraded
[2025-09-28 09:38:19] INFO Node3 Replication successful
[2025-09-28 09:38:21] ALARM Node3 Disk failed
[2025-09-28 09:38:38] INFO Node3 Backup completed
[2025-09-28 09:38:44] WARN Node1 Disk I/O performance degraded
[2025-09-28 09:38:53] INFO Node3 Storage service started
[2025-09-28 09:39:10] WARN Node4 Network jitter observed
[2025-09-28 09:39:24] ALARM Node1 Network timeout
[2025-09-28 09:39:36] INFO Node1 Backup completed
[2025-09-28 09:39:45] INFO Node3 Replication successful
[2025-09-28 09:40:00] INFO Node3 Backup completed
[2025-09-28 09:40:16] INFO Node4 Storage service started
[2025-09-28 09:40:25] ALARM Node1 Network timeout
[2025-09-28 09:40:26] INFO Node2 Backup completed
[2025-09-28 09:40:29] INFO Node4 Replication successful
[2025-09-28 09:40:47] INFO Node2 Heartbeat OK
[2025-09-28 09:40:58] WARN Node2 Memory usage high
[2025-09-28 09:41:12] WARN Node2 Disk I/O performance degraded
[2025-09-28 09:41:32] WARN Node3 Memory usage high
[2025-09-28 09:41:44] ALARM Node4 Disk failed
[2025-09-28 09:41:46] INFO Node4 Replication successful
[2025-09-28 09:42:05] WARN Node3 Disk I/O performance degraded
[2025-09-28 09:42:18] WARN Node4 Disk I/O performance degraded
[2025-09-28 09:42:38] WARN Node1 Network jitter observed
[2025-09-28 09:42:54] WARN Node2 Memory usage high
[2025-09-28 09:43:12] ALARM Node3 Network timeout
[2025-09-28 09:43:17] WARN Node1 Disk I/O performance degraded
[2025-09-28 09:43:18] ALARM Node3 Disk failed
[2025-09-28 09:43:20] ALARM Node2 Critical data loss risk
[2025-09-28 09:43:34] WARN Node3 Memory usage high
[2025-09-28 09:43:44] WARN Node3 High latency detected
[2025-09-28 09:43:59] WARN Node4 Disk I/O performance degraded
[2025-09-28 09:44:00] INFO Node3 Storage service started
[2025-09-28 09:44:06] INFO Node4 Replication successful
[2025-09-28 09:44:20] WARN Node3 Network jitter observed
[2025-09-28 09:44:38] ALARM Node4 Network timeout
[2025-09-28 09:44:47] WARN Node2 CPU usage high
[2025-09-28 09:44:53] ALARM Node1 Disk failed
[2025-09-28 09:45:02] WARN Node4 High latency detected
[2025-09-28 09:45:05] WARN Node1 Network jitter observed
[2025-09-28 09:45:22] INFO Node4 Replication successful
[2025-09-28 09:45:25] INFO Node3 Heartbeat OK
[2025-09-28 09:45:45] ALARM Node3 Network timeout
[2025-09-28 09:46:05] WARN Node4 CPU usage high
[2025-09-28 09:46:16] ALARM Node3 Network latency critical
[2025-09-28 09:46:30] ALARM Node2 Critical data loss risk
[2025-09-28 09:46:47] WARN Node3 Memory usage high
[2025-09-28 09:46:51] INFO Node2 Storage service started
[2025-09-28 09:46:56] INFO Node4 Replication successful
[2025-09-28 09:47:02] INFO Node2 Backup completed
[2025-09-28 09:47:07] INFO Node4 Heartbeat OK
[2025-09-28 09:47:26] INFO Node3 Heartbeat OK
[2025-09-28 09:47:31] INFO Node3 Connection established
[2025-09-28 09:47:46] INFO Node4 Backup completed
[2025-09-28 09:47:57] WARN Node1 Disk I/O performance degraded
[2025-09-28 09:48:10] WARN Node3 High latency detected
[2025-09-28 09:48:23] WARN Node3 Disk I/O performance degraded
[2025-09-28 09:48:42] INFO Node2 Storage service started
[2025-09-28 09:48:52] INFO Node3 Replication successful
[2025-09-28 09:49:09] ALARM Node3 Critical data loss risk
[2025-09-28 09:49:18] INFO Node3 Replication successful
[2025-09-28 09:49:35] WARN Node4 High latency detected
[2025-09-28 09:49:37] WARN Node1 High latency detected
[2025-09-28 09:49:53] ALARM Node1 Critical data loss risk
[2025-09-28 09:50:03] INFO Node4 Backup completed
[2025-09-28 09:50:14] INFO Node3 Heartbeat OK
[2025-09-28 09:50:18] ALARM Node4 Network latency critical
[2025-09-28 09:50:29] ALARM Node3 Network latency critical
[2025-09-28 09:50:36] WARN Node2 Memory usage high
[2025-09-28 09:50:56] ALARM Node1 Node unreachable
[2025-09-28 09:51:02] INFO Node4 Backup completed
[2025-09-28 09:51:11] WARN Node4 Memory usage high
[2025-09-28 09:51:24] WARN Node3 Memory usage high
[2025-09-28 09:51:36] ALARM Node4 Network latency critical
[2025-09-28 09:51:47] WARN Node2 Disk I/O performance degraded
[2025-09-28 09:51:55] INFO Node2 Replication successful
[2025-09-28 09:51:58] INFO Node1 Replication successful
[2025-09-28 09:52:11] ALARM Node4 Node unreachable
[2025-09-28 09:52:27] INFO Node1 Replication successful
[2025-09-28 09:52:43] WARN Node1 CPU usage high
[2025-09-28 09:52:51] INFO Node2 Replication successful
[2025-09-28 09:52:52] ALARM Node1 Disk failed
[2025-09-28 09:52:53] ALARM Node4 Network latency critical
[2025-09-28 09:53:09] ALARM Node1 Critical data loss risk
[2025-09-28 09:53:27] INFO Node3 Backup completed
[2025-09-28 09:53:36] INFO Node3 Storage service started
[2025-09-28 09:53:52] ALARM Node3 Critical data loss risk
[2025-09-28 09:53:57] ALARM Node4 Disk failed
[2025-09-28 09:54:10] WARN Node4 CPU usage high
[2025-09-28 09:54:22] ALARM Node1 Node unreachable
[2025-09-28 09:54:25] INFO Node1 Storage service started
[2025-09-28 09:54:38] ALARM Node4 Critical data loss risk
[2025-09-28 09:54:44] ALARM Node3 Network latency critical
[2025-09-28 09:54:55] WARN Node2 CPU usage high
[2025-09-28 09:55:00] WARN Node1 Memory usage high
[2025-09-28 09:55:07] ALARM Node1 Network timeout
[2025-09-28 09:55:24] INFO Node1 Heartbeat OK
[2025-09-28 09:55:36] ALARM Node3 Disk failed
[2025-09-28 09:55:46] WARN Node4 Memory usage high
[2025-09-28 09:56:06] INFO Node2 Connection established
[2025-09-28 09:56:26] WARN Node2 Disk I/O performance degraded
[2025-09-28 09:56:37] ALARM Node3 Network latency critical
[2025-09-28 09:56:57] INFO Node4 Storage service started
[2025-09-28 09:56:59] WARN Node4 CPU usage high
[2025-09-28 09:57:04] ALARM Node3 Disk failed
[2025-09-28 09:57:16] WARN Node2 High latency detected
[2025-09-28 09:57:33] ALARM Node2 Network timeout
[2025-09-28 09:57:52] INFO Node4 Heartbeat OK
[2025-09-28 09:57:55] WARN Node2 High latency detected
[2025-09-28 09:58:13] ALARM Node3 Critical data loss risk
[2025-09-28 09:58:17] INFO Node2 Connection established
[2025-09-28 09:58:22] ALARM Node4 Network latency critical
[2025-09-28 09:58:28] ALARM Node1 Network latency critical
[2025-09-28 09:58:32] ALARM Node2 Network timeout
[2025-09-28 09:58:38] ALARM Node1 Disk failed
[2025-09-28 09:58:47] WARN Node2 Memory usage high
[2025-09-28 09:59:06] ALARM Node4 Network latency critical
[2025-09-28 09:59:21] WARN Node1 Memory usage high
[2025-09-28 09:59:30] INFO Node3 Backup completed
[2025-09-28 09:59:42] INFO Node1 Storage service started
[2025-09-28 09:59:47] INFO Node4 Backup completed
[2025-09-28 10:00:01] ALARM Node3 Disk failed
[2025-09-28 10:00:02] ALARM Node1 Network latency critical
[2025-09-28 10:00:11] INFO Node1 Connection established
[2025-09-28 10:00:27] INFO Node1 Replication successful
[2025-09-28 10:00:30] WARN Node4 Network jitter observed
[2025-09-28 10:00:48] ALARM Node2 Network latency critical
[2025-09-28 10:01:07] ALARM Node1 Node unreachable
[2025-09-28 10:01:16] ALARM Node1 Critical data loss risk
[2025-09-28 10:01:21] ALARM Node1 Network latency critical
[2025-09-28 10:01:36] INFO Node2 Heartbeat OK
[2025-09-28 10:01:45] ALARM Node4 Node unreachable
[2025-09-28 10:01:57] WARN Node4 Network jitter observed
[2025-09-28 10:02:05] INFO Node3 Backup completed
[2025-09-28 10:02:12] INFO Node2 Heartbeat OK
[2025-09-28 10:02:13] WARN Node1 Memory usage high
[2025-09-28 10:02:23] ALARM Node3 Node unreachable
[2025-09-28 10:02:32] WARN Node4 Memory usage high
[2025-09-28 10:02:41] ALARM Node3 Network timeout
[2025-09-28 10:03:00] WARN Node1 Disk I/O performance degraded
[2025-09-28 10:03:11] ALARM Node4 Network latency critical
[2025-09-28 10:03:26] WARN Node4 Network jitter observed
[2025-09-28 10:03:38] WARN Node2 Disk I/O performance degraded
[2025-09-28 10:03:45] WARN Node2 CPU usage high
[2025-09-28 10:03:51] INFO Node4 Backup completed
[2025-09-28 10:03:55] INFO Node2 Backup completed
[2025-09-28 10:03:59] INFO Node2 Replication successful
[2025-09-28 10:04:02] ALARM Node1 Disk failed
[2025-09-28 10:04:06] WARN Node2 Disk I/O performance degraded
[2025-09-28 10:04:10] INFO Node4 Replication successful
[2025-09-28 10:04:11] ALARM Node3 Network timeout
[2025-09-28 10:04:12] WARN Node3 High latency detected
[2025-09-28 10:04:19] ALARM Node4 Network timeout
[2025-09-28 10:04:38] INFO Node1 Heartbeat OK
[2025-09-28 10:04:51] WARN Node2 High latency detected
[2025-09-28 10:05:00] ALARM Node1 Critical data loss risk
[2025-09-28 10:05:04] WARN Node3 CPU usage high
[2025-09-28 10:05:21] WARN Node2 Memory usage high
[2025-09-28 10:05:33] INFO Node1 Storage service started
[2025-09-28 10:05:50] INFO Node3 Replication successful
[2025-09-28 10:05:53] ALARM Node4 Disk failed
[2025-09-28 10:06:02] ALARM Node1 Node unreachable
[2025-09-28 10:06:20] WARN Node3 Disk I/O performance degraded
[2025-09-28 10:06:25] INFO Node2 Storage service started
[2025-09-28 10:06:36] ALARM Node3 Node unreachable
[2025-09-28 10:06:56] WARN Node1 Disk I/O performance degraded
[2025-09-28 10:07:12] INFO Node2 Storage service started
[2025-09-28 10:07:30] ALARM Node3 Network timeout
[2025-09-28 10:07:45] WARN Node4 High latency detected
[2025-09-28 10:07:53] INFO Node2 Backup completed
[2025-09-28 10:08:09] WARN Node4 CPU usage high
[2025-09-28 10:08:28] INFO Node4 Backup completed
[2025-09-28 10:08:31] INFO Node1 Replication successful
[2025-09-28 10:08:44] INFO Node3 Replication successful
[2025-09-28 10:08:59] INFO Node2 Connection established
[2025-09-28 10:09:04] INFO Node3 Replication successful
[2025-09-28 10:09:06] INFO Node1 Backup completed
[2025-09-28 10:09:15] WARN Node2 CPU usage high
[2025-09-28 10:09:35] ALARM Node3 Disk failed
[2025-09-28 10:09:50] WARN Node3 Memory usage high
[2025-09-28 10:10:01] INFO Node3 Heartbeat OK
[2025-09-28 10:10:07] WARN Node2 CPU usage high
[2025-09-28 10:10:23] WARN Node2 Disk I/O performance degraded
[2025-09-28 10:10:29] INFO Node2 Replication successful
[2025-09-28 10:10:39] INFO Node1 Backup completed
[2025-09-28 10:10:53] ALARM Node4 Critical data loss risk
[2025-09-28 10:10:57] ALARM Node3 Node unreachable
[2025-09-28 10:11:16] INFO Node1 Backup completed
[2025-09-28 10:11:34] ALARM Node3 Critical data loss risk
[2025-09-28 10:11:48] ALARM Node1 Critical data loss risk
[2025-09-28 10:12:07] WARN Node3 Disk I/O performance degraded
[2025-09-28 10:12:15] INFO Node1 Connection established
[2025-09-28 10:12:17] WARN Node1 Disk I/O performance degraded
[2025-09-28 10:12:36] ALARM Node4 Network timeout
[2025-09-28 10:12:48] INFO Node1 Storage service started
[2025-09-28 10:13:07] WARN Node1 Memory usage high
[2025-09-28 10:13:22] ALARM Node4 Network timeout
[2025-09-28 10:13:25] INFO Node1 Replication successful
[2025-09-28 10:13:27] WARN Node1 Network jitter observed
[2025-09-28 10:13:46] ALARM Node1 Critical data loss risk
[2025-09-28 10:13:56] ALARM Node2 Network latency critical
[2025-09-28 10:14:12] WARN Node4 CPU usage high
[2025-09-28 10:14:30] INFO Node3 Storage service started
[2025-09-28 10:14:49] INFO Node2 Connection established
[2025-09-28 10:15:08] INFO Node4 Backup completed
[2025-09-28 10:15:16] WARN Node3 Network jitter observed
[2025-09-28 10:15:22] INFO Node1 Heartbeat OK
[2025-09-28 10:15:39] INFO Node1 Storage service started
[2025-09-28 10:15:42] WARN Node1 Network jitter observed
[2025-09-28 10:15:58] ALARM Node4 Network latency critical
[2025-09-28 10:16:07] INFO Node1 Backup completed
[2025-09-28 10:16:20] INFO Node1 Connection established
[2025-09-28 10:16:38] ALARM Node3 Network latency critical
[2025-09-28 10:16:55] ALARM Node1 Critical data loss risk
[2025-09-28 10:17:14] INFO Node4 Heartbeat OK
[2025-09-28 10:17:28] INFO Node1 Backup completed
[2025-09-28 10:17:37] ALARM Node4 Disk failed
[2025-09-28 10:17:38] ALARM Node4 Critical data loss risk
[2025-09-28 10:17:39] INFO Node3 Backup completed
[2025-09-28 10:17:56] INFO Node3 Replication successful
[2025-09-28 10:18:02] ALARM Node1 Critical data loss risk
[2025-09-28 10:18:18] ALARM Node3 Node unreachable
[2025-09-28 10:18:26] ALARM Node3 Network latency critical
[2025-09-28 10:18:42] INFO Node1 Replication successful
[2025-09-28 10:18:51] ALARM Node4 Node unreachable
[2025-09-28 10:19:02] WARN Node3 Memory usage high
[2025-09-28 10:19:07] ALARM Node1 Network latency critical
[2025-09-28 10:19:19] INFO Node1 Heartbeat OK
[2025-09-28 10:19:23] WARN Node2 High latency detected
[2025-09-28 10:19:35] WARN Node3 Memory usage high
[2025-09-28 10:19:39] INFO Node4 Heartbeat OK
[2025-09-28 10:19:58] ALARM Node3 Critical data loss risk
[2025-09-28 10:20:14] WARN Node4 High latency detected
[2025-09-28 10:20:34] WARN Node3 Disk I/O performance degraded
[2025-09-28 10:20:53] ALARM Node4 Network latency critical
[2025-09-28 10:21:07] WARN Node4 High latency detected
[2025-09-28 10:21:20] WARN Node2 Network jitter observed
[2025-09-28 10:21:32] WARN Node1 Memory usage high
[2025-09-28 10:21:34] ALARM Node1 Network timeout
[2025-09-28 10:21:37] INFO Node1 Connection established
[2025-09-28 10:21:52] INFO Node2 Storage service started
[2025-09-28 10:21:55] WARN Node2 Disk I/O performance degraded
[2025-09-28 10:22:09] WARN Node4 CPU usage high
[2025-09-28 10:22:26] INFO Node1 Connection established
[2025-09-28 10:22:42] ALARM Node4 Network timeout
[2025-09-28 10:22:50] WARN Node3 Disk I/O performance degraded
[2025-09-28 10:22:55] WARN Node3 High latency detected
[2025-09-28 10:23:02] ALARM Node2 Disk failed
[2025-09-28 10:23:15] WARN Node4 Network jitter observed
[2025-09-28 10:23:26] WARN Node3 Memory usage high
[2025-09-28 10:23:27] INFO Node4 Heartbeat OK
[2025-09-28 10:23:39] WARN Node3 Memory usage high
[2025-09-28 10:23:49] INFO Node1 Connection established
[2025-09-28 10:23:51] WARN Node3 High latency detected
[2025-09-28 10:24:05] INFO Node4 Storage service started
[2025-09-28 10:24:07] ALARM Node4 Critical data loss risk
[2025-09-28 10:24:11] ALARM Node3 Critical data loss risk
[2025-09-28 10:24:19] INFO Node4 Replication successful
[2025-09-28 10:24:39] WARN Node3 Disk I/O performance degraded
[2025-09-28 10:24:46] WARN Node4 CPU usage high
[2025-09-28 10:24:58] INFO Node2 Replication successful
[2025-09-28 10:25:02] ALARM Node3 Network timeout
[2025-09-28 10:25:12] INFO Node1 Replication successful
[2025-09-28 10:25:28] INFO Node2 Backup completed
[2025-09-28 10:25:37] INFO Node1 Backup completed
[2025-09-28 10:25:56] WARN Node4 CPU usage high
[2025-09-28 10:26:10] INFO Node2 Heartbeat OK
[2025-09-28 10:26:14] ALARM Node1 Disk failed
[2025-09-28 10:26:34] WARN Node1 Memory usage high
[2025-09-28 10:26:40] INFO Node3 Backup completed
[2025-09-28 10:26:57] INFO Node4 Backup completed
[2025-09-28 10:27:03] ALARM Node1 Network timeout
[2025-09-28 10:27:17] WARN Node3 Disk I/O performance degraded
[2025-09-28 10:27:28] INFO Node4 Storage service started
[2025-09-28 10:27:37] WARN Node3 Disk I/O performance degraded
[2025-09-28 10:27:55] INFO Node2 Heartbeat OK
[2025-09-28 10:28:04] INFO Node1 Connection established
[2025-09-28 10:28:24] WARN Node3 CPU usage high
[2025-09-28 10:28:36] INFO Node3 Heartbeat OK
[2025-09-28 10:28:49] WARN Node1 Disk I/O performance degraded
[2025-09-28 10:29:04] INFO Node3 Storage service started
[2025-09-28 10:29:06] ALARM Node4 Network timeout
[2025-09-28 10:29:07] INFO Node3 Replication successful
[2025-09-28 10:29:25] WARN Node1 Memory usage high
[2025-09-28 10:29:27] INFO Node4 Replication successful
[2025-09-28 10:29:47] WARN Node3 Network jitter observed
[2025-09-28 10:29:48] ALARM Node4 Disk failed
[2025-09-28 10:29:57] ALARM Node1 Network latency critical
[2025-09-28 10:30:01] ALARM Node1 Disk failed
[2025-09-28 10:30:10] ALARM Node4 Node unreachable
[2025-09-28 10:30:29] ALARM Node1 Node unreachable
[2025-09-28 10:30:35] INFO Node2 Replication successful
[2025-09-28 10:30:52] ALARM Node2 Network timeout
[2025-09-28 10:30:59] ALARM Node1 Critical data loss risk
[2025-09-28 10:31:13] INFO Node2 Storage service started
[2025-09-28 10:31:18] ALARM Node2 Network latency critical
[2025-09-28 10:31:32] WARN Node4 Memory usage high
[2025-09-28 10:31:35] WARN Node3 High latency detected
[2025-09-28 10:31:38] INFO Node1 Heartbeat OK
[2025-09-28 10:31:50] INFO Node1 Replication successful
[2025-09-28 10:31:52] WARN Node2 CPU usage high
[2025-09-28 10:32:12] INFO Node3 Heartbeat OK
[2025-09-28 10:32:15] INFO Node3 Storage service started
[2025-09-28 10:32:31] INFO Node2 Replication successful
[2025-09-28 10:32:37] WARN Node1 CPU usage high
[2025-09-28 10:32:54] ALARM Node1 Critical data loss risk
[2025-09-28 10:32:56] ALARM Node3 Node unreachable
[2025-09-28 10:33:13] ALARM Node4 Network timeout
[2025-09-28 10:33:15] ALARM Node4 Network latency critical
[2025-09-28 10:33:27] ALARM Node3 Network timeout
[2025-09-28 10:33:46] INFO Node4 Connection established
[2025-09-28 10:33:48] ALARM Node4 Disk failed
[2025-09-28 10:34:02] ALARM Node4 Node unreachable
[2025-09-28 10:34:09] ALARM Node1 Network latency critical
[2025-09-28 10:34:20] INFO Node4 Heartbeat OK
[2025-09-28 10:34:29] INFO Node3 Replication successful
[2025-09-28 10:34:33] WARN Node3 Disk I/O performance degraded
[2025-09-28 10:34:34] WARN Node4 CPU usage high
[2025-09-28 10:34:40] ALARM Node1 Network timeout
[2025-09-28 10:34:52] WARN Node1 CPU usage high
[2025-09-28 10:35:06] ALARM Node3 Node unreachable
[2025-09-28 10:35:21] WARN Node3 Network jitter observed
[2025-09-28 10:35:36] ALARM Node4 Network latency critical
[2025-09-28 10:35:46] WARN Node1 CPU usage high
[2025-09-28 10:35:59] INFO Node4 Replication successful
[2025-09-28 10:36:01] INFO Node2 Storage service started
[2025-09-28 10:36:12] WARN Node1 Disk I/O performance degraded
[2025-09-28 10:36:23] ALARM Node3 Critical data loss risk
[2025-09-28 10:36:30] ALARM Node3 Network latency critical
[2025-09-28 10:36:41] ALARM Node2 Critical data loss risk
[2025-09-28 10:36:58] ALARM Node2 Network timeout
[2025-09-28 10:37:15] INFO Node3 Heartbeat OK
[2025-09-28 10:37:17] WARN Node3 CPU usage high
[2025-09-28 10:37:30] WARN Node1 CPU usage high
[2025-09-28 10:37:35] ALARM Node1 Disk failed
[2025-09-28 10:37:47] WARN Node1 High latency detected
[2025-09-28 10:37:57] INFO Node4 Replication successful
[2025-09-28 10:38:01] INFO Node1 Backup completed
[2025-09-28 10:38:19] WARN Node4 Disk I/O performance degraded
[2025-09-28 10:38:25] INFO Node3 Storage service started
[2025-09-28 10:38:41] WARN Node1 Memory usage high
[2025-09-28 10:38:51] WARN Node1 Memory usage high
[2025-09-28 10:39:09] WARN Node1 Memory usage high
[2025-09-28 10:39:15] INFO Node1 Backup completed
[2025-09-28 10:39:25] ALARM Node2 Critical data loss risk
[2025-09-28 10:39:44] WARN Node2 CPU usage high
[2025-09-28 10:39:55] INFO Node4 Storage service started
[2025-09-28 10:40:08] INFO Node4 Backup completed
[2025-09-28 10:40:21] WARN Node4 Memory usage high
[2025-09-28 10:40:38] ALARM Node3 Critical data loss risk
[2025-09-28 10:40:50] WARN Node4 High latency detected
[2025-09-28 10:40:56] WARN Node3 CPU usage high
[2025-09-28 10:41:07] ALARM Node1 Critical data loss risk
[2025-09-28 10:41:17] WARN Node2 Network jitter observed
[2025-09-28 10:41:32] ALARM Node1 Network timeout
[2025-09-28 10:41:45] ALARM Node1 Network latency critical
[2025-09-28 10:41:51] ALARM Node3 Network latency critical
[2025-09-28 10:41:54] INFO Node2 Heartbeat OK
[2025-09-28 10:42:00] WARN Node1 High latency detected
[2025-09-28 10:42:13] WARN Node2 Disk I/O performance degraded
[2025-09-28 10:42:26] WARN Node1 Network jitter observed
[2025-09-28 10:42:45] WARN Node1 High latency detected
[2025-09-28 10:43:03] WARN Node3 High latency detected
[2025-09-28 10:43:23] WARN Node3 Network jitter observed
[2025-09-28 10:43:34] WARN Node2 Network jitter observed
[2025-09-28 10:43:52] WARN Node1 Disk I/O performance degraded
[2025-09-28 10:43:57] INFO Node2 Connection established
[2025-09-28 10:44:01] WARN Node3 Memory usage high
[2025-09-28 10:44:07] INFO Node2 Connection established
[2025-09-28 10:44:27] INFO Node4 Backup completed
[2025-09-28 10:44:46] ALARM Node4 Network latency critical
[2025-09-28 10:44:48] INFO Node2 Connection established
[2025-09-28 10:44:53] WARN Node3 Disk I/O performance degraded
[2025-09-28 10:45:12] WARN Node3 High latency detected
[2025-09-28 10:45:23] WARN Node2 High latency detected
[2025-09-28 10:45:35] ALARM Node1 Node unreachable
[2025-09-28 10:45:46] INFO Node4 Backup completed
[2025-09-28 10:45:51] WARN Node3 High latency detected
[2025-09-28 10:45:59] INFO Node1 Backup completed
[2025-09-28 10:46:01] ALARM Node4 Critical data loss risk
[2025-09-28 10:46:20] ALARM Node4 Network latency critical
[2025-09-28 10:46:29] ALARM Node1 Network timeout
[2025-09-28 10:46:48] WARN Node2 Disk I/O performance degraded
[2025-09-28 10:46:52] INFO Node1 Replication successful
[2025-09-28 10:47:11] WARN Node3 CPU usage high
[2025-09-28 10:47:17] INFO Node4 Heartbeat OK
[2025-09-28 10:47:23] WARN Node4 High latency detected
[2025-09-28 10:47:40] WARN Node3 High latency detected
[2025-09-28 10:47:52] ALARM Node4 Network latency critical
[2025-09-28 10:47:55] INFO Node3 Storage service started
[2025-09-28 10:48:04] INFO Node2 Connection established
[2025-09-28 10:48:16] WARN Node4 High latency detected
[2025-09-28 10:48:33] WARN Node3 High latency detected
[2025-09-28 10:48:40] INFO Node3 Replication successful
[2025-09-28 10:48:44] WARN Node3 Disk I/O performance degraded
[2025-09-28 10:49:03] INFO Node4 Backup completed
[2025-09-28 10:49:16] ALARM Node3 Network latency critical
[2025-09-28 10:49:36] ALARM Node4 Network timeout
[2025-09-28 10:49:40] ALARM Node1 Node unreachable
[2025-09-28 10:49:43] INFO Node1 Replication successful
[2025-09-28 10:49:53] INFO Node4 Connection established
[2025-09-28 10:50:04] WARN Node3 CPU usage high
[2025-09-28 10:50:11] ALARM Node4 Critical data loss risk
[2025-09-28 10:50:28] WARN Node4 Memory usage high
[2025-09-28 10:50:43] ALARM Node4 Node unreachable
[2025-09-28 10:50:57] ALARM Node1 Network timeout
[2025-09-28 10:51:07] WARN Node4 Memory usage high
[2025-09-28 10:51:15] ALARM Node1 Network latency critical
[2025-09-28 10:51:17] WARN Node4 Network jitter observed
[2025-09-28 10:51:22] INFO Node2 Backup completed
[2025-09-28 10:51:30] WARN Node3 Memory usage high
[2025-09-28 10:51:32] ALARM Node4 Node unreachable
[2025-09-28 10:51:41] ALARM Node2 Node unreachable
[2025-09-28 10:51:56] WARN Node1 CPU usage high
[2025-09-28 10:51:57] WARN Node3 Disk I/O performance degraded
[2025-09-28 10:52:07] INFO Node2 Heartbeat OK
[2025-09-28 10:52:13] INFO Node1 Heartbeat OK
[2025-09-28 10:52:25] ALARM Node1 Node unreachable
[2025-09-28 10:52:38] ALARM Node4 Network timeout
[2025-09-28 10:52:52] WARN Node2 Disk I/O performance degraded
[2025-09-28 10:53:04] INFO Node1 Replication successful
[2025-09-28 10:53:24] WARN Node2 CPU usage high
[2025-09-28 10:53:29] INFO Node4 Backup completed
[2025-09-28 10:53:44] INFO Node1 Backup completed
[2025-09-28 10:54:00] WARN Node1 Memory usage high
[2025-09-28 10:54:19] ALARM Node2 Critical data loss risk
[2025-09-28 10:54:26] ALARM Node2 Network latency critical
[2025-09-28 10:54:46] ALARM Node3 Disk failed
[2025-09-28 10:55:04] ALARM Node1 Network latency critical
[2025-09-28 10:55:06] ALARM Node4 Node unreachable
[2025-09-28 10:55:12] ALARM Node4 Network timeout
[2025-09-28 10:55:14] INFO Node1 Storage service started
[2025-09-28 10:55:29] INFO Node1 Backup completed
[2025-09-28 10:55:31] WARN Node4 CPU usage high
[2025-09-28 10:55:39] INFO Node2 Backup completed
[2025-09-28 10:55:59] WARN Node4 Disk I/O performance degraded
[2025-09-28 10:56:14] INFO Node1 Backup completed
[2025-09-28 10:56:18] ALARM Node2 Disk failed
[2025-09-28 10:56:35] ALARM Node4 Critical data loss risk
[2025-09-28 10:56:42] INFO Node2 Storage service started
[2025-09-28 10:56:55] ALARM Node1 Disk failed
[2025-09-28 10:57:13] WARN Node2 CPU usage high
[2025-09-28 10:57:24] ALARM Node4 Critical data loss risk
[2025-09-28 10:57:34] INFO Node2 Replication successful
[2025-09-28 10:57:38] ALARM Node2 Network latency critical
[2025-09-28 10:57:48] WARN Node1 High latency detected
[2025-09-28 10:57:52] INFO Node2 Backup completed
[2025-09-28 10:57:57] ALARM Node1 Network timeout
[2025-09-28 10:58:05] ALARM Node2 Network latency critical
[2025-09-28 10:58:10] ALARM Node3 Network latency critical
[2025-09-28 10:58:24] ALARM Node4 Network latency critical
[2025-09-28 10:58:36] INFO Node1 Replication successful
[2025-09-28 10:58:55] WARN Node4 CPU usage high
[2025-09-28 10:59:11] INFO Node3 Connection established
[2025-09-28 10:59:27] ALARM Node4 Network timeout
[2025-09-28 10:59:38] ALARM Node3 Critical data loss risk
[2025-09-28 10:59:56] WARN Node3 Network jitter observed
[2025-09-28 11:00:01] WARN Node2 High latency detected
[2025-09-28 11:00:08] ALARM Node3 Network timeout
[2025-09-28 11:00:22] INFO Node1 Replication successful
[2025-09-28 11:00:39] INFO Node3 Storage service started
[2025-09-28 11:00:53] INFO Node1 Heartbeat OK
[2025-09-28 11:00:57] WARN Node1 Network jitter observed
[2025-09-28 11:01:12] INFO Node2 Heartbeat OK
[2025-09-28 11:01:22] ALARM Node2 Network timeout
[2025-09-28 11:01:24] INFO Node1 Replication successful
[2025-09-28 11:01:42] WARN Node4 High latency detected
[2025-09-28 11:01:55] INFO Node1 Backup completed
[2025-09-28 11:01:59] WARN Node4 Network jitter observed
[2025-09-28 11:02:14] INFO Node3 Connection established
[2025-09-28 11:02:33] INFO Node3 Backup completed
[2025-09-28 11:02:41] ALARM Node3 Critical data loss risk
[2025-09-28 11:02:42] WARN Node4 Memory usage high
[2025-09-28 11:02:48] WARN Node3 Network jitter observed
[2025-09-28 11:03:00] ALARM Node1 Critical data loss risk
[2025-09-28 11:03:14] WARN Node2 Disk I/O performance degraded
[2025-09-28 11:03:21] WARN Node2 Network jitter observed
[2025-09-28 11:03:31] INFO Node3 Storage service started
[2025-09-28 11:03:42] WARN Node4 Disk I/O performance degraded
[2025-09-28 11:04:01] ALARM Node1 Network timeout
[2025-09-28 11:04:09] ALARM Node3 Critical data loss risk
[2025-09-28 11:04:15] WARN Node2 High latency detected
[2025-09-28 11:04:21] INFO Node1 Replication successful
[2025-09-28 11:04:27] ALARM Node1 Critical data loss risk
[2025-09-28 11:04:31] ALARM Node4 Disk failed
[2025-09-28 11:04:41] ALARM Node2 Network latency critical
[2025-09-28 11:05:00] WARN Node2 High latency detected
[2025-09-28 11:05:11] INFO Node1 Heartbeat OK
[2025-09-28 11:05:28] WARN Node2 Network jitter observed
[2025-09-28 11:05:38] INFO Node3 Storage service started
[2025-09-28 11:05:44] INFO Node4 Heartbeat OK
[2025-09-28 11:05:58] WARN Node4 Memory usage high
[2025-09-28 11:06:18] ALARM Node3 Network timeout
[2025-09-28 11:06:25] INFO Node4 Connection established
[2025-09-28 11:06:27] WARN Node4 Network jitter observed
[2025-09-28 11:06:43] WARN Node1 CPU usage high
[2025-09-28 11:06:56] WARN Node1 Network jitter observed
[2025-09-28 11:07:10] ALARM Node4 Network latency critical
[2025-09-28 11:07:22] ALARM Node3 Critical data loss risk
[2025-09-28 11:07:33] WARN Node2 Memory usage high
[2025-09-28 11:07:42] WARN Node4 High latency detected
[2025-09-28 11:07:57] INFO Node3 Backup completed
[2025-09-28 11:08:00] ALARM Node2 Network latency critical
[2025-09-28 11:08:14] INFO Node3 Heartbeat OK
[2025-09-28 11:08:18] WARN Node1 Network jitter observed
[2025-09-28 11:08:30] INFO Node3 Storage service started
[2025-09-28 11:08:41] INFO Node3 Connection established
[2025-09-28 11:08:44] WARN Node2 Network jitter observed
[2025-09-28 11:08:51] ALARM Node4 Node unreachable
[2025-09-28 11:09:10] INFO Node3 Connection established
[2025-09-28 11:09:15] WARN Node4 CPU usage high
[2025-09-28 11:09:25] ALARM Node3 Network latency critical
[2025-09-28 11:09:29] INFO Node4 Storage service started
[2025-09-28 11:09:37] ALARM Node3 Network timeout
[2025-09-28 11:09:56] INFO Node2 Heartbeat OK
[2025-09-28 11:09:59] ALARM Node4 Disk failed
[2025-09-28 11:10:14] ALARM Node4 Critical data loss risk
[2025-09-28 11:10:21] WARN Node3 CPU usage high
[2025-09-28 11:10:22] INFO Node4 Storage service started
[2025-09-28 11:10:39] ALARM Node3 Network timeout
[2025-09-28 11:10:56] ALARM Node1 Network timeout
[2025-09-28 11:11:08] WARN Node4 High latency detected
[2025-09-28 11:11:20] WARN Node2 High latency detected
[2025-09-28 11:11:31] WARN Node2 Memory usage high
[2025-09-28 11:11:51] ALARM Node4 Network timeout
[2025-09-28 11:12:06] INFO Node2 Replication successful
[2025-09-28 11:12:16] ALARM Node1 Network timeout
[2025-09-28 11:12:31] ALARM Node1 Disk failed
[2025-09-28 11:12:34] INFO Node4 Replication successful
[2025-09-28 11:12:42] WARN Node3 High latency detected
[2025-09-28 11:12:52] INFO Node4 Connection established
[2025-09-28 11:12:54] INFO Node3 Replication successful
[2025-09-28 11:12:59] INFO Node3 Replication successful
[2025-09-28 11:13:08] WARN Node2 Disk I/O performance degraded
[2025-09-28 11:13:10] INFO Node4 Connection established
[2025-09-28 11:13:23] WARN Node4 Memory usage high
[2025-09-28 11:13:31] INFO Node2 Connection established
[2025-09-28 11:13:47] INFO Node4 Backup completed
[2025-09-28 11:13:58] ALARM Node2 Disk failed
[2025-09-28 11:14:02] WARN Node1 High latency detected
[2025-09-28 11:14:10] INFO Node2 Connection established
[2025-09-28 11:14:14] ALARM Node2 Network timeout
[2025-09-28 11:14:33] INFO Node4 Connection established
[2025-09-28 11:14:52] INFO Node3 Backup completed
[2025-09-28 11:15:02] ALARM Node3 Network latency critical
[2025-09-28 11:15:11] INFO Node2 Backup completed
[2025-09-28 11:15:25] ALARM Node4 Network latency critical
[2025-09-28 11:15:27] ALARM Node3 Network timeout
[2025-09-28 11:15:40] WARN Node2 High latency detected
[2025-09-28 11:15:50] WARN Node3 CPU usage high
[2025-09-28 11:15:54] ALARM Node1 Node unreachable
[2025-09-28 11:16:12] WARN Node1 High latency detected
[2025-09-28 11:16:17] ALARM Node3 Disk failed
[2025-09-28 11:16:20] ALARM Node3 Disk failed
[2025-09-28 11:16:28] WARN Node2 CPU usage high
[2025-09-28 11:16:46] ALARM Node4 Network latency critical
[2025-09-28 11:16:51] INFO Node1 Storage service started
[2025-09-28 11:17:01] INFO Node3 Backup completed
[2025-09-28 11:17:16] WARN Node4 Disk I/O performance degraded
[2025-09-28 11:17:34] WARN Node2 Network jitter observed
[2025-09-28 11:17:51] ALARM Node2 Critical data loss risk
[2025-09-28 11:18:00] ALARM Node3 Network timeout
[2025-09-28 11:18:15] ALARM Node4 Network timeout
[2025-09-28 11:18:17] INFO Node2 Backup completed
[2025-09-28 11:18:26] INFO Node3 Storage service started
[2025-09-28 11:18:37] WARN Node3 Network jitter observed
[2025-09-28 11:18:53] INFO Node2 Storage service started
[2025-09-28 11:19:07] WARN Node3 Memory usage high
[2025-09-28 11:19:25] INFO Node4 Connection established
[2025-09-28 11:19:28] ALARM Node1 Node unreachable
[2025-09-28 11:19:30] INFO Node3 Connection established
[2025-09-28 11:19:34] INFO Node2 Heartbeat OK
[2025-09-28 11:19:54] ALARM Node3 Network latency critical
[2025-09-28 11:20:12] ALARM Node1 Node unreachable
[2025-09-28 11:20:31] ALARM Node1 Network latency critical
[2025-09-28 11:20:34] INFO Node2 Storage service started
[2025-09-28 11:20:41] INFO Node4 Replication successful
[2025-09-28 11:20:44] WARN Node2 Memory usage high
[2025-09-28 11:20:59] INFO Node1 Storage service started
[2025-09-28 11:21:03] INFO Node2 Storage service started
[2025-09-28 11:21:05] INFO Node3 Replication successful
[2025-09-28 11:21:24] INFO Node1 Backup completed
[2025-09-28 11:21:25] INFO Node3 Heartbeat OK
[2025-09-28 11:21:32] INFO Node1 Backup completed
[2025-09-28 11:21:48] INFO Node1 Connection established
[2025-09-28 11:22:07] ALARM Node3 Network timeout
[2025-09-28 11:22:23] ALARM Node4 Critical data loss risk
[2025-09-28 11:22:31] ALARM Node3 Network timeout
[2025-09-28 11:22:48] ALARM Node4 Critical data loss risk
[2025-09-28 11:23:00] ALARM Node1 Critical data loss risk
[2025-09-28 11:23:12] INFO Node4 Heartbeat OK
[2025-09-28 11:23:14] ALARM Node2 Disk failed
[2025-09-28 11:23:17] INFO Node3 Replication successful
[2025-09-28 11:23:19] INFO Node3 Backup completed
[2025-09-28 11:23:37] WARN Node1 Network jitter observed
[2025-09-28 11:23:39] INFO Node4 Heartbeat OK
[2025-09-28 11:23:43] WARN Node2 Disk I/O performance degraded
[2025-09-28 11:23:56] WARN Node4 High latency detected
[2025-09-28 11:24:05] ALARM Node3 Network timeout
[2025-09-28 11:24:10] INFO Node2 Heartbeat OK
[2025-09-28 11:24:26] INFO Node4 Replication successful
[2025-09-28 11:24:39] WARN Node1 CPU usage high
[2025-09-28 11:24:43] ALARM Node4 Network latency critical
[2025-09-28 11:24:56] INFO Node2 Replication successful
[2025-09-28 11:25:13] ALARM Node3 Disk failed
[2025-09-28 11:25:14] WARN Node1 Disk I/O performance degraded
[2025-09-28 11:25:15] INFO Node4 Heartbeat OK
[2025-09-28 11:25:21] INFO Node3 Backup completed
[2025-09-28 11:25:38] ALARM Node1 Network timeout
[2025-09-28 11:25:43] ALARM Node4 Network latency critical
[2025-09-28 11:25:48] WARN Node4 CPU usage high
[2025-09-28 11:25:56] WARN Node3 Network jitter observed
[2025-09-28 11:26:09] INFO Node2 Connection established
[2025-09-28 11:26:27] INFO Node3 Backup completed
[2025-09-28 11:26:30] ALARM Node1 Critical data loss risk
[2025-09-28 11:26:41] ALARM Node2 Network timeout
[2025-09-28 11:26:52] ALARM Node4 Network timeout
[2025-09-28 11:27:05] INFO Node4 Backup completed
[2025-09-28 11:27:13] ALARM Node4 Network latency critical
[2025-09-28 11:27:19] ALARM Node4 Disk failed
[2025-09-28 11:27:27] ALARM Node1 Node unreachable
[2025-09-28 11:27:38] INFO Node1 Replication successful
[2025-09-28 11:27:56] WARN Node4 Memory usage high
[2025-09-28 11:28:00] ALARM Node1 Disk failed
[2025-09-28 11:28:02] INFO Node4 Backup completed
[2025-09-28 11:28:11] WARN Node3 Memory usage high
[2025-09-28 11:28:17] ALARM Node2 Node unreachable
[2025-09-28 11:28:37] INFO Node3 Backup completed
[2025-09-28 11:28:52] WARN Node1 High latency detected
[2025-09-28 11:29:03] ALARM Node1 Network latency critical
[2025-09-28 11:29:18] WARN Node4 Disk I/O performance degraded
[2025-09-28 11:29:32] ALARM Node4 Disk failed
[2025-09-28 11:29:46] ALARM Node2 Node unreachable
[2025-09-28 11:29:51] ALARM Node2 Node unreachable
[2025-09-28 11:30:10] INFO Node1 Storage service started
[2025-09-28 11:30:28] ALARM Node1 Disk failed
[2025-09-28 11:30:45] WARN Node2 Disk I/O performance degraded
[2025-09-28 11:31:03] INFO Node2 Replication successful
[2025-09-28 11:31:22] ALARM Node4 Critical data loss risk
[2025-09-28 11:31:37] WARN Node3 Network jitter observed
[2025-09-28 11:31:54] INFO Node1 Storage service started
[2025-09-28 11:31:56] WARN Node4 CPU usage high
[2025-09-28 11:32:13] INFO Node1 Heartbeat OK
[2025-09-28 11:32:27] ALARM Node2 Critical data loss risk
[2025-09-28 11:32:45] WARN Node3 Disk I/O performance degraded
[2025-09-28 11:32:49] INFO Node3 Connection established
[2025-09-28 11:33:07] ALARM Node1 Node unreachable
[2025-09-28 11:33:19] ALARM Node4 Node unreachable
[2025-09-28 11:33:32] INFO Node4 Connection established
[2025-09-28 11:33:48] WARN Node1 Memory usage high
[2025-09-28 11:33:56] ALARM Node1 Node unreachable
[2025-09-28 11:34:03] WARN Node4 Disk I/O performance degraded
[2025-09-28 11:34:08] INFO Node2 Backup completed
[2025-09-28 11:34:22] ALARM Node4 Disk failed
[2025-09-28 11:34:24] INFO Node2 Replication successful
[2025-09-28 11:34:34] INFO Node4 Backup completed
[2025-09-28 11:34:51] WARN Node3 High latency detected
[2025-09-28 11:35:07] WARN Node2 Disk I/O performance degraded
[2025-09-28 11:35:08] ALARM Node4 Node unreachable
[2025-09-28 11:35:23] ALARM Node3 Network timeout
[2025-09-28 11:35:39] ALARM Node2 Network timeout
[2025-09-28 11:35:53] INFO Node3 Heartbeat OK
[2025-09-28 11:36:01] INFO Node4 Storage service started
[2025-09-28 11:36:08] WARN Node3 Memory usage high
[2025-09-28 11:36:17] WARN Node1 CPU usage high
[2025-09-28 11:36:35] INFO Node2 Heartbeat OK
[2025-09-28 11:36:55] ALARM Node3 Node unreachable
[2025-09-28 11:36:58] INFO Node1 Connection established
[2025-09-28 11:37:12] WARN Node4 Network jitter observed
[2025-09-28 11:37:20] INFO Node1 Storage service started
[2025-09-28 11:37:27] ALARM Node1 Network timeout
[2025-09-28 11:37:47] INFO Node3 Backup completed
[2025-09-28 11:37:57] WARN Node3 High latency detected
[2025-09-28 11:38:05] INFO Node2 Replication successful
[2025-09-28 11:38:10] WARN Node1 Memory usage high
[2025-09-28 11:38:18] INFO Node2 Replication successful
[2025-09-28 11:38:36] ALARM Node4 Node unreachable
[2025-09-28 11:38:54] INFO Node2 Replication successful
[2025-09-28 11:38:57] INFO Node3 Heartbeat OK
[2025-09-28 11:39:11] ALARM Node1 Network latency critical
[2025-09-28 11:39:26] ALARM Node2 Critical data loss risk
[2025-09-28 11:39:32] WARN Node2 Network jitter observed
[2025-09-28 11:39:52] WARN Node2 CPU usage high
[2025-09-28 11:40:10] WARN Node2 High latency detected
[2025-09-28 11:40:28] ALARM Node4 Disk failed
[2025-09-28 11:40:42] WARN Node3 Memory usage high
[2025-09-28 11:41:02] WARN Node3 Disk I/O performance degraded
[2025-09-28 11:41:13] ALARM Node1 Disk failed
[2025-09-28 11:41:14] ALARM Node1 Network latency critical
[2025-09-28 11:41:23] WARN Node1 Disk I/O performance degraded
[2025-09-28 11:41:36] ALARM Node2 Disk failed
[2025-09-28 11:41:37] INFO Node3 Connection established
[2025-09-28 11:41:40] ALARM Node3 Critical data loss risk
[2025-09-28 11:41:47] INFO Node2 Heartbeat OK
[2025-09-28 11:42:05] ALARM Node3 Disk failed
[2025-09-28 11:42:25] WARN Node3 Disk I/O performance degraded
[2025-09-28 11:42:45] ALARM Node1 Network timeout
[2025-09-28 11:42:49] INFO Node1 Connection established
[2025-09-28 11:43:09] WARN Node2 Memory usage high
[2025-09-28 11:43:26] ALARM Node1 Network latency critical
[2025-09-28 11:43:39] ALARM Node1 Critical data loss risk
[2025-09-28 11:43:46] ALARM Node4 Node unreachable
[2025-09-28 11:43:48] INFO Node1 Replication successful
[2025-09-28 11:43:54] INFO Node3 Heartbeat OK
[2025-09-28 11:44:04] WARN Node3 Memory usage high
[2025-09-28 11:44:18] ALARM Node3 Critical data loss risk
[2025-09-28 11:44:22] ALARM Node4 Network latency critical
[2025-09-28 11:44:35] ALARM Node1 Node unreachable
[2025-09-28 11:44:40] ALARM Node1 Node unreachable
[2025-09-28 11:44:59] ALARM Node1 Node unreachable
[2025-09-28 11:45:00] WARN Node1 Network jitter observed
[2025-09-28 11:45:08] ALARM Node4 Network latency critical
[2025-09-28 11:45:20] INFO Node4 Storage service started
[2025-09-28 11:45:37] WARN Node2 CPU usage high
[2025-09-28 11:45:56] ALARM Node2 Critical data loss risk
[2025-09-28 11:46:16] INFO Node1 Heartbeat OK
[2025-09-28 11:46:25] ALARM Node3 Critical data loss risk
[2025-09-28 11:46:36] WARN Node1 Network jitter observed
[2025-09-28 11:46:54] WARN Node1 Disk I/O performance degraded
[2025-09-28 11:47:12] INFO Node3 Replication successful
[2025-09-28 11:47:19] INFO Node4 Connection established
[2025-09-28 11:47:28] ALARM Node2 Node unreachable
[2025-09-28 11:47:47] INFO Node2 Heartbeat OK
[2025-09-28 11:47:48] WARN Node1 CPU usage high
[2025-09-28 11:47:53] ALARM Node3 Network latency critical
[2025-09-28 11:47:55] INFO Node2 Backup completed
[2025-09-28 11:48:10] INFO Node4 Storage service started
[2025-09-28 11:48:27] INFO Node4 Backup completed
[2025-09-28 11:48:47] WARN Node2 Disk I/O performance degraded
[2025-09-28 11:48:53] ALARM Node2 Disk failed
[2025-09-28 11:49:04] WARN Node2 Network jitter observed
[2025-09-28 11:49:14] ALARM Node4 Network latency critical
[2025-09-28 11:49:23] INFO Node4 Storage service started
[2025-09-28 11:49:30] ALARM Node2 Node unreachable
[2025-09-28 11:49:50] WARN Node2 Network jitter observed
[2025-09-28 11:50:07] ALARM Node2 Critical data loss risk
[2025-09-28 11:50:13] INFO Node3 Heartbeat OK
[2025-09-28 11:50:23] WARN Node4 Disk I/O performance degraded
[2025-09-28 11:50:40] ALARM Node3 Network timeout
[2025-09-28 11:50:55] ALARM Node1 Network timeout
[2025-09-28 11:51:15] ALARM Node2 Network timeout
[2025-09-28 11:51:18] WARN Node3 Memory usage high
[2025-09-28 11:51:32] WARN Node4 Network jitter observed
[2025-09-28 11:51:48] WARN Node4 High latency detected
[2025-09-28 11:51:52] WARN Node4 Network jitter observed
[2025-09-28 11:51:59] WARN Node3 High latency detected
[2025-09-28 11:52:04] WARN Node4 Network jitter observed
[2025-09-28 11:52:08] ALARM Node1 Critical data loss risk
[2025-09-28 11:52:28] WARN Node2 Memory usage high
[2025-09-28 11:52:43] ALARM Node1 Network latency critical
[2025-09-28 11:52:58] INFO Node3 Storage service started
[2025-09-28 11:53:02] INFO Node1 Connection established
[2025-09-28 11:53:12] INFO Node2 Connection established
[2025-09-28 11:53:28] INFO Node2 Replication successful
[2025-09-28 11:53:38] WARN Node2 Disk I/O performance degraded
[2025-09-28 11:53:54] ALARM Node2 Disk failed
[2025-09-28 11:54:01] ALARM Node4 Network latency critical
[2025-09-28 11:54:19] WARN Node4 High latency detected
[2025-09-28 11:54:30] ALARM Node1 Network latency critical
[2025-09-28 11:54:39] WARN Node2 Network jitter observed
[2025-09-28 11:54:41] WARN Node3 Network jitter observed
[2025-09-28 11:54:51] ALARM Node1 Network latency critical
[2025-09-28 11:55:00] INFO Node1 Connection established
[2025-09-28 11:55:16] ALARM Node4 Network timeout
[2025-09-28 11:55:32] ALARM Node1 Network timeout
[2025-09-28 11:55:48] INFO Node4 Storage service started
[2025-09-28 11:56:01] WARN Node4 Disk I/O performance degraded
[2025-09-28 11:56:21] ALARM Node3 Node unreachable
[2025-09-28 11:56:28] ALARM Node4 Critical data loss risk
[2025-09-28 11:56:36] WARN Node2 High latency detected
[2025-09-28 11:56:47] ALARM Node1 Network timeout
[2025-09-28 11:56:57] ALARM Node2 Critical data loss risk
[2025-09-28 11:57:16] ALARM Node3 Node unreachable
[2025-09-28 11:57:36] WARN Node2 Memory usage high
[2025-09-28 11:57:55] ALARM Node3 Network latency critical
[2025-09-28 11:58:07] ALARM Node2 Disk failed
[2025-09-28 11:58:12] INFO Node2 Connection established
[2025-09-28 11:58:18] INFO Node2 Connection established
[2025-09-28 11:58:29] ALARM Node3 Network timeout
[2025-09-28 11:58:33] INFO Node1 Backup completed
[2025-09-28 11:58:49] WARN Node1 High latency detected
[2025-09-28 11:58:51] WARN Node2 Memory usage high
[2025-09-28 11:59:02] WARN Node4 Disk I/O performance degraded
[2025-09-28 11:59:05] INFO Node4 Backup completed
[2025-09-28 11:59:19] INFO Node2 Connection established
[2025-09-28 11:59:29] ALARM Node3 Network timeout
[2025-09-28 11:59:49] ALARM Node2 Network latency critical
[2025-09-28 12:00:03] ALARM Node2 Node unreachable
[2025-09-28 12:00:07] INFO Node4 Backup completed
[2025-09-28 12:00:13] WARN Node3 Memory usage high
[2025-09-28 12:00:30] WARN Node2 Network jitter observed
[2025-09-28 12:00:48] INFO Node1 Connection established
[2025-09-28 12:01:06] WARN Node2 CPU usage high
[2025-09-28 12:01:08] INFO Node4 Replication successful
[2025-09-28 12:01:10] WARN Node2 CPU usage high
[2025-09-28 12:01:23] INFO Node4 Replication successful
[2025-09-28 12:01:31] ALARM Node3 Critical data loss risk
[2025-09-28 12:01:40] INFO Node3 Heartbeat OK
[2025-09-28 12:01:56] WARN Node1 Disk I/O performance degraded
[2025-09-28 12:02:13] WARN Node1 CPU usage high
[2025-09-28 12:02:24] ALARM Node4 Disk failed
[2025-09-28 12:02:31] ALARM Node2 Network latency critical
[2025-09-28 12:02:34] ALARM Node3 Network timeout
[2025-09-28 12:02:41] WARN Node2 Network jitter observed
[2025-09-28 12:02:48] INFO Node1 Storage service started
[2025-09-28 12:02:53] INFO Node2 Backup completed
[2025-09-28 12:03:11] ALARM Node3 Disk failed
[2025-09-28 12:03:30] INFO Node4 Connection established
[2025-09-28 12:03:38] INFO Node2 Backup completed
[2025-09-28 12:03:41] WARN Node1 Memory usage high
[2025-09-28 12:03:55] INFO Node1 Replication successful
[2025-09-28 12:04:02] WARN Node2 Network jitter observed
[2025-09-28 12:04:21] ALARM Node1 Node unreachable
[2025-09-28 12:04:40] WARN Node2 CPU usage high
[2025-09-28 12:04:48] ALARM Node2 Node unreachable
[2025-09-28 12:05:04] WARN Node1 High latency detected
[2025-09-28 12:05:20] WARN Node1 Disk I/O performance degraded
[2025-09-28 12:05:27] WARN Node3 Disk I/O performance degraded
[2025-09-28 12:05:38] ALARM Node1 Network latency critical
[2025-09-28 12:05:50] ALARM Node2 Disk failed
[2025-09-28 12:05:58] WARN Node1 Memory usage high
[2025-09-28 12:06:16] INFO Node3 Heartbeat OK
[2025-09-28 12:06:19] WARN Node2 CPU usage high
[2025-09-28 12:06:29] WARN Node2 Memory usage high
[2025-09-28 12:06:46] INFO Node4 Backup completed
[2025-09-28 12:06:59] ALARM Node4 Network latency critical
[2025-09-28 12:07:01] WARN Node3 Disk I/O performance degraded
[2025-09-28 12:07:05] INFO Node3 Connection established
[2025-09-28 12:07:20] WARN Node2 Network jitter observed
[2025-09-28 12:07:31] WARN Node2 Memory usage high
[2025-09-28 12:07:35] WARN Node3 High latency detected
[2025-09-28 12:07:47] WARN Node2 Disk I/O performance degraded
[2025-09-28 12:07:55] INFO Node4 Connection established
[2025-09-28 12:08:10] ALARM Node2 Disk failed
[2025-09-28 12:08:17] INFO Node2 Backup completed
[2025-09-28 12:08:27] INFO Node2 Heartbeat OK
[2025-09-28 12:08:40] INFO Node3 Heartbeat OK
[2025-09-28 12:08:59] WARN Node2 Memory usage high
[2025-09-28 12:09:15] ALARM Node4 Disk failed
[2025-09-28 12:09:29] INFO Node1 Heartbeat OK
[2025-09-28 12:09:45] INFO Node3 Connection established
[2025-09-28 12:10:00] ALARM Node3 Critical data loss risk
[2025-09-28 12:10:01] WARN Node1 CPU usage high
[2025-09-28 12:10:10] INFO Node2 Backup completed
[2025-09-28 12:10:26] INFO Node2 Replication successful
[2025-09-28 12:10:36] INFO Node1 Replication successful
[2025-09-28 12:10:38] ALARM Node2 Node unreachable
[2025-09-28 12:10:40] INFO Node4 Connection established
[2025-09-28 12:10:56] WARN Node4 High latency detected
[2025-09-28 12:11:15] WARN Node2 Disk I/O performance degraded
[2025-09-28 12:11:35] INFO Node4 Storage service started
[2025-09-28 12:11:42] ALARM Node2 Node unreachable
[2025-09-28 12:11:58] WARN Node4 Memory usage high
[2025-09-28 12:12:12] ALARM Node2 Node unreachable
[2025-09-28 12:12:18] INFO Node2 Replication successful
[2025-09-28 12:12:25] WARN Node4 Network jitter observed
[2025-09-28 12:12:36] ALARM Node4 Network timeout
[2025-09-28 12:12:44] WARN Node1 CPU usage high
[2025-09-28 12:13:00] WARN Node3 Memory usage high
[2025-09-28 12:13:01] INFO Node2 Connection established
[2025-09-28 12:13:06] INFO Node1 Heartbeat OK
[2025-09-28 12:13:12] INFO Node3 Replication successful
[2025-09-28 12:13:21] INFO Node4 Replication successful
[2025-09-28 12:13:36] WARN Node1 Network jitter observed
[2025-09-28 12:13:50] INFO Node4 Heartbeat OK
[2025-09-28 12:13:59] WARN Node3 Memory usage high
[2025-09-28 12:14:01] WARN Node2 High latency detected
[2025-09-28 12:14:11] WARN Node4 Memory usage high
[2025-09-28 12:14:19] INFO Node1 Connection established
[2025-09-28 12:14:34] ALARM Node4 Disk failed
[2025-09-28 12:14:54] INFO Node1 Storage service started
[2025-09-28 12:15:03] ALARM Node4 Disk failed
[2025-09-28 12:15:20] ALARM Node1 Disk failed
[2025-09-28 12:15:26] ALARM Node3 Critical data loss risk
[2025-09-28 12:15:33] INFO Node3 Replication successful
[2025-09-28 12:15:51] ALARM Node4 Critical data loss risk
[2025-09-28 12:16:11] ALARM Node1 Node unreachable
[2025-09-28 12:16:15] WARN Node4 Disk I/O performance degraded
[2025-09-28 12:16:26] ALARM Node4 Network timeout
[2025-09-28 12:16:42] INFO Node2 Backup completed
[2025-09-28 12:16:49] INFO Node3 Connection established
[2025-09-28 12:17:05] ALARM Node3 Critical data loss risk
[2025-09-28 12:17:08] ALARM Node4 Disk failed
[2025-09-28 12:17:14] INFO Node1 Storage service started
[2025-09-28 12:17:16] WARN Node1 Disk I/O performance degraded
[2025-09-28 12:17:36] ALARM Node2 Network latency critical
[2025-09-28 12:17:55] WARN Node1 Memory usage high
[2025-09-28 12:18:06] ALARM Node1 Critical data loss risk
[2025-09-28 12:18:07] ALARM Node3 Critical data loss risk
[2025-09-28 12:18:17] INFO Node4 Storage service started
[2025-09-28 12:18:32] INFO Node1 Backup completed
[2025-09-28 12:18:50] INFO Node1 Backup completed
[2025-09-28 12:19:10] ALARM Node2 Network latency critical
[2025-09-28 12:19:27] ALARM Node4 Disk failed
[2025-09-28 12:19:40] INFO Node1 Backup completed
[2025-09-28 12:19:43] WARN Node3 CPU usage high
[2025-09-28 12:20:01] WARN Node2 CPU usage high
[2025-09-28 12:20:11] WARN Node3 Disk I/O performance degraded
[2025-09-28 12:20:23] WARN Node3 Disk I/O performance degraded
[2025-09-28 12:20:26] INFO Node1 Heartbeat OK
[2025-09-28 12:20:42] INFO Node1 Backup completed
[2025-09-28 12:20:43] WARN Node3 High latency detected
[2025-09-28 12:21:01] INFO Node4 Backup completed
[2025-09-28 12:21:14] ALARM Node3 Network timeout
[2025-09-28 12:21:24] INFO Node2 Storage service started
[2025-09-28 12:21:29] INFO Node4 Replication successful
[2025-09-28 12:21:43] ALARM Node4 Disk failed
[2025-09-28 12:21:53] INFO Node3 Storage service started
[2025-09-28 12:21:56] ALARM Node1 Critical data loss risk
[2025-09-28 12:22:11] INFO Node3 Storage service started
[2025-09-28 12:22:16] WARN Node2 CPU usage high
[2025-09-28 12:22:34] INFO Node4 Replication successful
[2025-09-28 12:22:43] INFO Node1 Connection established
[2025-09-28 12:23:03] INFO Node3 Backup completed
[2025-09-28 12:23:08] ALARM Node3 Network timeout
[2025-09-28 12:23:24] WARN Node2 CPU usage high
[2025-09-28 12:23:33] INFO Node1 Storage service started
[2025-09-28 12:23:40] INFO Node1 Backup completed
[2025-09-28 12:23:58] INFO Node4 Storage service started
[2025-09-28 12:24:17] WARN Node4 Network jitter observed
[2025-09-28 12:24:36] INFO Node4 Backup completed
[2025-09-28 12:24:41] INFO Node4 Replication successful
[2025-09-28 12:25:00] INFO Node1 Connection established
[2025-09-28 12:25:17] ALARM Node3 Network latency critical
[2025-09-28 12:25:19] ALARM Node1 Node unreachable
[2025-09-28 12:25:34] WARN Node3 Network jitter observed
[2025-09-28 12:25:49] ALARM Node1 Network latency critical
[2025-09-28 12:26:02] WARN Node4 Network jitter observed
[2025-09-28 12:26:10] ALARM Node2 Network latency critical
[2025-09-28 12:26:15] WARN Node2 Memory usage high
[2025-09-28 12:26:34] INFO Node4 Backup completed
[2025-09-28 12:26:36] INFO Node2 Replication successful
[2025-09-28 12:26:51] ALARM Node4 Node unreachable
[2025-09-28 12:27:10] ALARM Node1 Disk failed
[2025-09-28 12:27:22] WARN Node2 High latency detected
[2025-09-28 12:27:24] WARN Node3 Network jitter observed
[2025-09-28 12:27:42] INFO Node1 Replication successful
[2025-09-28 12:27:55] WARN Node3 CPU usage high
[2025-09-28 12:28:13] WARN Node1 High latency detected
[2025-09-28 12:28:16] WARN Node1 Disk I/O performance degraded
[2025-09-28 12:28:23] ALARM Node1 Critical data loss risk
[2025-09-28 12:28:40] INFO Node2 Connection established
[2025-09-28 12:28:49] INFO Node1 Connection established
[2025-09-28 12:28:50] INFO Node3 Heartbeat OK
[2025-09-28 12:29:09] WARN Node4 Memory usage high
[2025-09-28 12:29:10] WARN Node1 High latency detected
[2025-09-28 12:29:16] WARN Node1 High latency detected
[2025-09-28 12:29:19] WARN Node1 Network jitter observed
[2025-09-28 12:29:39] INFO Node4 Heartbeat OK
[2025-09-28 12:29:40] WARN Node3 Memory usage high
[2025-09-28 12:29:49] ALARM Node1 Disk failed
[2025-09-28 12:29:58] WARN Node2 High latency detected
[2025-09-28 12:30:18] WARN Node1 Disk I/O performance degraded
[2025-09-28 12:30:21] ALARM Node4 Disk failed
[2025-09-28 12:30:28] INFO Node3 Backup completed
[2025-09-28 12:30:29] ALARM Node2 Disk failed
[2025-09-28 12:30:30] WARN Node3 Network jitter observed
[2025-09-28 12:30:47] INFO Node1 Storage service started
[2025-09-28 12:30:59] WARN Node2 Network jitter observed
[2025-09-28 12:31:04] INFO Node3 Storage service started
[2025-09-28 12:31:23] INFO Node4 Connection established
[2025-09-28 12:31:36] WARN Node1 High latency detected
[2025-09-28 12:31:55] ALARM Node2 Disk failed
[2025-09-28 12:31:57] ALARM Node4 Critical data loss risk
[2025-09-28 12:32:13] INFO Node1 Connection established
[2025-09-28 12:32:14] ALARM Node3 Disk failed
[2025-09-28 12:32:18] ALARM Node4 Critical data loss risk
[2025-09-28 12:32:31] ALARM Node3 Network latency critical
[2025-09-28 12:32:37] ALARM Node1 Network timeout
[2025-09-28 12:32:44] INFO Node4 Connection established
[2025-09-28 12:32:57] ALARM Node1 Network timeout
[2025-09-28 12:33:09] INFO Node3 Backup completed
[2025-09-28 12:33:11] WARN Node1 Disk I/O performance degraded
[2025-09-28 12:33:26] INFO Node1 Heartbeat OK
[2025-09-28 12:33:30] ALARM Node1 Network timeout
[2025-09-28 12:33:43] WARN Node2 Disk I/O performance degraded
[2025-09-28 12:33:51] INFO Node1 Backup completed
[2025-09-28 12:33:58] WARN Node4 High latency detected
[2025-09-28 12:34:09] WARN Node2 Network jitter observed
[2025-09-28 12:34:19] WARN Node2 Network jitter observed
[2025-09-28 12:34:31] INFO Node2 Storage service started
[2025-09-28 12:34:36] WARN Node3 Network jitter observed
[2025-09-28 12:34:47] ALARM Node4 Critical data loss risk
[2025-09-28 12:35:02] INFO Node1 Heartbeat OK
[2025-09-28 12:35:14] ALARM Node4 Critical data loss risk
[2025-09-28 12:35:27] INFO Node3 Replication successful
[2025-09-28 12:35:37] ALARM Node3 Node unreachable
[2025-09-28 12:35:42] ALARM Node2 Node unreachable
[2025-09-28 12:35:45] ALARM Node3 Node unreachable
[2025-09-28 12:35:51] INFO Node2 Storage service started
[2025-09-28 12:35:52] WARN Node4 High latency detected
[2025-09-28 12:36:11] WARN Node1 Disk I/O performance degraded
[2025-09-28 12:36:13] WARN Node2 High latency detected
[2025-09-28 12:36:24] INFO Node2 Replication successful
[2025-09-28 12:36:26] WARN Node4 Network jitter observed
[2025-09-28 12:36:33] ALARM Node2 Network timeout
[2025-09-28 12:36:36] INFO Node3 Connection established
[2025-09-28 12:36:37] WARN Node3 CPU usage high
[2025-09-28 12:36:38] INFO Node3 Storage service started
[2025-09-28 12:36:40] WARN Node2 Disk I/O performance degraded
[2025-09-28 12:36:59] WARN Node3 High latency detected
[2025-09-28 12:37:17] INFO Node1 Connection established
[2025-09-28 12:37:18] INFO Node1 Replication successful
[2025-09-28 12:37:28] ALARM Node3 Critical data loss risk
[2025-09-28 12:37:32] ALARM Node2 Disk failed
[2025-09-28 12:37:33] INFO Node1 Storage service started
[2025-09-28 12:37:51] INFO Node3 Backup completed
[2025-09-28 12:37:56] WARN Node4 CPU usage high
[2025-09-28 12:38:12] ALARM Node2 Disk failed
[2025-09-28 12:38:14] ALARM Node2 Network latency critical
[2025-09-28 12:38:26] WARN Node3 Memory usage high
[2025-09-28 12:38:41] WARN Node2 Network jitter observed
[2025-09-28 12:38:54] INFO Node2 Heartbeat OK
[2025-09-28 12:38:57] INFO Node4 Storage service started
[2025-09-28 12:39:06] INFO Node3 Heartbeat OK
[2025-09-28 12:39:14] ALARM Node2 Network timeout
[2025-09-28 12:39:24] INFO Node4 Heartbeat OK
[2025-09-28 12:39:27] ALARM Node4 Critical data loss risk
[2025-09-28 12:39:42] INFO Node3 Replication successful
[2025-09-28 12:39:58] ALARM Node2 Node unreachable
[2025-09-28 12:40:11] INFO Node2 Backup completed
[2025-09-28 12:40:14] INFO Node2 Heartbeat OK
[2025-09-28 12:40:20] ALARM Node4 Network timeout
[2025-09-28 12:40:40] INFO Node1 Replication successful
[2025-09-28 12:40:59] WARN Node1 Disk I/O performance degraded
[2025-09-28 12:41:13] INFO Node4 Heartbeat OK
[2025-09-28 12:41:16] ALARM Node2 Network latency critical
[2025-09-28 12:41:35] ALARM Node1 Critical data loss risk
[2025-09-28 12:41:47] ALARM Node3 Node unreachable
[2025-09-28 12:41:52] INFO Node2 Storage service started
[2025-09-28 12:42:11] INFO Node4 Replication successful
[2025-09-28 12:42:17] ALARM Node4 Critical data loss risk
[2025-09-28 12:42:21] INFO Node2 Backup completed
[2025-09-28 12:42:28] ALARM Node4 Disk failed
[2025-09-28 12:42:48] WARN Node1 High latency detected
[2025-09-28 12:43:08] INFO Node4 Heartbeat OK
[2025-09-28 12:43:18] WARN Node1 High latency detected
[2025-09-28 12:43:28] INFO Node3 Heartbeat OK
[2025-09-28 12:43:32] INFO Node2 Replication successful
[2025-09-28 12:43:33] WARN Node2 Memory usage high
[2025-09-28 12:43:51] ALARM Node3 Network latency critical
[2025-09-28 12:44:06] ALARM Node2 Network timeout
[2025-09-28 12:44:13] WARN Node1 Network jitter observed
[2025-09-28 12:44:22] WARN Node4 Disk I/O performance degraded
[2025-09-28 12:44:35] WARN Node2 Disk I/O performance degraded
[2025-09-28 12:44:46] WARN Node1 Disk I/O performance degraded
[2025-09-28 12:44:52] ALARM Node3 Critical data loss risk
[2025-09-28 12:44:58] WARN Node1 Network jitter observed
[2025-09-28 12:45:05] INFO Node3 Replication successful
[2025-09-28 12:45:23] WARN Node4 Memory usage high
[2025-09-28 12:45:39] INFO Node3 Storage service started
[2025-09-28 12:45:46] WARN Node3 CPU usage high
[2025-09-28 12:46:00] WARN Node2 CPU usage high
[2025-09-28 12:46:02] ALARM Node3 Network latency critical
[2025-09-28 12:46:22] WARN Node1 Memory usage high
[2025-09-28 12:46:26] INFO Node2 Backup completed
[2025-09-28 12:46:32] INFO Node3 Heartbeat OK
[2025-09-28 12:46:39] ALARM Node3 Disk failed
[2025-09-28 12:46:51] ALARM Node3 Network timeout
[2025-09-28 12:47:00] WARN Node1 Memory usage high
[2025-09-28 12:47:04] WARN Node2 High latency detected
[2025-09-28 12:47:24] WARN Node1 CPU usage high
[2025-09-28 12:47:39] ALARM Node2 Disk failed
[2025-09-28 12:47:57] INFO Node4 Connection established
[2025-09-28 12:48:08] INFO Node2 Connection established
[2025-09-28 12:48:17] WARN Node4 Network jitter observed
[2025-09-28 12:48:23] ALARM Node3 Node unreachable
[2025-09-28 12:48:27] ALARM Node4 Network latency critical
[2025-09-28 12:48:31] INFO Node3 Connection established
[2025-09-28 12:48:41] WARN Node1 Memory usage high
[2025-09-28 12:48:49] INFO Node3 Heartbeat OK
[2025-09-28 12:49:01] ALARM Node3 Disk failed
[2025-09-28 12:49:13] WARN Node3 High latency detected
[2025-09-28 12:49:32] ALARM Node4 Network latency critical
[2025-09-28 12:49:52] ALARM Node4 Critical data loss risk
[2025-09-28 12:50:00] INFO Node3 Connection established
[2025-09-28 12:50:12] INFO Node2 Heartbeat OK
[2025-09-28 12:50:24] WARN Node1 Disk I/O performance degraded
[2025-09-28 12:50:33] ALARM Node3 Node unreachable
[2025-09-28 12:50:46] WARN Node4 Disk I/O performance degraded
[2025-09-28 12:51:05] WARN Node3 Network jitter observed
[2025-09-28 12:51:18] ALARM Node4 Network timeout
[2025-09-28 12:51:29] ALARM Node4 Critical data loss risk
[2025-09-28 12:51:35] ALARM Node3 Disk failed
[2025-09-28 12:51:50] ALARM Node3 Node unreachable
[2025-09-28 12:51:54] ALARM Node3 Disk failed
[2025-09-28 12:51:56] WARN Node4 Memory usage high
[2025-09-28 12:52:15] ALARM Node3 Disk failed
[2025-09-28 12:52:30] INFO Node2 Backup completed
[2025-09-28 12:52:36] ALARM Node1 Disk failed
[2025-09-28 12:52:55] INFO Node3 Replication successful
[2025-09-28 12:53:11] ALARM Node3 Network latency critical
[2025-09-28 12:53:24] INFO Node4 Storage service started
[2025-09-28 12:53:42] ALARM Node4 Disk failed
[2025-09-28 12:54:01] ALARM Node1 Network latency critical
[2025-09-28 12:54:09] ALARM Node3 Network latency critical
[2025-09-28 12:54:26] WARN Node1 High latency detected
[2025-09-28 12:54:46] ALARM Node3 Node unreachable
[2025-09-28 12:55:02] INFO Node1 Storage service started
[2025-09-28 12:55:20] INFO Node2 Storage service started
[2025-09-28 12:55:38] ALARM Node2 Node unreachable
[2025-09-28 12:55:57] ALARM Node4 Disk failed
[2025-09-28 12:56:02] WARN Node1 Memory usage high
[2025-09-28 12:56:13] WARN Node1 CPU usage high
[2025-09-28 12:56:30] WARN Node3 Memory usage high
[2025-09-28 12:56:38] INFO Node1 Heartbeat OK
[2025-09-28 12:56:51] WARN Node4 High latency detected
[2025-09-28 12:57:05] INFO Node1 Replication successful
[2025-09-28 12:57:07] ALARM Node4 Network latency critical
[2025-09-28 12:57:25] INFO Node3 Backup completed
[2025-09-28 12:57:26] WARN Node2 High latency detected
[2025-09-28 12:57:30] INFO Node2 Backup completed
[2025-09-28 12:57:40] ALARM Node2 Network latency critical
[2025-09-28 12:57:58] ALARM Node4 Network timeout
[2025-09-28 12:58:03] WARN Node4 Memory usage high
[2025-09-28 12:58:09] WARN Node4 Disk I/O performance degraded
[2025-09-28 12:58:12] ALARM Node4 Critical data loss risk
[2025-09-28 12:58:14] ALARM Node1 Network timeout
[2025-09-28 12:58:21] ALARM Node1 Disk failed
[2025-09-28 12:58:32] WARN Node3 CPU usage high
[2025-09-28 12:58:42] WARN Node2 CPU usage high
[2025-09-28 12:58:46] WARN Node2 CPU usage high
[2025-09-28 12:58:57] INFO Node2 Heartbeat OK
[2025-09-28 12:59:09] INFO Node3 Backup completed
[2025-09-28 12:59:28] WARN Node2 CPU usage high
[2025-09-28 12:59:44] ALARM Node1 Network timeout
[2025-09-28 13:00:00] ALARM Node1 Critical data loss risk
[2025-09-28 13:00:09] INFO Node2 Heartbeat OK
[2025-09-28 13:00:17] INFO Node1 Replication successful
[2025-09-28 13:00:36] INFO Node3 Heartbeat OK
[2025-09-28 13:00:53] INFO Node4 Storage service started
[2025-09-28 13:01:04] INFO Node1 Storage service started
[2025-09-28 13:01:17] ALARM Node2 Critical data loss risk
[2025-09-28 13:01:34] INFO Node4 Connection established
[2025-09-28 13:01:37] WARN Node2 Memory usage high
[2025-09-28 13:01:40] WARN Node3 Memory usage high
[2025-09-28 13:01:57] WARN Node2 CPU usage high
[2025-09-28 13:01:59] WARN Node2 High latency detected
[2025-09-28 13:02:09] WARN Node4 CPU usage high
[2025-09-28 13:02:11] INFO Node1 Heartbeat OK
[2025-09-28 13:02:15] INFO Node2 Storage service started
[2025-09-28 13:02:24] INFO Node4 Replication successful
[2025-09-28 13:02:41] INFO Node1 Storage service started
[2025-09-28 13:02:45] ALARM Node1 Network latency critical
[2025-09-28 13:02:53] INFO Node1 Connection established
[2025-09-28 13:03:03] INFO Node3 Heartbeat OK
[2025-09-28 13:03:21] ALARM Node3 Network timeout
[2025-09-28 13:03:38] INFO Node4 Connection established
[2025-09-28 13:03:44] WARN Node2 CPU usage high
[2025-09-28 13:03:50] ALARM Node3 Network timeout
[2025-09-28 13:04:04] INFO Node1 Heartbeat OK
[2025-09-28 13:04:07] ALARM Node2 Network latency critical
[2025-09-28 13:04:12] WARN Node4 Network jitter observed
[2025-09-28 13:04:28] ALARM Node4 Critical data loss risk
[2025-09-28 13:04:33] ALARM Node2 Node unreachable
[2025-09-28 13:04:38] ALARM Node1 Network latency critical
[2025-09-28 13:04:40] WARN Node3 CPU usage high
[2025-09-28 13:04:56] ALARM Node3 Node unreachable
[2025-09-28 13:04:57] WARN Node1 Memory usage high
[2025-09-28 13:05:16] ALARM Node4 Network latency critical
[2025-09-28 13:05:25] ALARM Node2 Network timeout
[2025-09-28 13:05:28] ALARM Node3 Network timeout
[2025-09-28 13:05:36] ALARM Node1 Node unreachable
[2025-09-28 13:05:37] INFO Node4 Heartbeat OK
[2025-09-28 13:05:45] ALARM Node3 Critical data loss risk
[2025-09-28 13:06:01] INFO Node1 Storage service started
[2025-09-28 13:06:04] INFO Node1 Heartbeat OK
[2025-09-28 13:06:23] INFO Node1 Replication successful
[2025-09-28 13:06:43] WARN Node3 High latency detected
[2025-09-28 13:06:53] ALARM Node1 Network timeout
[2025-09-28 13:06:56] INFO Node3 Heartbeat OK
[2025-09-28 13:07:03] ALARM Node3 Network latency critical
[2025-09-28 13:07:08] WARN Node2 High latency detected
[2025-09-28 13:07:20] WARN Node3 Disk I/O performance degraded
[2025-09-28 13:07:26] WARN Node3 Network jitter observed
[2025-09-28 13:07:40] INFO Node1 Connection established
[2025-09-28 13:07:46] INFO Node3 Replication successful
[2025-09-28 13:07:54] ALARM Node4 Disk failed
[2025-09-28 13:08:09] ALARM Node4 Network latency critical
[2025-09-28 13:08:28] ALARM Node3 Network timeout
[2025-09-28 13:08:31] INFO Node3 Backup completed
[2025-09-28 13:08:44] ALARM Node3 Network latency critical
[2025-09-28 13:08:56] ALARM Node1 Node unreachable
[2025-09-28 13:09:02] ALARM Node4 Network latency critical
[2025-09-28 13:09:15] INFO Node1 Connection established
[2025-09-28 13:09:35] ALARM Node4 Network timeout
[2025-09-28 13:09:44] ALARM Node2 Disk failed
[2025-09-28 13:09:54] WARN Node3 CPU usage high
[2025-09-28 13:10:13] WARN Node4 Memory usage high
[2025-09-28 13:10:19] INFO Node4 Backup completed
[2025-09-28 13:10:33] ALARM Node1 Network timeout
[2025-09-28 13:10:42] INFO Node3 Heartbeat OK
[2025-09-28 13:10:45] WARN Node4 CPU usage high
[2025-09-28 13:10:56] ALARM Node4 Critical data loss risk
[2025-09-28 13:11:15] INFO Node3 Heartbeat OK
[2025-09-28 13:11:28] ALARM Node3 Disk failed
[2025-09-28 13:11:29] INFO Node2 Heartbeat OK
[2025-09-28 13:11:44] INFO Node1 Heartbeat OK
[2025-09-28 13:11:57] ALARM Node4 Network latency critical
[2025-09-28 13:12:16] INFO Node2 Heartbeat OK
[2025-09-28 13:12:20] ALARM Node1 Node unreachable
[2025-09-28 13:12:27] WARN Node4 High latency detected
[2025-09-28 13:12:32] INFO Node4 Connection established
[2025-09-28 13:12:34] ALARM Node1 Critical data loss risk
[2025-09-28 13:12:46] WARN Node1 CPU usage high
[2025-09-28 13:12:56] INFO Node4 Backup completed
[2025-09-28 13:13:11] ALARM Node4 Disk failed
[2025-09-28 13:13:30] INFO Node4 Connection established
[2025-09-28 13:13:35] ALARM Node2 Network timeout
[2025-09-28 13:13:43] WARN Node4 Network jitter observed
[2025-09-28 13:14:01] ALARM Node2 Node unreachable
[2025-09-28 13:14:20] WARN Node4 Network jitter observed
[2025-09-28 13:14:33] INFO Node3 Storage service started
[2025-09-28 13:14:42] ALARM Node3 Network latency critical
[2025-09-28 13:14:47] ALARM Node3 Disk failed
[2025-09-28 13:15:07] ALARM Node1 Disk failed
[2025-09-28 13:15:19] INFO Node4 Connection established
[2025-09-28 13:15:32] WARN Node2 Memory usage high
[2025-09-28 13:15:50] INFO Node3 Heartbeat OK
[2025-09-28 13:15:58] ALARM Node1 Disk failed
[2025-09-28 13:16:01] ALARM Node3 Network timeout
[2025-09-28 13:16:04] INFO Node4 Replication successful
[2025-09-28 13:16:05] WARN Node4 CPU usage high
[2025-09-28 13:16:24] ALARM Node1 Node unreachable
[2025-09-28 13:16:30] ALARM Node3 Network latency critical
[2025-09-28 13:16:38] ALARM Node2 Network latency critical
[2025-09-28 13:16:42] ALARM Node4 Node unreachable
[2025-09-28 13:16:44] INFO Node2 Replication successful
[2025-09-28 13:16:49] INFO Node4 Heartbeat OK
[2025-09-28 13:16:51] WARN Node2 CPU usage high
[2025-09-28 13:17:09] WARN Node3 High latency detected
[2025-09-28 13:17:11] ALARM Node3 Network timeout
[2025-09-28 13:17:20] ALARM Node4 Network latency critical
[2025-09-28 13:17:23] WARN Node3 Memory usage high
[2025-09-28 13:17:34] ALARM Node3 Network timeout
[2025-09-28 13:17:50] WARN Node1 Network jitter observed
[2025-09-28 13:18:07] INFO Node1 Heartbeat OK
[2025-09-28 13:18:25] ALARM Node1 Node unreachable
[2025-09-28 13:18:45] ALARM Node2 Node unreachable
[2025-09-28 13:19:01] WARN Node3 Memory usage high
[2025-09-28 13:19:09] WARN Node4 High latency detected
[2025-09-28 13:19:29] WARN Node2 Memory usage high
[2025-09-28 13:19:34] INFO Node2 Backup completed
[2025-09-28 13:19:42] ALARM Node4 Node unreachable
[2025-09-28 13:19:58] INFO Node1 Heartbeat OK
[2025-09-28 13:20:11] ALARM Node2 Critical data loss risk
[2025-09-28 13:20:19] ALARM Node3 Critical data loss risk
[2025-09-28 13:20:31] ALARM Node2 Disk failed
[2025-09-28 13:20:39] ALARM Node3 Critical data loss risk
[2025-09-28 13:20:58] ALARM Node2 Network latency critical
[2025-09-28 13:21:07] WARN Node3 CPU usage high
[2025-09-28 13:21:11] ALARM Node4 Node unreachable
[2025-09-28 13:21:29] ALARM Node2 Network latency critical
[2025-09-28 13:21:41] ALARM Node3 Disk failed
[2025-09-28 13:21:59] INFO Node3 Replication successful
[2025-09-28 13:22:02] INFO Node2 Connection established
[2025-09-28 13:22:18] INFO Node3 Replication successful
[2025-09-28 13:22:21] ALARM Node2 Critical data loss risk
[2025-09-28 13:22:35] INFO Node1 Replication successful
[2025-09-28 13:22:48] INFO Node1 Replication successful
[2025-09-28 13:22:59] WARN Node3 Network jitter observed
[2025-09-28 13:23:10] WARN Node3 High latency detected
[2025-09-28 13:23:25] INFO Node4 Heartbeat OK
[2025-09-28 13:23:30] WARN Node2 High latency detected
[2025-09-28 13:23:39] ALARM Node1 Disk failed
[2025-09-28 13:23:47] INFO Node3 Heartbeat OK
[2025-09-28 13:24:01] ALARM Node3 Disk failed
[2025-09-28 13:24:10] ALARM Node1 Network latency critical
[2025-09-28 13:24:13] ALARM Node4 Network timeout
[2025-09-28 13:24:16] ALARM Node2 Network timeout
[2025-09-28 13:24:21] WARN Node4 High latency detected
[2025-09-28 13:24:24] WARN Node4 CPU usage high
[2025-09-28 13:24:35] INFO Node2 Replication successful
[2025-09-28 13:24:40] INFO Node3 Replication successful
[2025-09-28 13:24:54] WARN Node3 Memory usage high
[2025-09-28 13:25:09] ALARM Node1 Critical data loss risk
[2025-09-28 13:25:19] INFO Node2 Connection established
[2025-09-28 13:25:23] ALARM Node3 Network latency critical
[2025-09-28 13:25:39] INFO Node3 Backup completed
[2025-09-28 13:25:41] WARN Node3 Disk I/O performance degraded
[2025-09-28 13:25:46] WARN Node3 CPU usage high
[2025-09-28 13:25:49] INFO Node2 Connection established
[2025-09-28 13:26:05] ALARM Node3 Disk failed
[2025-09-28 13:26:20] ALARM Node4 Disk failed
[2025-09-28 13:26:35] INFO Node3 Heartbeat OK
[2025-09-28 13:26:41] WARN Node1 Disk I/O performance degraded
[2025-09-28 13:26:58] WARN Node2 Network jitter observed
[2025-09-28 13:27:07] ALARM Node2 Network latency critical
[2025-09-28 13:27:14] ALARM Node3 Network timeout
[2025-09-28 13:27:33] ALARM Node2 Critical data loss risk
[2025-09-28 13:27:51] WARN Node3 Disk I/O performance degraded
[2025-09-28 13:28:01] INFO Node1 Storage service started
[2025-09-28 13:28:18] INFO Node2 Backup completed
[2025-09-28 13:28:19] INFO Node4 Connection established
[2025-09-28 13:28:36] ALARM Node2 Network latency critical
[2025-09-28 13:28:44] ALARM Node1 Disk failed
[2025-09-28 13:29:02] WARN Node3 CPU usage high
[2025-09-28 13:29:19] WARN Node2 CPU usage high
[2025-09-28 13:29:39] INFO Node1 Storage service started
[2025-09-28 13:29:40] WARN Node2 Network jitter observed
[2025-09-28 13:29:41] WARN Node3 CPU usage high
[2025-09-28 13:29:56] ALARM Node2 Critical data loss risk
[2025-09-28 13:30:04] WARN Node4 Memory usage high
[2025-09-28 13:30:22] ALARM Node1 Node unreachable
[2025-09-28 13:30:38] WARN Node3 Disk I/O performance degraded
[2025-09-28 13:30:40] WARN Node1 CPU usage high
[2025-09-28 13:31:00] INFO Node4 Replication successful
[2025-09-28 13:31:20] INFO Node3 Replication successful
[2025-09-28 13:31:24] INFO Node2 Replication successful
[2025-09-28 13:31:40] INFO Node4 Replication successful
[2025-09-28 13:31:46] WARN Node3 High latency detected
[2025-09-28 13:32:06] ALARM Node1 Disk failed
[2025-09-28 13:32:23] ALARM Node1 Network timeout
[2025-09-28 13:32:40] WARN Node3 Memory usage high
[2025-09-28 13:32:54] ALARM Node4 Critical data loss risk
[2025-09-28 13:33:14] WARN Node3 High latency detected
[2025-09-28 13:33:27] INFO Node1 Heartbeat OK
[2025-09-28 13:33:28] ALARM Node1 Disk failed
[2025-09-28 13:33:33] ALARM Node2 Network timeout
[2025-09-28 13:33:46] ALARM Node1 Network timeout
[2025-09-28 13:34:04] WARN Node3 High latency detected
[2025-09-28 13:34:15] ALARM Node3 Critical data loss risk
[2025-09-28 13:34:31] INFO Node2 Heartbeat OK
[2025-09-28 13:34:42] WARN Node3 CPU usage high
[2025-09-28 13:34:50] WARN Node1 Network jitter observed
[2025-09-28 13:35:01] WARN Node2 High latency detected
[2025-09-28 13:35:15] WARN Node3 CPU usage high
[2025-09-28 13:35:16] INFO Node4 Storage service started
[2025-09-28 13:35:20] INFO Node4 Backup completed
[2025-09-28 13:35:28] ALARM Node4 Disk failed
[2025-09-28 13:35:48] INFO Node1 Connection established
[2025-09-28 13:36:01] INFO Node2 Backup completed
[2025-09-28 13:36:14] WARN Node1 Memory usage high
[2025-09-28 13:36:18] INFO Node2 Storage service started
[2025-09-28 13:36:22] INFO Node2 Storage service started
[2025-09-28 13:36:37] ALARM Node3 Disk failed
[2025-09-28 13:36:43] ALARM Node1 Node unreachable
[2025-09-28 13:36:57] INFO Node4 Storage service started
[2025-09-28 13:37:02] ALARM Node2 Network latency critical
[2025-09-28 13:37:07] INFO Node3 Backup completed
[2025-09-28 13:37:13] WARN Node3 CPU usage high
[2025-09-28 13:37:24] WARN Node2 Network jitter observed
[2025-09-28 13:37:41] INFO Node4 Heartbeat OK
[2025-09-28 13:38:00] ALARM Node3 Node unreachable
[2025-09-28 13:38:13] WARN Node2 CPU usage high
[2025-09-28 13:38:17] INFO Node4 Backup completed
[2025-09-28 13:38:22] ALARM Node2 Critical data loss risk
[2025-09-28 13:38:41] WARN Node1 Disk I/O performance degraded
[2025-09-28 13:38:50] ALARM Node1 Critical data loss risk
[2025-09-28 13:38:54] WARN Node1 High latency detected
[2025-09-28 13:39:07] ALARM Node4 Network latency critical
[2025-09-28 13:39:23] INFO Node2 Replication successful
[2025-09-28 13:39:29] WARN Node1 CPU usage high
[2025-09-28 13:39:35] ALARM Node3 Network timeout
[2025-09-28 13:39:45] WARN Node3 High latency detected
[2025-09-28 13:40:00] WARN Node3 Memory usage high
[2025-09-28 13:40:03] INFO Node4 Connection established
[2025-09-28 13:40:22] INFO Node1 Heartbeat OK
[2025-09-28 13:40:34] ALARM Node1 Critical data loss risk
[2025-09-28 13:40:54] ALARM Node1 Network latency critical
[2025-09-28 13:41:05] INFO Node3 Storage service started
[2025-09-28 13:41:12] WARN Node4 CPU usage high
[2025-09-28 13:41:28] ALARM Node4 Network latency critical
[2025-09-28 13:41:48] WARN Node3 CPU usage high
[2025-09-28 13:42:03] ALARM Node1 Node unreachable
[2025-09-28 13:42:18] INFO Node1 Heartbeat OK
[2025-09-28 13:42:28] INFO Node3 Replication successful
[2025-09-28 13:42:48] ALARM Node2 Critical data loss risk
[2025-09-28 13:43:06] ALARM Node3 Network timeout
[2025-09-28 13:43:23] WARN Node2 Memory usage high
[2025-09-28 13:43:39] INFO Node3 Heartbeat OK
[2025-09-28 13:43:54] INFO Node2 Replication successful
[2025-09-28 13:44:02] ALARM Node1 Disk failed
[2025-09-28 13:44:18] WARN Node4 Disk I/O performance degraded
[2025-09-28 13:44:20] INFO Node2 Storage service started
[2025-09-28 13:44:34] WARN Node3 Network jitter observed
[2025-09-28 13:44:42] INFO Node4 Replication successful
[2025-09-28 13:44:49] WARN Node3 Memory usage high
[2025-09-28 13:44:59] ALARM Node3 Node unreachable
[2025-09-28 13:45:05] INFO Node2 Heartbeat OK
[2025-09-28 13:45:08] WARN Node2 Network jitter observed
[2025-09-28 13:45:23] INFO Node4 Storage service started
[2025-09-28 13:45:42] INFO Node1 Heartbeat OK
[2025-09-28 13:46:00] WARN Node4 Disk I/O performance degraded
[2025-09-28 13:46:05] WARN Node2 Memory usage high
[2025-09-28 13:46:24] WARN Node4 High latency detected
[2025-09-28 13:46:30] INFO Node4 Heartbeat OK
[2025-09-28 13:46:35] WARN Node4 CPU usage high
[2025-09-28 13:46:42] ALARM Node2 Network timeout
[2025-09-28 13:46:48] WARN Node3 Disk I/O performance degraded
[2025-09-28 13:46:59] ALARM Node4 Disk failed
[2025-09-28 13:47:18] ALARM Node1 Node unreachable
[2025-09-28 13:47:27] INFO Node1 Backup completed
[2025-09-28 13:47:28] WARN Node1 Network jitter observed
[2025-09-28 13:47:43] WARN Node2 Network jitter observed
[2025-09-28 13:47:46] INFO Node4 Heartbeat OK
[2025-09-28 13:48:04] ALARM Node1 Disk failed
[2025-09-28 13:48:13] WARN Node3 CPU usage high
[2025-09-28 13:48:29] INFO Node1 Storage service started
[2025-09-28 13:48:32] INFO Node4 Backup completed
[2025-09-28 13:48:43] ALARM Node1 Disk failed
[2025-09-28 13:48:56] ALARM Node3 Node unreachable
[2025-09-28 13:49:08] WARN Node3 Network jitter observed
[2025-09-28 13:49:18] INFO Node3 Storage service started
[2025-09-28 13:49:25] INFO Node1 Connection established
[2025-09-28 13:49:42] INFO Node3 Storage service started
[2025-09-28 13:49:45] ALARM Node1 Critical data loss risk
[2025-09-28 13:49:56] ALARM Node4 Node unreachable
[2025-09-28 13:50:07] WARN Node4 CPU usage high
[2025-09-28 13:50:23] WARN Node1 Disk I/O performance degraded
[2025-09-28 13:50:35] ALARM Node3 Disk failed
[2025-09-28 13:50:43] ALARM Node3 Disk failed
[2025-09-28 13:50:46] WARN Node2 Memory usage high
[2025-09-28 13:51:01] ALARM Node4 Critical data loss risk
[2025-09-28 13:51:20] ALARM Node1 Disk failed
[2025-09-28 13:51:23] INFO Node4 Backup completed
[2025-09-28 13:51:36] WARN Node1 CPU usage high
[2025-09-28 13:51:41] ALARM Node1 Node unreachable
[2025-09-28 13:51:50] WARN Node3 Network jitter observed
[2025-09-28 13:51:51] WARN Node1 Network jitter observed
[2025-09-28 13:51:58] INFO Node3 Connection established
[2025-09-28 13:52:11] WARN Node3 Disk I/O performance degraded
[2025-09-28 13:52:16] WARN Node1 High latency detected
[2025-09-28 13:52:18] ALARM Node3 Node unreachable
[2025-09-28 13:52:29] ALARM Node1 Disk failed
[2025-09-28 13:52:47] ALARM Node2 Disk failed
[2025-09-28 13:52:48] WARN Node1 CPU usage high
[2025-09-28 13:52:57] WARN Node2 High latency detected
[2025-09-28 13:53:11] INFO Node3 Replication successful
[2025-09-28 13:53:30] WARN Node3 High latency detected
[2025-09-28 13:53:33] ALARM Node1 Critical data loss risk
[2025-09-28 13:53:39] INFO Node2 Heartbeat OK
[2025-09-28 13:53:40] WARN Node2 Disk I/O performance degraded
[2025-09-28 13:53:43] WARN Node4 Disk I/O performance degraded
[2025-09-28 13:53:57] ALARM Node2 Network timeout
[2025-09-28 13:54:15] INFO Node2 Storage service started
[2025-09-28 13:54:30] ALARM Node3 Critical data loss risk
[2025-09-28 13:54:49] WARN Node1 CPU usage high
[2025-09-28 13:55:08] ALARM Node4 Network latency critical
[2025-09-28 13:55:17] INFO Node3 Storage service started
[2025-09-28 13:55:29] ALARM Node1 Network latency critical
[2025-09-28 13:55:32] ALARM Node3 Node unreachable
[2025-09-28 13:55:37] INFO Node4 Backup completed
[2025-09-28 13:55:54] ALARM Node3 Disk failed
[2025-09-28 13:55:55] INFO Node1 Connection established
[2025-09-28 13:56:15] INFO Node3 Heartbeat OK
[2025-09-28 13:56:22] ALARM Node4 Disk failed
[2025-09-28 13:56:35] WARN Node4 High latency detected
[2025-09-28 13:56:55] INFO Node2 Connection established
[2025-09-28 13:57:07] INFO Node3 Connection established
[2025-09-28 13:57:17] ALARM Node2 Network timeout
[2025-09-28 13:57:35] WARN Node1 Network jitter observed
[2025-09-28 13:57:40] WARN Node4 Disk I/O performance degraded
[2025-09-28 13:57:49] WARN Node4 CPU usage high
[2025-09-28 13:57:51] INFO Node4 Replication successful
[2025-09-28 13:58:07] INFO Node2 Storage service started
[2025-09-28 13:58:24] INFO Node3 Connection established
[2025-09-28 13:58:26] WARN Node3 Network jitter observed
[2025-09-28 13:58:40] WARN Node3 CPU usage high
[2025-09-28 13:58:51] ALARM Node2 Network latency critical
[2025-09-28 13:58:56] INFO Node4 Connection established
[2025-09-28 13:58:57] INFO Node4 Heartbeat OK
[2025-09-28 13:59:02] INFO Node3 Heartbeat OK
[2025-09-28 13:59:07] INFO Node4 Backup completed
[2025-09-28 13:59:09] ALARM Node1 Critical data loss risk
[2025-09-28 13:59:20] INFO Node1 Connection established
[2025-09-28 13:59:27] INFO Node3 Heartbeat OK
[2025-09-28 13:59:35] INFO Node3 Connection established
[2025-09-28 13:59:42] ALARM Node4 Critical data loss risk
[2025-09-28 13:59:45] WARN Node4 Memory usage high
[2025-09-28 13:59:56] ALARM Node3 Node unreachable
[2025-09-28 14:00:03] WARN Node1 Disk I/O performance degraded
[2025-09-28 14:00:13] WARN Node1 Network jitter observed
[2025-09-28 14:00:29] ALARM Node2 Node unreachable
[2025-09-28 14:00:41] WARN Node4 Memory usage high
[2025-09-28 14:00:59] WARN Node2 CPU usage high
[2025-09-28 14:01:11] WARN Node1 Memory usage high
[2025-09-28 14:01:20] ALARM Node3 Node unreachable
[2025-09-28 14:01:35] WARN Node1 CPU usage high
[2025-09-28 14:01:54] WARN Node3 High latency detected
[2025-09-28 14:02:09] INFO Node1 Heartbeat OK
[2025-09-28 14:02:24] INFO Node2 Heartbeat OK
[2025-09-28 14:02:28] ALARM Node1 Critical data loss risk
[2025-09-28 14:02:36] ALARM Node2 Critical data loss risk
[2025-09-28 14:02:51] INFO Node4 Storage service started
[2025-09-28 14:02:52] INFO Node1 Storage service started
[2025-09-28 14:02:58] ALARM Node2 Disk failed
[2025-09-28 14:03:00] INFO Node3 Storage service started
[2025-09-28 14:03:14] WARN Node1 CPU usage high
[2025-09-28 14:03:29] ALARM Node3 Network timeout
[2025-09-28 14:03:45] ALARM Node2 Network latency critical
[2025-09-28 14:03:47] WARN Node4 High latency detected
[2025-09-28 14:04:03] WARN Node3 Memory usage high
[2025-09-28 14:04:15] ALARM Node1 Network timeout
[2025-09-28 14:04:26] WARN Node3 CPU usage high
[2025-09-28 14:04:28] INFO Node4 Backup completed
[2025-09-28 14:04:39] ALARM Node2 Network timeout
[2025-09-28 14:04:50] WARN Node1 Network jitter observed
[2025-09-28 14:04:58] INFO Node1 Connection established
[2025-09-28 14:05:14] WARN Node4 Memory usage high
[2025-09-28 14:05:21] WARN Node2 CPU usage high
[2025-09-28 14:05:34] ALARM Node2 Network latency critical
[2025-09-28 14:05:41] WARN Node4 Memory usage high
[2025-09-28 14:05:58] ALARM Node4 Network latency critical
[2025-09-28 14:06:07] WARN Node3 Memory usage high
[2025-09-28 14:06:20] WARN Node3 CPU usage high
[2025-09-28 14:06:28] WARN Node1 Network jitter observed
[2025-09-28 14:06:34] WARN Node4 Network jitter observed
[2025-09-28 14:06:39] WARN Node1 Disk I/O performance degraded
[2025-09-28 14:06:51] WARN Node4 CPU usage high
[2025-09-28 14:07:10] INFO Node2 Heartbeat OK
[2025-09-28 14:07:14] WARN Node3 Memory usage high
[2025-09-28 14:07:33] WARN Node1 High latency detected
[2025-09-28 14:07:51] ALARM Node4 Critical data loss risk
[2025-09-28 14:07:55] ALARM Node2 Disk failed
[2025-09-28 14:08:05] WARN Node1 CPU usage high
[2025-09-28 14:08:17] ALARM Node4 Critical data loss risk
[2025-09-28 14:08:35] INFO Node3 Heartbeat OK
[2025-09-28 14:08:41] ALARM Node2 Network timeout
[2025-09-28 14:08:54] WARN Node2 Network jitter observed
[2025-09-28 14:09:11] INFO Node4 Connection established
[2025-09-28 14:09:27] ALARM Node2 Critical data loss risk
[2025-09-28 14:09:37] INFO Node2 Backup completed
[2025-09-28 14:09:54] ALARM Node2 Network timeout
[2025-09-28 14:10:00] INFO Node3 Heartbeat OK
[2025-09-28 14:10:08] ALARM Node2 Network latency critical
[2025-09-28 14:10:20] WARN Node4 High latency detected
[2025-09-28 14:10:23] INFO Node1 Backup completed
[2025-09-28 14:10:26] ALARM Node2 Disk failed
[2025-09-28 14:10:45] WARN Node4 Network jitter observed
[2025-09-28 14:10:46] ALARM Node3 Node unreachable
[2025-09-28 14:10:55] ALARM Node4 Disk failed
[2025-09-28 14:11:09] INFO Node1 Heartbeat OK
[2025-09-28 14:11:16] WARN Node4 Disk I/O performance degraded
[2025-09-28 14:11:20] ALARM Node2 Critical data loss risk
[2025-09-28 14:11:25] INFO Node2 Connection established
[2025-09-28 14:11:44] WARN Node3 Memory usage high
[2025-09-28 14:11:46] WARN Node4 Memory usage high
[2025-09-28 14:12:02] ALARM Node3 Network latency critical
[2025-09-28 14:12:04] WARN Node1 Memory usage high
[2025-09-28 14:12:18] WARN Node3 Disk I/O performance degraded
[2025-09-28 14:12:31] INFO Node3 Replication successful
[2025-09-28 14:12:50] ALARM Node3 Node unreachable
[2025-09-28 14:13:03] INFO Node3 Storage service started
[2025-09-28 14:13:13] ALARM Node4 Node unreachable
[2025-09-28 14:13:29] INFO Node3 Heartbeat OK
[2025-09-28 14:13:44] ALARM Node2 Network latency critical
[2025-09-28 14:14:02] ALARM Node3 Disk failed
[2025-09-28 14:14:12] WARN Node4 Disk I/O performance degraded
[2025-09-28 14:14:18] INFO Node3 Backup completed
[2025-09-28 14:14:19] ALARM Node3 Network timeout
[2025-09-28 14:14:23] INFO Node3 Replication successful
[2025-09-28 14:14:25] WARN Node3 Memory usage high
[2025-09-28 14:14:39] INFO Node3 Replication successful
[2025-09-28 14:14:50] INFO Node2 Replication successful
[2025-09-28 14:15:04] WARN Node4 Network jitter observed
[2025-09-28 14:15:24] ALARM Node3 Node unreachable
[2025-09-28 14:15:30] ALARM Node1 Disk failed
[2025-09-28 14:15:46] INFO Node4 Backup completed
[2025-09-28 14:15:50] INFO Node2 Backup completed
[2025-09-28 14:16:05] WARN Node1 Memory usage high
[2025-09-28 14:16:15] INFO Node3 Connection established
[2025-09-28 14:16:23] WARN Node2 CPU usage high
[2025-09-28 14:16:27] ALARM Node3 Node unreachable
[2025-09-28 14:16:30] INFO Node2 Backup completed
[2025-09-28 14:16:37] ALARM Node2 Critical data loss risk
[2025-09-28 14:16:55] ALARM Node1 Network latency critical
[2025-09-28 14:17:06] INFO Node4 Replication successful
[2025-09-28 14:17:24] INFO Node3 Connection established
[2025-09-28 14:17:31] WARN Node4 High latency detected
[2025-09-28 14:17:33] WARN Node4 High latency detected
[2025-09-28 14:17:37] ALARM Node3 Network latency critical
[2025-09-28 14:17:48] ALARM Node3 Network timeout
[2025-09-28 14:17:52] INFO Node4 Backup completed
[2025-09-28 14:18:05] INFO Node1 Connection established
[2025-09-28 14:18:18] ALARM Node2 Network timeout
[2025-09-28 14:18:24] INFO Node3 Connection established
[2025-09-28 14:18:30] WARN Node1 High latency detected
[2025-09-28 14:18:32] WARN Node2 CPU usage high
[2025-09-28 14:18:46] ALARM Node2 Network timeout
[2025-09-28 14:18:55] WARN Node3 Disk I/O performance degraded
[2025-09-28 14:19:05] ALARM Node3 Disk failed
[2025-09-28 14:19:24] ALARM Node3 Network latency critical
[2025-09-28 14:19:38] WARN Node1 CPU usage high
[2025-09-28 14:19:49] WARN Node4 Memory usage high
[2025-09-28 14:20:00] ALARM Node1 Disk failed
[2025-09-28 14:20:02] INFO Node4 Backup completed
[2025-09-28 14:20:13] INFO Node2 Heartbeat OK
[2025-09-28 14:20:14] WARN Node3 Disk I/O performance degraded
[2025-09-28 14:20:26] INFO Node4 Storage service started
[2025-09-28 14:20:30] ALARM Node4 Network timeout
[2025-09-28 14:20:32] ALARM Node4 Disk failed
[2025-09-28 14:20:46] INFO Node2 Backup completed
[2025-09-28 14:20:58] INFO Node4 Storage service started
[2025-09-28 14:21:03] WARN Node4 Network jitter observed
[2025-09-28 14:21:19] ALARM Node3 Critical data loss risk
[2025-09-28 14:21:37] WARN Node4 High latency detected
[2025-09-28 14:21:57] INFO Node2 Connection established
[2025-09-28 14:22:11] INFO Node3 Heartbeat OK
[2025-09-28 14:22:26] INFO Node4 Replication successful
[2025-09-28 14:22:30] ALARM Node1 Node unreachable
[2025-09-28 14:22:50] INFO Node1 Replication successful
[2025-09-28 14:23:09] INFO Node2 Replication successful
[2025-09-28 14:23:26] ALARM Node2 Disk failed
[2025-09-28 14:23:39] WARN Node2 High latency detected
[2025-09-28 14:23:53] ALARM Node1 Disk failed
[2025-09-28 14:24:03] ALARM Node2 Network timeout
[2025-09-28 14:24:07] INFO Node1 Storage service started
[2025-09-28 14:24:26] WARN Node4 Disk I/O performance degraded
[2025-09-28 14:24:34] ALARM Node3 Node unreachable
[2025-09-28 14:24:44] ALARM Node4 Disk failed
[2025-09-28 14:24:59] INFO Node2 Backup completed
[2025-09-28 14:25:01] INFO Node2 Replication successful
[2025-09-28 14:25:09] ALARM Node2 Node unreachable
[2025-09-28 14:25:14] INFO Node4 Storage service started
[2025-09-28 14:25:29] ALARM Node2 Disk failed
[2025-09-28 14:25:36] INFO Node4 Replication successful
[2025-09-28 14:25:43] WARN Node3 Disk I/O performance degraded
[2025-09-28 14:25:52] ALARM Node4 Network latency critical
[2025-09-28 14:26:07] ALARM Node3 Critical data loss risk
[2025-09-28 14:26:13] ALARM Node2 Disk failed
[2025-09-28 14:26:33] INFO Node4 Backup completed
[2025-09-28 14:26:36] INFO Node3 Replication successful
[2025-09-28 14:26:51] INFO Node2 Heartbeat OK
[2025-09-28 14:27:01] ALARM Node3 Disk failed
[2025-09-28 14:27:12] INFO Node4 Connection established
[2025-09-28 14:27:24] ALARM Node4 Critical data loss risk
[2025-09-28 14:27:28] WARN Node4 Network jitter observed
[2025-09-28 14:27:39] INFO Node1 Connection established
[2025-09-28 14:27:47] INFO Node3 Replication successful
[2025-09-28 14:27:51] INFO Node3 Storage service started
[2025-09-28 14:27:56] ALARM Node4 Node unreachable
[2025-09-28 14:28:09] INFO Node1 Replication successful
[2025-09-28 14:28:25] ALARM Node1 Disk failed
[2025-09-28 14:28:44] INFO Node2 Storage service started
[2025-09-28 14:28:46] INFO Node1 Connection established
[2025-09-28 14:28:49] INFO Node4 Connection established
[2025-09-28 14:29:01] WARN Node1 High latency detected
[2025-09-28 14:29:18] WARN Node2 Memory usage high
[2025-09-28 14:29:25] WARN Node3 Network jitter observed
[2025-09-28 14:29:29] INFO Node3 Replication successful
[2025-09-28 14:29:41] WARN Node2 CPU usage high
[2025-09-28 14:29:47] INFO Node4 Heartbeat OK
[2025-09-28 14:29:54] WARN Node1 High latency detected
[2025-09-28 14:30:13] ALARM Node1 Network timeout
[2025-09-28 14:30:16] ALARM Node2 Node unreachable
[2025-09-28 14:30:35] INFO Node3 Heartbeat OK
[2025-09-28 14:30:53] ALARM Node3 Node unreachable
[2025-09-28 14:31:04] INFO Node2 Storage service started
[2025-09-28 14:31:24] INFO Node3 Connection established
[2025-09-28 14:31:43] WARN Node1 CPU usage high
[2025-09-28 14:31:58] ALARM Node4 Network timeout
[2025-09-28 14:32:09] INFO Node4 Backup completed
[2025-09-28 14:32:15] ALARM Node3 Disk failed
[2025-09-28 14:32:34] WARN Node1 CPU usage high
[2025-09-28 14:32:44] ALARM Node2 Node unreachable
[2025-09-28 14:33:03] INFO Node1 Heartbeat OK
[2025-09-28 14:33:18] INFO Node1 Replication successful
[2025-09-28 14:33:34] INFO Node1 Replication successful
[2025-09-28 14:33:47] WARN Node3 Network jitter observed
[2025-09-28 14:34:04] INFO Node2 Replication successful
[2025-09-28 14:34:13] ALARM Node3 Disk failed
[2025-09-28 14:34:29] ALARM Node3 Network latency critical
[2025-09-28 14:34:43] INFO Node4 Heartbeat OK
[2025-09-28 14:34:52] WARN Node1 CPU usage high
[2025-09-28 14:35:03] ALARM Node1 Disk failed
[2025-09-28 14:35:06] WARN Node2 Network jitter observed
[2025-09-28 14:35:21] ALARM Node3 Disk failed
[2025-09-28 14:35:34] INFO Node4 Heartbeat OK
[2025-09-28 14:35:35] WARN Node2 Memory usage high
[2025-09-28 14:35:41] WARN Node2 Memory usage high
[2025-09-28 14:35:51] WARN Node1 Network jitter observed
[2025-09-28 14:36:07] INFO Node3 Connection established
[2025-09-28 14:36:16] INFO Node2 Connection established
[2025-09-28 14:36:17] WARN Node2 Disk I/O performance degraded
[2025-09-28 14:36:18] INFO Node3 Replication successful
[2025-09-28 14:36:20] WARN Node2 Disk I/O performance degraded
[2025-09-28 14:36:27] INFO Node2 Backup completed
[2025-09-28 14:36:31] INFO Node2 Connection established
[2025-09-28 14:36:34] WARN Node3 High latency detected
[2025-09-28 14:36:42] WARN Node4 Disk I/O performance degraded
[2025-09-28 14:36:50] ALARM Node1 Network timeout
[2025-09-28 14:37:05] INFO Node4 Heartbeat OK
[2025-09-28 14:37:14] ALARM Node2 Network timeout
[2025-09-28 14:37:31] ALARM Node4 Critical data loss risk
[2025-09-28 14:37:45] ALARM Node2 Disk failed
[2025-09-28 14:37:56] INFO Node2 Connection established
[2025-09-28 14:38:14] ALARM Node3 Node unreachable
[2025-09-28 14:38:33] INFO Node3 Backup completed
[2025-09-28 14:38:36] WARN Node4 CPU usage high
[2025-09-28 14:38:49] INFO Node1 Storage service started
[2025-09-28 14:39:09] INFO Node4 Replication successful
[2025-09-28 14:39:16] WARN Node2 High latency detected
[2025-09-28 14:39:23] ALARM Node2 Network latency critical
[2025-09-28 14:39:27] INFO Node2 Heartbeat OK
[2025-09-28 14:39:29] INFO Node3 Storage service started
[2025-09-28 14:39:31] WARN Node2 Memory usage high
[2025-09-28 14:39:35] ALARM Node3 Node unreachable
[2025-09-28 14:39:55] ALARM Node1 Disk failed
[2025-09-28 14:40:07] WARN Node3 Memory usage high
[2025-09-28 14:40:20] INFO Node3 Storage service started
[2025-09-28 14:40:40] WARN Node3 Disk I/O performance degraded
[2025-09-28 14:40:57] WARN Node2 CPU usage high
[2025-09-28 14:41:13] INFO Node1 Heartbeat OK
[2025-09-28 14:41:14] INFO Node3 Replication successful
[2025-09-28 14:41:33] WARN Node2 Network jitter observed
[2025-09-28 14:41:38] INFO Node4 Replication successful
[2025-09-28 14:41:45] INFO Node1 Backup completed
[2025-09-28 14:42:00] ALARM Node3 Disk failed
[2025-09-28 14:42:18] ALARM Node4 Critical data loss risk
[2025-09-28 14:42:37] WARN Node2 Memory usage high
[2025-09-28 14:42:40] INFO Node4 Backup completed
[2025-09-28 14:42:59] WARN Node2 High latency detected
[2025-09-28 14:43:04] ALARM Node3 Node unreachable
[2025-09-28 14:43:17] ALARM Node2 Network latency critical
[2025-09-28 14:43:33] INFO Node1 Backup completed
[2025-09-28 14:43:50] WARN Node1 Network jitter observed
[2025-09-28 14:43:55] WARN Node3 Memory usage high
[2025-09-28 14:44:05] INFO Node4 Storage service started
[2025-09-28 14:44:07] WARN Node3 High latency detected
[2025-09-28 14:44:25] INFO Node4 Connection established
[2025-09-28 14:44:27] INFO Node4 Connection established
[2025-09-28 14:44:35] ALARM Node1 Network latency critical
[2025-09-28 14:44:42] ALARM Node4 Node unreachable
[2025-09-28 14:45:01] INFO Node3 Backup completed
[2025-09-28 14:45:10] INFO Node4 Storage service started
[2025-09-28 14:45:13] INFO Node1 Connection established
[2025-09-28 14:45:29] ALARM Node1 Disk failed
[2025-09-28 14:45:37] INFO Node3 Heartbeat OK
[2025-09-28 14:45:50] INFO Node3 Heartbeat OK
[2025-09-28 14:45:57] WARN Node3 Network jitter observed
[2025-09-28 14:46:00] WARN Node2 Disk I/O performance degraded
[2025-09-28 14:46:11] INFO Node2 Storage service started
[2025-09-28 14:46:26] WARN Node4 Memory usage high
[2025-09-28 14:46:31] INFO Node3 Heartbeat OK
[2025-09-28 14:46:51] INFO Node3 Heartbeat OK
[2025-09-28 14:46:53] WARN Node1 Network jitter observed
[2025-09-28 14:46:54] ALARM Node3 Network latency critical
[2025-09-28 14:47:13] INFO Node2 Heartbeat OK
[2025-09-28 14:47:22] INFO Node1 Heartbeat OK
[2025-09-28 14:47:25] INFO Node1 Storage service started
[2025-09-28 14:47:30] WARN Node1 Network jitter observed
[2025-09-28 14:47:46] ALARM Node4 Node unreachable
[2025-09-28 14:47:59] INFO Node2 Backup completed
[2025-09-28 14:48:19] INFO Node3 Backup completed
[2025-09-28 14:48:31] INFO Node2 Heartbeat OK
[2025-09-28 14:48:36] INFO Node1 Backup completed
[2025-09-28 14:48:51] ALARM Node3 Critical data loss risk
[2025-09-28 14:48:59] ALARM Node3 Critical data loss risk
[2025-09-28 14:49:01] INFO Node1 Heartbeat OK
[2025-09-28 14:49:09] ALARM Node1 Node unreachable
[2025-09-28 14:49:29] INFO Node4 Connection established
[2025-09-28 14:49:34] INFO Node3 Replication successful
[2025-09-28 14:49:52] WARN Node3 Memory usage high
[2025-09-28 14:50:06] ALARM Node4 Network latency critical
[2025-09-28 14:50:07] ALARM Node1 Disk failed
[2025-09-28 14:50:22] ALARM Node4 Network timeout
[2025-09-28 14:50:42] INFO Node3 Replication successful
[2025-09-28 14:50:50] WARN Node2 Memory usage high
[2025-09-28 14:51:09] INFO Node4 Replication successful
[2025-09-28 14:51:12] WARN Node3 High latency detected
[2025-09-28 14:51:21] ALARM Node4 Disk failed
[2025-09-28 14:51:23] INFO Node4 Storage service started
[2025-09-28 14:51:36] ALARM Node3 Network latency critical
[2025-09-28 14:51:50] WARN Node1 Memory usage high
[2025-09-28 14:51:54] ALARM Node4 Node unreachable
[2025-09-28 14:52:04] INFO Node2 Storage service started
[2025-09-28 14:52:17] ALARM Node2 Critical data loss risk
[2025-09-28 14:52:26] INFO Node4 Backup completed
[2025-09-28 14:52:29] ALARM Node4 Critical data loss risk
[2025-09-28 14:52:37] WARN Node2 CPU usage high
[2025-09-28 14:52:42] ALARM Node1 Node unreachable
[2025-09-28 14:52:47] INFO Node3 Replication successful
[2025-09-28 14:52:57] INFO Node1 Heartbeat OK
[2025-09-28 14:53:06] ALARM Node2 Node unreachable
[2025-09-28 14:53:21] ALARM Node4 Node unreachable
[2025-09-28 14:53:35] ALARM Node4 Node unreachable
[2025-09-28 14:53:39] WARN Node3 Disk I/O performance degraded
[2025-09-28 14:53:52] WARN Node3 Disk I/O performance degraded
[2025-09-28 14:54:12] WARN Node1 Disk I/O performance degraded
[2025-09-28 14:54:16] WARN Node4 Memory usage high
[2025-09-28 14:54:30] INFO Node3 Heartbeat OK
[2025-09-28 14:54:35] ALARM Node2 Disk failed
[2025-09-28 14:54:47] ALARM Node4 Disk failed
[2025-09-28 14:54:50] ALARM Node4 Disk failed
[2025-09-28 14:55:03] WARN Node2 Network jitter observed
[2025-09-28 14:55:10] WARN Node4 Disk I/O performance degraded
[2025-09-28 14:55:15] INFO Node4 Connection established
[2025-09-28 14:55:21] INFO Node1 Replication successful
[2025-09-28 14:55:32] WARN Node3 Network jitter observed
[2025-09-28 14:55:44] ALARM Node3 Network latency critical
[2025-09-28 14:55:54] INFO Node3 Replication successful
[2025-09-28 14:55:57] ALARM Node3 Network latency critical
[2025-09-28 14:56:15] WARN Node2 Disk I/O performance degraded
[2025-09-28 14:56:30] WARN Node3 Network jitter observed
[2025-09-28 14:56:39] ALARM Node3 Network timeout
[2025-09-28 14:56:57] WARN Node3 CPU usage high
[2025-09-28 14:57:15] WARN Node3 High latency detected
[2025-09-28 14:57:24] INFO Node4 Connection established
[2025-09-28 14:57:26] WARN Node1 High latency detected
[2025-09-28 14:57:32] INFO Node4 Backup completed
[2025-09-28 14:57:43] ALARM Node3 Node unreachable
[2025-09-28 14:57:59] INFO Node4 Backup completed
[2025-09-28 14:58:18] INFO Node3 Backup completed
[2025-09-28 14:58:38] ALARM Node2 Critical data loss risk
[2025-09-28 14:58:40] ALARM Node3 Critical data loss risk
[2025-09-28 14:58:58] INFO Node1 Storage service started
[2025-09-28 14:59:11] ALARM Node4 Node unreachable
[2025-09-28 14:59:27] ALARM Node3 Critical data loss risk
[2025-09-28 14:59:42] ALARM Node3 Network latency critical
[2025-09-28 14:59:53] INFO Node4 Heartbeat OK
[2025-09-28 15:00:13] ALARM Node2 Critical data loss risk
[2025-09-28 15:00:20] ALARM Node2 Network timeout
[2025-09-28 15:00:37] ALARM Node1 Network latency critical
[2025-09-28 15:00:47] ALARM Node3 Network latency critical
[2025-09-28 15:00:56] WARN Node3 High latency detected
[2025-09-28 15:01:09] WARN Node3 Network jitter observed
[2025-09-28 15:01:25] WARN Node3 High latency detected
[2025-09-28 15:01:39] INFO Node4 Backup completed
[2025-09-28 15:01:42] INFO Node1 Replication successful
[2025-09-28 15:01:56] ALARM Node2 Network latency critical
[2025-09-28 15:02:03] ALARM Node1 Critical data loss risk
[2025-09-28 15:02:14] WARN Node3 Memory usage high
[2025-09-28 15:02:21] INFO Node2 Backup completed
[2025-09-28 15:02:39] INFO Node4 Connection established
[2025-09-28 15:02:43] ALARM Node2 Disk failed
[2025-09-28 15:03:00] ALARM Node1 Network timeout
[2025-09-28 15:03:14] ALARM Node2 Node unreachable
[2025-09-28 15:03:17] WARN Node4 Disk I/O performance degraded
[2025-09-28 15:03:18] ALARM Node4 Critical data loss risk
[2025-09-28 15:03:27] INFO Node4 Connection established
[2025-09-28 15:03:29] WARN Node1 CPU usage high
[2025-09-28 15:03:45] WARN Node2 Disk I/O performance degraded
[2025-09-28 15:04:02] INFO Node1 Replication successful
[2025-09-28 15:04:12] INFO Node1 Storage service started
[2025-09-28 15:04:23] ALARM Node2 Critical data loss risk
[2025-09-28 15:04:34] ALARM Node2 Critical data loss risk
[2025-09-28 15:04:38] INFO Node2 Heartbeat OK
[2025-09-28 15:04:53] ALARM Node4 Disk failed
[2025-09-28 15:05:11] ALARM Node1 Network latency critical
[2025-09-28 15:05:18] INFO Node2 Storage service started
[2025-09-28 15:05:38] ALARM Node4 Node unreachable
[2025-09-28 15:05:53] ALARM Node1 Critical data loss risk
[2025-09-28 15:06:11] WARN Node1 Disk I/O performance degraded
[2025-09-28 15:06:13] INFO Node1 Connection established
[2025-09-28 15:06:14] INFO Node1 Replication successful
[2025-09-28 15:06:27] WARN Node1 Network jitter observed
[2025-09-28 15:06:29] ALARM Node3 Disk failed
[2025-09-28 15:06:30] WARN Node3 CPU usage high
[2025-09-28 15:06:48] WARN Node4 CPU usage high
[2025-09-28 15:07:05] INFO Node4 Storage service started
[2025-09-28 15:07:22] ALARM Node1 Disk failed
[2025-09-28 15:07:27] ALARM Node3 Critical data loss risk
[2025-09-28 15:07:43] ALARM Node4 Disk failed
[2025-09-28 15:07:45] WARN Node2 Network jitter observed
[2025-09-28 15:07:50] ALARM Node1 Network latency critical
[2025-09-28 15:08:02] ALARM Node2 Critical data loss risk
[2025-09-28 15:08:05] INFO Node1 Connection established
[2025-09-28 15:08:22] WARN Node4 High latency detected
[2025-09-28 15:08:26] INFO Node2 Heartbeat OK
[2025-09-28 15:08:33] ALARM Node3 Network timeout
[2025-09-28 15:08:38] ALARM Node2 Critical data loss risk
[2025-09-28 15:08:45] WARN Node1 High latency detected
[2025-09-28 15:09:01] ALARM Node3 Disk failed
[2025-09-28 15:09:17] INFO Node1 Heartbeat OK
[2025-09-28 15:09:22] ALARM Node4 Node unreachable
[2025-09-28 15:09:24] WARN Node4 CPU usage high
[2025-09-28 15:09:34] ALARM Node4 Node unreachable
[2025-09-28 15:09:42] ALARM Node1 Disk failed
[2025-09-28 15:09:56] ALARM Node2 Disk failed
[2025-09-28 15:10:13] ALARM Node4 Network latency critical
[2025-09-28 15:10:21] WARN Node3 Disk I/O performance degraded
[2025-09-28 15:10:35] INFO Node4 Storage service started
[2025-09-28 15:10:49] INFO Node1 Replication successful
[2025-09-28 15:11:02] ALARM Node2 Node unreachable
[2025-09-28 15:11:09] WARN Node4 CPU usage high
[2025-09-28 15:11:16] WARN Node4 Network jitter observed
[2025-09-28 15:11:31] WARN Node1 Disk I/O performance degraded
[2025-09-28 15:11:47] ALARM Node1 Network timeout
[2025-09-28 15:11:54] ALARM Node4 Node unreachable
[2025-09-28 15:12:00] ALARM Node1 Node unreachable
[2025-09-28 15:12:01] ALARM Node3 Network latency critical
[2025-09-28 15:12:12] ALARM Node1 Node unreachable
[2025-09-28 15:12:15] INFO Node3 Backup completed
[2025-09-28 15:12:16] WARN Node3 High latency detected
[2025-09-28 15:12:29] WARN Node1 High latency detected
[2025-09-28 15:12:32] ALARM Node2 Node unreachable
[2025-09-28 15:12:43] INFO Node3 Backup completed
[2025-09-28 15:13:02] INFO Node1 Backup completed
[2025-09-28 15:13:04] ALARM Node1 Disk failed
[2025-09-28 15:13:15] WARN Node4 Network jitter observed
[2025-09-28 15:13:21] WARN Node2 CPU usage high
[2025-09-28 15:13:31] WARN Node2 Memory usage high
[2025-09-28 15:13:44] INFO Node4 Heartbeat OK
[2025-09-28 15:14:02] ALARM Node1 Node unreachable
[2025-09-28 15:14:04] WARN Node1 CPU usage high
[2025-09-28 15:14:15] ALARM Node3 Disk failed
[2025-09-28 15:14:18] WARN Node4 Memory usage high
[2025-09-28 15:14:21] INFO Node2 Replication successful
[2025-09-28 15:14:36] INFO Node4 Heartbeat OK
[2025-09-28 15:14:40] WARN Node3 Memory usage high
[2025-09-28 15:14:48] ALARM Node3 Critical data loss risk
[2025-09-28 15:14:49] ALARM Node3 Node unreachable
[2025-09-28 15:15:06] INFO Node2 Replication successful
[2025-09-28 15:15:13] INFO Node2 Connection established
[2025-09-28 15:15:24] INFO Node3 Replication successful
[2025-09-28 15:15:27] INFO Node3 Heartbeat OK
[2025-09-28 15:15:45] ALARM Node4 Network latency critical
[2025-09-28 15:15:49] INFO Node3 Connection established
[2025-09-28 15:15:50] ALARM Node3 Node unreachable
[2025-09-28 15:16:08] ALARM Node3 Critical data loss risk
[2025-09-28 15:16:13] ALARM Node4 Network timeout
[2025-09-28 15:16:29] INFO Node4 Connection established
[2025-09-28 15:16:46] INFO Node1 Replication successful
[2025-09-28 15:17:01] ALARM Node3 Critical data loss risk
[2025-09-28 15:17:21] INFO Node1 Heartbeat OK
[2025-09-28 15:17:36] INFO Node2 Replication successful
[2025-09-28 15:17:38] INFO Node3 Storage service started
[2025-09-28 15:17:52] WARN Node3 Network jitter observed
[2025-09-28 15:18:03] INFO Node1 Backup completed
[2025-09-28 15:18:20] INFO Node1 Storage service started
[2025-09-28 15:18:23] INFO Node2 Storage service started
[2025-09-28 15:18:33] ALARM Node2 Node unreachable
[2025-09-28 15:18:47] WARN Node2 Disk I/O performance degraded
[2025-09-28 15:18:51] INFO Node4 Connection established
[2025-09-28 15:19:01] WARN Node2 High latency detected
[2025-09-28 15:19:12] WARN Node2 High latency detected
[2025-09-28 15:19:16] WARN Node4 Network jitter observed
[2025-09-28 15:19:17] WARN Node1 Disk I/O performance degraded
[2025-09-28 15:19:32] WARN Node1 Disk I/O performance degraded
[2025-09-28 15:19:42] INFO Node1 Storage service started
[2025-09-28 15:19:55] ALARM Node4 Node unreachable
[2025-09-28 15:19:58] WARN Node2 CPU usage high
[2025-09-28 15:19:59] INFO Node4 Replication successful
[2025-09-28 15:20:05] ALARM Node3 Node unreachable
[2025-09-28 15:20:24] WARN Node1 Memory usage high
[2025-09-28 15:20:39] WARN Node4 CPU usage high
[2025-09-28 15:20:52] WARN Node4 Memory usage high
[2025-09-28 15:21:10] INFO Node3 Storage service started
[2025-09-28 15:21:12] INFO Node2 Connection established
[2025-09-28 15:21:21] WARN Node2 CPU usage high
[2025-09-28 15:21:24] ALARM Node2 Network latency critical
[2025-09-28 15:21:42] ALARM Node3 Disk failed
[2025-09-28 15:21:43] INFO Node4 Storage service started
[2025-09-28 15:21:56] INFO Node4 Storage service started
[2025-09-28 15:22:08] INFO Node3 Backup completed
[2025-09-28 15:22:27] INFO Node4 Connection established
[2025-09-28 15:22:33] ALARM Node2 Disk failed
[2025-09-28 15:22:50] ALARM Node1 Critical data loss risk
[2025-09-28 15:23:02] ALARM Node2 Node unreachable
[2025-09-28 15:23:19] WARN Node3 CPU usage high
[2025-09-28 15:23:25] ALARM Node1 Critical data loss risk
[2025-09-28 15:23:41] WARN Node2 CPU usage high
[2025-09-28 15:23:46] WARN Node2 Memory usage high
[2025-09-28 15:23:47] INFO Node4 Connection established
[2025-09-28 15:23:55] INFO Node3 Heartbeat OK
[2025-09-28 15:24:11] ALARM Node1 Disk failed
[2025-09-28 15:24:16] ALARM Node4 Network timeout
[2025-09-28 15:24:34] WARN Node3 Memory usage high
[2025-09-28 15:24:48] ALARM Node2 Disk failed
[2025-09-28 15:25:04] WARN Node4 High latency detected
[2025-09-28 15:25:15] ALARM Node3 Network timeout
[2025-09-28 15:25:20] ALARM Node4 Node unreachable
[2025-09-28 15:25:29] INFO Node3 Heartbeat OK
[2025-09-28 15:25:42] WARN Node3 High latency detected
[2025-09-28 15:25:53] ALARM Node4 Network latency critical
